{
  "seed": 271828,
  "dataset": "geant",
  "loss": "asym",
  "T_eff": 2083,
  "num_links": 58,
  "models": {
    "LSTM": {
      "forecast": {
        "rmse_mean": 2317.414794921875,
        "mae_mean": 2253.629150390625,
        "mape_mean": 940.3762445778682,
        "smape_mean": 135.4037322998047
      },
      "operational": {
        "overload_rate": 0.3335954442365951,
        "sla_violation_rate": 0.3335954442365951,
        "over_provisioning_cost": 220027904.0,
        "asymmetric_op_cost": 715407104.0,
        "u_max_mean": 223656680620032.0,
        "u_max_max": 2641998397833216.0
      }
    },
    "LSTM_CQR": {
      "forecast": {
        "rmse_mean": null,
        "mae_mean": null,
        "mape_mean": null,
        "smape_mean": null
      },
      "operational": {
        "overload_rate": 0.006555531643683679,
        "sla_violation_rate": 0.006555531643683679,
        "over_provisioning_cost": 369874453.2008327,
        "asymmetric_op_cost": 370160933.4165014,
        "u_max_mean": 0.6327716136402716,
        "u_max_max": 2.423740427498412
      },
      "calibration": {
        "method": "cqr",
        "target_alpha": 0.1,
        "qhat_mean": 1346.6288943701777,
        "qhat_per_link": [
          1504.71875,
          384.837158203125,
          -1562.277587890625,
          917.56982421875,
          2123.63916015625,
          1399.85693359375,
          6926.755859375,
          1600.985107421875,
          6255.3212890625,
          -498.9676513671875,
          -261.1941833496094,
          974.2139892578125,
          1772.07421875,
          1027.4820556640625,
          2163.056884765625,
          -171.557373046875,
          542.6978149414062,
          44.516632080078125,
          1116.419189453125,
          -2710.38427734375,
          1898.8153076171875,
          -1250.6270751953125,
          369.0267333984375,
          4089.86474609375,
          536.0755615234375,
          102.04840087890625,
          932.6922607421875,
          3675.321533203125,
          69.1094970703125,
          -490.444091796875,
          10.523015975952148,
          569.3310546875,
          235.6173095703125,
          21.904701232910156,
          1555.386962890625,
          13126.609375,
          8764.478515625,
          176.46153259277344,
          8.907958984375,
          1033.442626953125,
          31.290771484375,
          0.6303754448890686,
          128.4956817626953,
          7720.22314453125,
          -437.5203552246094,
          136.18919372558594,
          5.874337673187256,
          1254.712158203125,
          57.530433654785156,
          0.26012200117111206,
          18.41316032409668,
          2327.192626953125,
          389.857177734375,
          -30.68792724609375,
          -2.519117593765259,
          25.188785552978516,
          303.74700927734375,
          7191.28857421875
        ],
        "coverage_overall": 0.9274504610392835,
        "mean_width": 3912.52001953125
      }
    },
    "LSTM_ACI": {
      "forecast": {
        "rmse_mean": null,
        "mae_mean": null,
        "mape_mean": null,
        "smape_mean": null
      },
      "operational": {
        "overload_rate": 0.0007118380320161571,
        "sla_violation_rate": 0.0007118380320161571,
        "over_provisioning_cost": 328617588.35984313,
        "asymmetric_op_cost": 328623984.13858974,
        "u_max_mean": 0.6300203909462413,
        "u_max_max": 1.9781327943013467
      },
      "calibration": {
        "method": "aci",
        "target_alpha": 0.1,
        "gamma": 0.005,
        "window": 500,
        "qhat_mean": 1025.939059960431,
        "alpha_final_mean": 0.13543160344827596,
        "coverage_overall": 0.8787474961511084,
        "mean_width": 3096.041259765625
      }
    }
  },
  "calibration": "both",
  "target_alpha": 0.1
}