{
  "seed": 1024,
  "dataset": "abilene",
  "loss": "asym",
  "T_eff": 9606,
  "num_links": 54,
  "models": {
    "LSTM": {
      "forecast": {
        "rmse_mean": 204.2557830810547,
        "mae_mean": 166.26046752929688,
        "mape_mean": 85.33367676205106,
        "smape_mean": 50.293792724609375
      },
      "operational": {
        "overload_rate": 0.04540564924699841,
        "sla_violation_rate": 0.04540564924699841,
        "over_provisioning_cost": 574036416.0,
        "asymmetric_op_cost": 684354176.0,
        "u_max_mean": 1.8838096857070923,
        "u_max_max": 7.2953200340271
      }
    }
  }
}