{
  "seed": 1024,
  "dataset": "abilene",
  "loss": "asym",
  "T_eff": 9606,
  "num_links": 54,
  "models": {
    "LSTM": {
      "forecast": {
        "rmse_mean": 109.2176284790039,
        "mae_mean": 70.61125946044922,
        "mape_mean": 38.39956076939901,
        "smape_mean": 29.652233123779297
      },
      "operational": {
        "overload_rate": 0.007572427726498099,
        "sla_violation_rate": 0.007572427726498099,
        "over_provisioning_cost": 870580608.0,
        "asymmetric_op_cost": 881047296.0,
        "u_max_mean": 1.22307288646698,
        "u_max_max": 3.467557907104492
      }
    }
  }
}