{
  "seed": 456,
  "dataset": "geant",
  "loss": "asym",
  "T_eff": 2083,
  "num_links": 58,
  "models": {
    "LSTM": {
      "forecast": {
        "rmse_mean": 2561.529296875,
        "mae_mean": 2508.745361328125,
        "mape_mean": 955.3667196076492,
        "smape_mean": 127.86653137207031
      },
      "operational": {
        "overload_rate": 0.199951992318771,
        "sla_violation_rate": 0.199951992318771,
        "over_provisioning_cost": 313189824.0,
        "asymmetric_op_cost": 573924288.0,
        "u_max_mean": 67667482378240.0,
        "u_max_max": 1689670735888384.0
      }
    },
    "LSTM_CQR": {
      "forecast": {
        "rmse_mean": null,
        "mae_mean": null,
        "mape_mean": null,
        "smape_mean": null
      },
      "operational": {
        "overload_rate": 0.0051235783932325725,
        "sla_violation_rate": 0.0051235783932325725,
        "over_provisioning_cost": 279866877.8696116,
        "asymmetric_op_cost": 280074071.35478103,
        "u_max_mean": 0.6617925179973222,
        "u_max_max": 2.3458976749376115
      },
      "calibration": {
        "method": "cqr",
        "target_alpha": 0.1,
        "qhat_mean": -248.25120939468516,
        "qhat_per_link": [
          244.33251953125,
          241.7266845703125,
          1830.954833984375,
          -517.6829833984375,
          -816.02734375,
          -206.322998046875,
          2633.882080078125,
          -1821.8760986328125,
          -1917.462890625,
          -1446.128662109375,
          1028.146240234375,
          266.92828369140625,
          1757.8243408203125,
          1564.2235107421875,
          1568.14794921875,
          -830.9447021484375,
          51.70281982421875,
          38.46160888671875,
          610.933837890625,
          600.3294677734375,
          2730.765380859375,
          557.4140625,
          348.16796875,
          -2734.927978515625,
          -24.036651611328125,
          12.42047119140625,
          572.901611328125,
          -2759.266357421875,
          -3380.94921875,
          -1034.040771484375,
          -0.9103431701660156,
          -583.9774169921875,
          61.4202880859375,
          0.04603457450866699,
          1158.2755126953125,
          -3303.903564453125,
          -3167.32421875,
          -3.1707000732421875,
          6.160996437072754,
          -364.6851806640625,
          -175.43280029296875,
          -0.2266772985458374,
          -12.102951049804688,
          -7087.2783203125,
          480.8585510253906,
          -21.91253662109375,
          5.010942459106445,
          334.377685546875,
          17.88481903076172,
          -0.37661993503570557,
          -24.892627716064453,
          525.706787109375,
          -243.65408325195312,
          26.510406494140625,
          3.365128517150879,
          21.81122589111328,
          -333.87872314453125,
          -885.8687744140625
        ],
        "coverage_overall": 0.9408677802241462,
        "mean_width": 2824.78076171875
      }
    },
    "LSTM_ACI": {
      "forecast": {
        "rmse_mean": null,
        "mae_mean": null,
        "mape_mean": null,
        "smape_mean": null
      },
      "operational": {
        "overload_rate": 0.0007118380320161571,
        "sla_violation_rate": 0.0007118380320161571,
        "over_provisioning_cost": 255100744.48592365,
        "asymmetric_op_cost": 255107470.03427684,
        "u_max_mean": 0.6474388098901699,
        "u_max_max": 2.2019871708983723
      },
      "calibration": {
        "method": "aci",
        "target_alpha": 0.1,
        "gamma": 0.005,
        "window": 500,
        "qhat_mean": -521.9399256202681,
        "alpha_final_mean": 0.131586551724138,
        "coverage_overall": 0.8786481699140828,
        "mean_width": 2223.451171875
      }
    }
  },
  "calibration": "both",
  "target_alpha": 0.1
}