{
  "seed": 2,
  "dataset": "cesnet",
  "loss": "asym_l1",
  "T_eff": 7624,
  "num_links": 20,
  "models": {
    "LSTM": {
      "forecast": {
        "rmse_mean": 33.14426803588867,
        "mae_mean": 23.869443893432617,
        "mape_mean": 126.60115699768066,
        "smape_mean": 60.48041534423828
      },
      "operational": {
        "overload_rate": 0.12968913955928646,
        "sla_violation_rate": 0.12968913955928646,
        "over_provisioning_cost": 6063033.0,
        "asymmetric_op_cost": 6603626.5,
        "u_max_mean": 9.735854148864746,
        "u_max_max": 26.246517181396484
      }
    }
  }
}