{
  "seed": 7,
  "dataset": "abilene",
  "loss": "asym",
  "T_eff": 9606,
  "num_links": 54,
  "models": {
    "DLinear": {
      "forecast": {
        "rmse_mean": 46.08830261230469,
        "mae_mean": 21.58827781677246,
        "mape_mean": 10.67475989571324,
        "smape_mean": 9.95549201965332
      },
      "operational": {
        "overload_rate": 3.662834185424233e-05,
        "sla_violation_rate": 3.662834185424233e-05,
        "over_provisioning_cost": 1041408768.0,
        "asymmetric_op_cost": 1041409088.0,
        "u_max_mean": 0.9568225145339966,
        "u_max_max": 1.0884679555892944
      }
    },
    "iTransformer": {
      "forecast": {
        "rmse_mean": 49.23975372314453,
        "mae_mean": 19.20650291442871,
        "mape_mean": 9.601044557712695,
        "smape_mean": 9.218358039855957
      },
      "operational": {
        "overload_rate": 3.084491945620407e-05,
        "sla_violation_rate": 3.084491945620407e-05,
        "over_provisioning_cost": 1092895104.0,
        "asymmetric_op_cost": 1092895488.0,
        "u_max_mean": 0.9369070529937744,
        "u_max_max": 1.233947992324829
      }
    }
  }
}