{
  "seed": 65521,
  "dataset": "geant",
  "loss": "asym",
  "T_eff": 2083,
  "num_links": 58,
  "models": {
    "LSTM": {
      "forecast": {
        "rmse_mean": 2921.916748046875,
        "mae_mean": 2828.645263671875,
        "mape_mean": 1132.1321148050242,
        "smape_mean": 138.6431884765625
      },
      "operational": {
        "overload_rate": 0.14081977254291722,
        "sla_violation_rate": 0.14081977254291722,
        "over_provisioning_cost": 442428896.0,
        "asymmetric_op_cost": 902393088.0,
        "u_max_mean": 61422599929856.0,
        "u_max_max": 1721138753306624.0
      }
    },
    "LSTM_CQR": {
      "forecast": {
        "rmse_mean": null,
        "mae_mean": null,
        "mape_mean": null,
        "smape_mean": null
      },
      "operational": {
        "overload_rate": 0.005943019848693032,
        "sla_violation_rate": 0.005943019848693032,
        "over_provisioning_cost": 171848557.36503017,
        "asymmetric_op_cost": 172044418.5519446,
        "u_max_mean": 0.8390664671613467,
        "u_max_max": 2.9114032134105003
      },
      "calibration": {
        "method": "cqr",
        "target_alpha": 0.05,
        "qhat_mean": 219.55604710558364,
        "qhat_per_link": [
          1780.0126953125,
          660.3701171875,
          6938.1162109375,
          480.12957763671875,
          1866.1927490234375,
          735.58203125,
          4302.1015625,
          -977.2474365234375,
          -3569.279541015625,
          323.4466552734375,
          2360.1455078125,
          -859.9073486328125,
          406.0098876953125,
          290.97698974609375,
          -248.41078186035156,
          -23.8583984375,
          419.6573486328125,
          72.24064636230469,
          890.73876953125,
          1008.704833984375,
          -1170.7818603515625,
          2439.177001953125,
          367.80047607421875,
          349.177001953125,
          525.0517578125,
          51.245086669921875,
          2351.06494140625,
          1306.9560546875,
          -1946.70166015625,
          -468.1187744140625,
          20.14965057373047,
          393.597900390625,
          186.2525634765625,
          3.6902809143066406,
          1743.357421875,
          -3187.596435546875,
          -1018.0611572265625,
          -27.92205810546875,
          9.93326187133789,
          2698.8779296875,
          142.5426025390625,
          0.27667826414108276,
          143.21871948242188,
          -5352.0595703125,
          -274.7834777832031,
          203.79290771484375,
          7.497322082519531,
          -309.44781494140625,
          9.606155395507812,
          2.498323917388916,
          102.27188110351562,
          -2312.952392578125,
          -149.95126342773438,
          180.4628448486328,
          -8.176045417785645,
          26.81607437133789,
          361.6884460449219,
          -1521.922119140625
        ],
        "coverage_overall": 0.946140347972917,
        "mean_width": 2932.011962890625
      }
    },
    "LSTM_ACI": {
      "forecast": {
        "rmse_mean": null,
        "mae_mean": null,
        "mape_mean": null,
        "smape_mean": null
      },
      "operational": {
        "overload_rate": 0.0008608273875544225,
        "sla_violation_rate": 0.0008608273875544225,
        "over_provisioning_cost": 154386383.61099565,
        "asymmetric_op_cost": 154394584.93747318,
        "u_max_mean": 0.7815769242306991,
        "u_max_max": 2.4699602916466787
      },
      "calibration": {
        "method": "aci",
        "target_alpha": 0.05,
        "gamma": 0.005,
        "window": 500,
        "qhat_mean": -2.9936737315408113,
        "alpha_final_mean": 0.061901448275862234,
        "coverage_overall": 0.9381528630787822,
        "mean_width": 2386.352294921875
      }
    }
  },
  "calibration": "both",
  "target_alpha": 0.05
}