{
  "seed": 65521,
  "dataset": "geant",
  "loss": "asym",
  "T_eff": 2083,
  "num_links": 58,
  "models": {
    "DLinear": {
      "forecast": {
        "rmse_mean": 16012.6181640625,
        "mae_mean": 15999.974609375,
        "mape_mean": 5551.69234857888,
        "smape_mean": 156.2650146484375
      },
      "operational": {
        "overload_rate": 0.0,
        "sla_violation_rate": 0.0,
        "over_provisioning_cost": 2259181568.0,
        "asymmetric_op_cost": 2259181568.0,
        "u_max_mean": 0.24063695967197418,
        "u_max_max": 0.8310694694519043
      }
    },
    "iTransformer": {
      "forecast": {
        "rmse_mean": 176.46310424804688,
        "mae_mean": 131.7303924560547,
        "mape_mean": 43.027969705647436,
        "smape_mean": 32.045928955078125
      },
      "operational": {
        "overload_rate": 2.4831559256377573e-05,
        "sla_violation_rate": 2.4831559256377573e-05,
        "over_provisioning_cost": 142622352.0,
        "asymmetric_op_cost": 142623088.0,
        "u_max_mean": 0.6833852529525757,
        "u_max_max": 1.3469150066375732
      }
    }
  }
}