{
  "seed": 1024,
  "dataset": "abilene",
  "loss": "asym_l1",
  "T_eff": 9606,
  "num_links": 54,
  "models": {
    "LSTM": {
      "forecast": {
        "rmse_mean": 328.0760192871094,
        "mae_mean": 293.409912109375,
        "mape_mean": 158.83834881252713,
        "smape_mean": 71.83751678466797
      },
      "operational": {
        "overload_rate": 0.021514331320702337,
        "sla_violation_rate": 0.021514331320702337,
        "over_provisioning_cost": 836261184.0,
        "asymmetric_op_cost": 1082589440.0,
        "u_max_mean": 1.4090856313705444,
        "u_max_max": 5.692109107971191
      }
    }
  }
}