{
  "seed": 1024,
  "dataset": "abilene",
  "loss": "asym_l1",
  "T_eff": 9606,
  "num_links": 54,
  "models": {
    "DLinear": {
      "forecast": {
        "rmse_mean": 195.9994354248047,
        "mae_mean": 115.79145812988281,
        "mape_mean": 48.561655909926806,
        "smape_mean": 35.46824264526367
      },
      "operational": {
        "overload_rate": 0.0,
        "sla_violation_rate": 0.0,
        "over_provisioning_cost": 1772842880.0,
        "asymmetric_op_cost": 1772842880.0,
        "u_max_mean": 0.7469028830528259,
        "u_max_max": 0.9856705665588379
      }
    },
    "iTransformer": {
      "forecast": {
        "rmse_mean": 187.58628845214844,
        "mae_mean": 85.05665588378906,
        "mape_mean": 44.181784594500506,
        "smape_mean": 30.16194725036621
      },
      "operational": {
        "overload_rate": 0.0,
        "sla_violation_rate": 0.0,
        "over_provisioning_cost": 3557571840.0,
        "asymmetric_op_cost": 3557571840.0,
        "u_max_mean": 0.40424829721450806,
        "u_max_max": 0.7723732590675354
      }
    }
  }
}