{
  "seed": 512,
  "dataset": "abilene",
  "loss": "asym",
  "T_eff": 9606,
  "num_links": 54,
  "models": {
    "LSTM": {
      "forecast": {
        "rmse_mean": 173.65426635742188,
        "mae_mean": 126.88743591308594,
        "mape_mean": 62.57845721421418,
        "smape_mean": 42.604671478271484
      },
      "operational": {
        "overload_rate": 0.05342532830561146,
        "sla_violation_rate": 0.05342532830561146,
        "over_provisioning_cost": 484034336.0,
        "asymmetric_op_cost": 516736096.0,
        "u_max_mean": 2.0302388668060303,
        "u_max_max": 6.65941047668457
      }
    },
    "LSTM_CQR": {
      "forecast": {
        "rmse_mean": null,
        "mae_mean": null,
        "mape_mean": null,
        "smape_mean": null
      },
      "operational": {
        "overload_rate": 0.03473909053754983,
        "sla_violation_rate": 0.03473909053754983,
        "over_provisioning_cost": 660991477.1145421,
        "asymmetric_op_cost": 681130067.6564962,
        "u_max_mean": 1.6826330171994197,
        "u_max_max": 5.490767918063489
      },
      "calibration": {
        "method": "cqr",
        "target_alpha": 0.1,
        "qhat_mean": 58.06215605912385,
        "qhat_per_link": [
          1.2044264078140259,
          0.6787967681884766,
          53.186859130859375,
          15.715555191040039,
          78.97117614746094,
          93.84762573242188,
          99.57598876953125,
          109.38961791992188,
          47.428253173828125,
          13.471466064453125,
          72.22142791748047,
          4.867502212524414,
          39.31775665283203,
          25.797128677368164,
          173.45709228515625,
          90.1358642578125,
          70.53692626953125,
          -0.20165252685546875,
          130.47247314453125,
          76.983154296875,
          76.87159729003906,
          93.38546752929688,
          71.71171569824219,
          93.44270324707031,
          56.0528564453125,
          9.48483657836914,
          25.88793182373047,
          14.697383880615234,
          87.35382080078125,
          62.505218505859375,
          1.1936992406845093,
          0.6928043365478516,
          35.35120391845703,
          66.15611267089844,
          61.600250244140625,
          133.39407348632812,
          22.850479125976562,
          40.957855224609375,
          18.992856979370117,
          27.517547607421875,
          99.62847137451172,
          49.238807678222656,
          12.305801391601562,
          26.18433380126953,
          153.38247680664062,
          93.82539367675781,
          114.69709777832031,
          97.15538024902344,
          14.392864227294922,
          8.117927551269531,
          30.985244750976562,
          12.532180786132812,
          109.49624633789062,
          116.25634765625
        ],
        "coverage_overall": 0.8417713466120712,
        "mean_width": 238.60552978515625
      }
    },
    "LSTM_ACI": {
      "forecast": {
        "rmse_mean": null,
        "mae_mean": null,
        "mape_mean": null,
        "smape_mean": null
      },
      "operational": {
        "overload_rate": 0.0005166524008914182,
        "sla_violation_rate": 0.0005166524008914182,
        "over_provisioning_cost": 875848005.1634389,
        "asymmetric_op_cost": 876158979.3217069,
        "u_max_mean": 1.0716070262764608,
        "u_max_max": 1.9516045218495421
      },
      "calibration": {
        "method": "aci",
        "target_alpha": 0.1,
        "gamma": 0.005,
        "window": 500,
        "qhat_mean": 106.93386696003101,
        "alpha_final_mean": 0.0947599814814816,
        "coverage_overall": 0.8944525412358016,
        "mean_width": 284.9031066894531
      }
    }
  },
  "calibration": "both",
  "target_alpha": 0.1
}