{
  "seed": 512,
  "dataset": "geant",
  "loss": "asym",
  "T_eff": 2083,
  "num_links": 58,
  "models": {
    "DLinear": {
      "forecast": {
        "rmse_mean": 14375.2392578125,
        "mae_mean": 14363.6318359375,
        "mape_mean": 5259.27240513111,
        "smape_mean": 156.80963134765625
      },
      "operational": {
        "overload_rate": 0.0,
        "sla_violation_rate": 0.0,
        "over_provisioning_cost": 2037074176.0,
        "asymmetric_op_cost": 2037074176.0,
        "u_max_mean": 0.24025490880012512,
        "u_max_max": 0.9289534687995911
      }
    },
    "iTransformer": {
      "forecast": {
        "rmse_mean": 178.81289672851562,
        "mae_mean": 141.18431091308594,
        "mape_mean": 53.43386276837053,
        "smape_mean": 37.65983200073242
      },
      "operational": {
        "overload_rate": 0.0002069296604698131,
        "sla_violation_rate": 0.0002069296604698131,
        "over_provisioning_cost": 98632600.0,
        "asymmetric_op_cost": 98643216.0,
        "u_max_mean": 0.8920919299125671,
        "u_max_max": 1.988470196723938
      }
    }
  }
}