{
  "seed": 789,
  "dataset": "abilene",
  "loss": "asym",
  "T_eff": 9606,
  "num_links": 54,
  "models": {
    "LSTM": {
      "forecast": {
        "rmse_mean": 172.55552673339844,
        "mae_mean": 145.17213439941406,
        "mape_mean": 79.55494559252703,
        "smape_mean": 48.00345230102539
      },
      "operational": {
        "overload_rate": 0.03788720012954866,
        "sla_violation_rate": 0.03788720012954866,
        "over_provisioning_cost": 651338304.0,
        "asymmetric_op_cost": 712888960.0,
        "u_max_mean": 1.7609277963638306,
        "u_max_max": 6.090919494628906
      }
    }
  }
}