{
  "seed": 2048,
  "dataset": "abilene",
  "loss": "asym_l1",
  "T_eff": 9606,
  "num_links": 54,
  "models": {
    "DLinear": {
      "forecast": {
        "rmse_mean": 238.56692504882812,
        "mae_mean": 142.33253479003906,
        "mape_mean": 57.20387884422585,
        "smape_mean": 39.6146240234375
      },
      "operational": {
        "overload_rate": 0.0,
        "sla_violation_rate": 0.0,
        "over_provisioning_cost": 1978029696.0,
        "asymmetric_op_cost": 1978029696.0,
        "u_max_mean": 0.7154175043106079,
        "u_max_max": 0.9529880285263062
      }
    },
    "iTransformer": {
      "forecast": {
        "rmse_mean": 194.05575561523438,
        "mae_mean": 93.30856323242188,
        "mape_mean": 46.910209567458544,
        "smape_mean": 31.403797149658203
      },
      "operational": {
        "overload_rate": 0.0,
        "sla_violation_rate": 0.0,
        "over_provisioning_cost": 2486299648.0,
        "asymmetric_op_cost": 2486299648.0,
        "u_max_mean": 0.4743911623954773,
        "u_max_max": 0.7590203285217285
      }
    }
  }
}