{
  "ratios": [
    "1:1",
    "2:1",
    "5:1",
    "10:1",
    "20:1",
    "100:1"
  ],
  "models": [
    "LSTM"
  ],
  "per_model": {
    "LSTM": [
      {
        "ratio": "1:1",
        "alpha": 1.0,
        "beta": 1.0,
        "overload_rate": 0.09501372598915803,
        "over_provisioning_cost": 158692790.0,
        "asymmetric_op_cost": 171808293.2,
        "rmse_mean": 193.08777313232423,
        "overload_rate_values": [
          0.0883302102852384,
          0.09225522628604035,
          0.09127590009330588,
          0.08861938140514031,
          0.08770174505131824,
          0.09097708993607391,
          0.10503080636330689,
          0.07748822109638266,
          0.09483656048303143,
          0.09022524502432892,
          0.09630554977213315,
          0.11023974213647335,
          0.09885025562727,
          0.11701405757204217,
          0.10428474487395994,
          0.09754898558771138,
          0.087817413499279,
          0.08800633863094826,
          0.09532429577193266,
          0.09814275028724331
        ]
      },
      {
        "ratio": "2:1",
        "alpha": 2.0,
        "beta": 1.0,
        "overload_rate": 0.07668114450073642,
        "over_provisioning_cost": 241452509.6,
        "asymmetric_op_cost": 263727910.4,
        "rmse_mean": 190.35488891601562,
        "overload_rate_values": [
          0.0816966247946885,
          0.06593679876003423,
          0.07601923180728094,
          0.06739422120433988,
          0.07517677994463337,
          0.07837886814568056,
          0.08520908999776375,
          0.07190529067480972,
          0.0824195525944433,
          0.08174289217387282,
          0.08309814082247978,
          0.08126094030736962,
          0.07831139488437011,
          0.07135200993206406,
          0.07544860079734117,
          0.0847483440133867,
          0.0831463360091301,
          0.06619126934554792,
          0.07477194037677069,
          0.06941456342872125
        ]
      },
      {
        "ratio": "5:1",
        "alpha": 5.0,
        "beta": 1.0,
        "overload_rate": 0.05846924375968724,
        "over_provisioning_cost": 393324835.2,
        "asymmetric_op_cost": 435042504.0,
        "rmse_mean": 180.29202728271486,
        "overload_rate_values": [
          0.05991818385114242,
          0.04722164387998242,
          0.05818894055412898,
          0.051532221373986935,
          0.06259398061396812,
          0.06915238161334351,
          0.05940924268011505,
          0.05075724277264981,
          0.05202188447035418,
          0.06223926404022177,
          0.05815038440480872,
          0.05517770529221706,
          0.05942659294730917,
          0.0636619859501392,
          0.0572250368211226,
          0.05916441113193143,
          0.05758360900980097,
          0.06193852607552378,
          0.06793207948735744,
          0.05608955822364109
        ]
      },
      {
        "ratio": "10:1",
        "alpha": 10.0,
        "beta": 1.0,
        "overload_rate": 0.04500167719249543,
        "over_provisioning_cost": 550194259.2,
        "asymmetric_op_cost": 612894764.8,
        "rmse_mean": 180.28837203979492,
        "overload_rate_values": [
          0.04639847009199497,
          0.04238091933282439,
          0.03955475358764969,
          0.04094277496317888,
          0.050325413900262954,
          0.05135679089457978,
          0.04192981238577741,
          0.041951018267903546,
          0.04350290327804381,
          0.04146713859393435,
          0.045820127852191146,
          0.05173656896538429,
          0.05081122138169817,
          0.050011181283302876,
          0.04913981230866511,
          0.04859231498831749,
          0.036965708160794565,
          0.049016432630840295,
          0.04234621879843616,
          0.03578396218412875
        ]
      },
      {
        "ratio": "20:1",
        "alpha": 20.0,
        "beta": 1.0,
        "overload_rate": 0.03466882195541367,
        "over_provisioning_cost": 662378822.4,
        "asymmetric_op_cost": 751769520.0,
        "rmse_mean": 193.01493911743165,
        "overload_rate_values": [
          0.032562595908421435,
          0.037769603874121885,
          0.03135000501229941,
          0.040252619890346314,
          0.029233272414617407,
          0.033848443488251945,
          0.0371527054849978,
          0.03468125631356945,
          0.028068876705145705,
          0.041619435383749355,
          0.03788334451461663,
          0.032795860611808975,
          0.0340990584588336,
          0.04130520276678928,
          0.03429762262783291,
          0.04021020812609403,
          0.036996553080250766,
          0.03100492747588313,
          0.0318319568788026,
          0.026412890091840748
        ]
      },
      {
        "ratio": "100:1",
        "alpha": 100.0,
        "beta": 1.0,
        "overload_rate": 0.021691400436455614,
        "over_provisioning_cost": 861854780.8,
        "asymmetric_op_cost": 1133127379.2,
        "rmse_mean": 341.59444732666014,
        "overload_rate_values": [
          0.02323586338785173,
          0.025248494382369042,
          0.022364494413213965,
          0.023544312582413768,
          0.021514331320702337,
          0.018503096058790417,
          0.022071467678380023,
          0.020708507799909008,
          0.018790339371226317,
          0.018636114773945296,
          0.020085825988386888,
          0.021656989073187284,
          0.02422482861791627,
          0.02464316283804104,
          0.025217649462912838,
          0.01991232331644574,
          0.022350999760951874,
          0.024544844657274387,
          0.021574093352148733,
          0.015000269893045242
        ]
      }
    ]
  },
  "mse_baseline": {
    "LSTM": {
      "overload_rate": 0.07636787578750934,
      "over_provisioning_cost": 326700908.8,
      "asymmetric_op_cost": 335718646.4,
      "rmse_mean": 175.01913681030274
    }
  }
}