{
  "ratios": [
    "1:1",
    "2:1",
    "5:1",
    "10:1",
    "20:1",
    "100:1"
  ],
  "models": [
    "DLinear",
    "iTransformer"
  ],
  "per_model": {
    "DLinear": [
      {
        "ratio": "5:1",
        "alpha": 5.0,
        "beta": 1.0,
        "overload_rate": 7.229277997547828e-06,
        "over_provisioning_cost": 1111307648.0,
        "asymmetric_op_cost": 1111307827.2,
        "rmse_mean": 46.83447151184082,
        "overload_rate_values": [
          7.711229864051018e-06,
          9.639037330063772e-06,
          9.639037330063772e-06,
          9.639037330063772e-06,
          7.711229864051018e-06,
          7.711229864051018e-06,
          7.711229864051018e-06,
          7.711229864051018e-06,
          3.855614932025509e-06,
          7.711229864051018e-06,
          7.711229864051018e-06,
          7.711229864051018e-06,
          3.855614932025509e-06,
          5.783422398038263e-06,
          7.711229864051018e-06,
          7.711229864051018e-06,
          7.711229864051018e-06,
          7.711229864051018e-06,
          1.9278074660127544e-06,
          7.711229864051018e-06
        ]
      },
      {
        "ratio": "10:1",
        "alpha": 10.0,
        "beta": 1.0,
        "overload_rate": 4.433957171829334e-06,
        "over_provisioning_cost": 1177847923.2,
        "asymmetric_op_cost": 1177848000.0,
        "rmse_mean": 54.870863342285155,
        "overload_rate_values": [
          7.711229864051018e-06,
          3.855614932025509e-06,
          3.855614932025509e-06,
          3.855614932025509e-06,
          3.855614932025509e-06,
          3.855614932025509e-06,
          5.783422398038263e-06,
          3.855614932025509e-06,
          1.9278074660127544e-06,
          5.783422398038263e-06,
          3.855614932025509e-06,
          3.855614932025509e-06,
          7.711229864051018e-06,
          3.855614932025509e-06,
          5.783422398038263e-06,
          3.855614932025509e-06,
          1.9278074660127544e-06,
          5.783422398038263e-06,
          3.855614932025509e-06,
          3.855614932025509e-06
        ]
      },
      {
        "ratio": "20:1",
        "alpha": 20.0,
        "beta": 1.0,
        "overload_rate": 2.216978585914667e-06,
        "over_provisioning_cost": 1332524083.2,
        "asymmetric_op_cost": 1332524153.6,
        "rmse_mean": 78.52095794677734,
        "overload_rate_values": [
          3.855614932025509e-06,
          3.855614932025509e-06,
          0.0,
          0.0,
          1.9278074660127544e-06,
          3.855614932025509e-06,
          3.855614932025509e-06,
          5.783422398038263e-06,
          0.0,
          3.855614932025509e-06,
          1.9278074660127544e-06,
          0.0,
          0.0,
          0.0,
          3.855614932025509e-06,
          3.855614932025509e-06,
          1.9278074660127544e-06,
          0.0,
          0.0,
          5.783422398038263e-06
        ]
      },
      {
        "ratio": "100:1",
        "alpha": 100.0,
        "beta": 1.0,
        "overload_rate": 0.0,
        "over_provisioning_cost": 1944407462.4,
        "asymmetric_op_cost": 1944407462.4,
        "rmse_mean": 231.69614868164064,
        "overload_rate_values": [
          0.0,
          0.0,
          0.0,
          0.0,
          0.0,
          0.0,
          0.0,
          0.0,
          0.0,
          0.0,
          0.0,
          0.0,
          0.0,
          0.0,
          0.0,
          0.0,
          0.0,
          0.0,
          0.0,
          0.0
        ]
      }
    ],
    "iTransformer": [
      {
        "ratio": "5:1",
        "alpha": 5.0,
        "beta": 1.0,
        "overload_rate": 0.0,
        "over_provisioning_cost": 1299830502.4,
        "asymmetric_op_cost": 1299830502.4,
        "rmse_mean": 56.99890003204346,
        "overload_rate_values": [
          0.0,
          0.0,
          0.0,
          0.0,
          0.0,
          0.0,
          0.0,
          0.0,
          0.0,
          0.0,
          0.0,
          0.0,
          0.0,
          0.0,
          0.0,
          0.0,
          0.0,
          0.0,
          0.0,
          0.0
        ]
      },
      {
        "ratio": "10:1",
        "alpha": 10.0,
        "beta": 1.0,
        "overload_rate": 0.0,
        "over_provisioning_cost": 1507726624.0,
        "asymmetric_op_cost": 1507726624.0,
        "rmse_mean": 75.49779472351074,
        "overload_rate_values": [
          0.0,
          0.0,
          0.0,
          0.0,
          0.0,
          0.0,
          0.0,
          0.0,
          0.0,
          0.0,
          0.0,
          0.0,
          0.0,
          0.0,
          0.0,
          0.0,
          0.0,
          0.0,
          0.0,
          0.0
        ]
      },
      {
        "ratio": "20:1",
        "alpha": 20.0,
        "beta": 1.0,
        "overload_rate": 0.0,
        "over_provisioning_cost": 1757359609.6,
        "asymmetric_op_cost": 1757359609.6,
        "rmse_mean": 95.50286483764648,
        "overload_rate_values": [
          0.0,
          0.0,
          0.0,
          0.0,
          0.0,
          0.0,
          0.0,
          0.0,
          0.0,
          0.0,
          0.0,
          0.0,
          0.0,
          0.0,
          0.0,
          0.0,
          0.0,
          0.0,
          0.0,
          0.0
        ]
      },
      {
        "ratio": "100:1",
        "alpha": 100.0,
        "beta": 1.0,
        "overload_rate": 0.0,
        "over_provisioning_cost": 2943634956.8,
        "asymmetric_op_cost": 2943634956.8,
        "rmse_mean": 184.4050094604492,
        "overload_rate_values": [
          0.0,
          0.0,
          0.0,
          0.0,
          0.0,
          0.0,
          0.0,
          0.0,
          0.0,
          0.0,
          0.0,
          0.0,
          0.0,
          0.0,
          0.0,
          0.0,
          0.0,
          0.0,
          0.0,
          0.0
        ]
      }
    ]
  },
  "mse_baseline": {
    "DLinear": {
      "overload_rate": 0.00014863395562958334,
      "over_provisioning_cost": 987586172.8,
      "asymmetric_op_cost": 987593158.4,
      "rmse_mean": 45.82623729705811
    },
    "iTransformer": {
      "overload_rate": 7.354585482838657e-05,
      "over_provisioning_cost": 1064639257.6,
      "asymmetric_op_cost": 1064644032.0,
      "rmse_mean": 48.66595516204834
    }
  }
}