{
  "seed": 1024,
  "dataset": "geant",
  "loss": "asym_l1",
  "T_eff": 2083,
  "num_links": 58,
  "models": {
    "DLinear": {
      "forecast": {
        "rmse_mean": 667.6860961914062,
        "mae_mean": 591.4364624023438,
        "mape_mean": 129.2772182924994,
        "smape_mean": 75.71713256835938
      },
      "operational": {
        "overload_rate": 0.01892164815335971,
        "sla_violation_rate": 0.01892164815335971,
        "over_provisioning_cost": 212850144.0,
        "asymmetric_op_cost": 276049024.0,
        "u_max_mean": 4320323174400.0,
        "u_max_max": 250578743590912.0
      }
    },
    "iTransformer": {
      "forecast": {
        "rmse_mean": 160.54176330566406,
        "mae_mean": 134.6645050048828,
        "mape_mean": 55.639016003444276,
        "smape_mean": 37.50962829589844
      },
      "operational": {
        "overload_rate": 0.0,
        "sla_violation_rate": 0.0,
        "over_provisioning_cost": 127981008.0,
        "asymmetric_op_cost": 127981008.0,
        "u_max_mean": 0.6828134655952454,
        "u_max_max": 0.8968514800071716
      }
    }
  }
}