{
  "seed": 65521,
  "dataset": "abilene",
  "loss": "asym_l1",
  "T_eff": 9606,
  "num_links": 54,
  "models": {
    "LSTM": {
      "forecast": {
        "rmse_mean": 195.52516174316406,
        "mae_mean": 97.44599151611328,
        "mape_mean": 48.434765851056135,
        "smape_mean": 37.0738639831543
      },
      "operational": {
        "overload_rate": 0.06619126934554792,
        "sla_violation_rate": 0.06619126934554792,
        "over_provisioning_cost": 235592864.0,
        "asymmetric_op_cost": 256514384.0,
        "u_max_mean": 2.726846694946289,
        "u_max_max": 7.986814975738525
      }
    }
  }
}