{
  "seed": 31337,
  "dataset": "abilene",
  "loss": "asym",
  "T_eff": 9606,
  "num_links": 54,
  "models": {
    "LSTM": {
      "forecast": {
        "rmse_mean": 168.83572387695312,
        "mae_mean": 109.69468688964844,
        "mape_mean": 54.838245692076505,
        "smape_mean": 40.07113265991211
      },
      "operational": {
        "overload_rate": 0.07371935750032772,
        "sla_violation_rate": 0.07371935750032772,
        "over_provisioning_cost": 380750336.0,
        "asymmetric_op_cost": 421875616.0,
        "u_max_mean": 2.3168833255767822,
        "u_max_max": 6.94879150390625
      }
    },
    "LSTM_CQR": {
      "forecast": {
        "rmse_mean": null,
        "mae_mean": null,
        "mape_mean": null,
        "smape_mean": null
      },
      "operational": {
        "overload_rate": 0.03757296751258858,
        "sla_violation_rate": 0.03757296751258858,
        "over_provisioning_cost": 607060347.3894063,
        "asymmetric_op_cost": 632125277.5614587,
        "u_max_mean": 1.7841598341583804,
        "u_max_max": 6.615148612050012
      },
      "calibration": {
        "method": "cqr",
        "target_alpha": 0.2,
        "qhat_mean": 34.43023571923927,
        "qhat_per_link": [
          0.8887217044830322,
          0.5089967250823975,
          48.086669921875,
          8.560073852539062,
          70.90283966064453,
          42.332916259765625,
          79.33477783203125,
          34.212921142578125,
          -6.111602783203125,
          12.549728393554688,
          56.780174255371094,
          1.412775993347168,
          18.094024658203125,
          12.442367553710938,
          131.56185913085938,
          16.71929931640625,
          8.09478759765625,
          -13.483516693115234,
          69.51675415039062,
          45.99653244018555,
          60.78532409667969,
          62.739044189453125,
          46.64013671875,
          47.19892120361328,
          -18.007476806640625,
          7.687171936035156,
          14.932792663574219,
          11.212057113647461,
          61.28076171875,
          59.108123779296875,
          0.7781513929367065,
          0.44641876220703125,
          25.210189819335938,
          45.229400634765625,
          34.110504150390625,
          105.82583618164062,
          15.504776000976562,
          22.701461791992188,
          11.638702392578125,
          7.880149841308594,
          62.0814208984375,
          38.98228454589844,
          14.361949920654297,
          10.930671691894531,
          115.41416931152344,
          13.330307006835938,
          77.96279907226562,
          66.85098266601562,
          2.0918807983398438,
          -4.803314208984375,
          11.725738525390625,
          12.085891723632812,
          83.80712890625,
          93.10726928710938
        ],
        "coverage_overall": 0.7700357029942706,
        "mean_width": 245.59292602539062
      }
    },
    "LSTM_ACI": {
      "forecast": {
        "rmse_mean": null,
        "mae_mean": null,
        "mape_mean": null,
        "smape_mean": null
      },
      "operational": {
        "overload_rate": 0.0017986443657898997,
        "sla_violation_rate": 0.0017986443657898997,
        "over_provisioning_cost": 788426565.9370366,
        "asymmetric_op_cost": 789228203.3201543,
        "u_max_mean": 1.3406044506842898,
        "u_max_max": 4.884498865145561
      },
      "calibration": {
        "method": "aci",
        "target_alpha": 0.2,
        "gamma": 0.005,
        "window": 500,
        "qhat_mean": 47.58298766171491,
        "alpha_final_mean": 0.188352037037037,
        "coverage_overall": 0.789306066424534,
        "mean_width": 274.2798156738281
      }
    }
  },
  "calibration": "both",
  "target_alpha": 0.2
}