{
  "seed": 99,
  "dataset": "cesnet",
  "loss": "asym_l1",
  "T_eff": 7624,
  "num_links": 20,
  "models": {
    "DLinear": {
      "forecast": {
        "rmse_mean": 46.88273620605469,
        "mae_mean": 39.217689514160156,
        "mape_mean": 166.36396598815918,
        "smape_mean": 76.03900909423828
      },
      "operational": {
        "overload_rate": 0.0003541448058761805,
        "sla_violation_rate": 0.0003541448058761805,
        "over_provisioning_cost": 64134296.0,
        "asymmetric_op_cost": 64200400.0,
        "u_max_mean": 1.338645339012146,
        "u_max_max": 2.5371968746185303
      }
    },
    "iTransformer": {
      "forecast": {
        "rmse_mean": 52.284095764160156,
        "mae_mean": 40.547828674316406,
        "mape_mean": 167.48653907775878,
        "smape_mean": 74.63542175292969
      },
      "operational": {
        "overload_rate": 0.0002295383001049318,
        "sla_violation_rate": 0.0002295383001049318,
        "over_provisioning_cost": 66993292.0,
        "asymmetric_op_cost": 67041356.0,
        "u_max_mean": 1.257768154144287,
        "u_max_max": 1.631084680557251
      }
    }
  }
}