{
  "seed": 31337,
  "dataset": "abilene",
  "loss": "asym_l1",
  "T_eff": 9606,
  "num_links": 54,
  "models": {
    "DLinear": {
      "forecast": {
        "rmse_mean": 46.830623626708984,
        "mae_mean": 21.581846237182617,
        "mape_mean": 12.228981018066406,
        "smape_mean": 11.012833595275879
      },
      "operational": {
        "overload_rate": 7.711229864051018e-06,
        "sla_violation_rate": 7.711229864051018e-06,
        "over_provisioning_cost": 1119222528.0,
        "asymmetric_op_cost": 1119222656.0,
        "u_max_mean": 0.9009047746658325,
        "u_max_max": 1.0224995613098145
      }
    },
    "iTransformer": {
      "forecast": {
        "rmse_mean": 58.466888427734375,
        "mae_mean": 24.834169387817383,
        "mape_mean": 13.337425382048995,
        "smape_mean": 11.501519203186035
      },
      "operational": {
        "overload_rate": 0.0,
        "sla_violation_rate": 0.0,
        "over_provisioning_cost": 1316275712.0,
        "asymmetric_op_cost": 1316275712.0,
        "u_max_mean": 0.7989215850830078,
        "u_max_max": 0.9461953639984131
      }
    }
  }
}