{
  "seed": 456,
  "dataset": "cesnet",
  "loss": "asym",
  "T_eff": 7624,
  "num_links": 20,
  "models": {
    "DLinear": {
      "forecast": {
        "rmse_mean": 25.32335090637207,
        "mae_mean": 16.587444305419922,
        "mape_mean": 71.98462181091308,
        "smape_mean": 45.169578552246094
      },
      "operational": {
        "overload_rate": 0.002059286463798531,
        "sla_violation_rate": 0.002059286463798531,
        "over_provisioning_cost": 37430836.0,
        "asymmetric_op_cost": 37471196.0,
        "u_max_mean": 2.2808220386505127,
        "u_max_max": 5.051975250244141
      }
    },
    "iTransformer": {
      "forecast": {
        "rmse_mean": 24.486949920654297,
        "mae_mean": 14.76026725769043,
        "mape_mean": 51.77816028594971,
        "smape_mean": 38.560211181640625
      },
      "operational": {
        "overload_rate": 0.0023478488982161595,
        "sla_violation_rate": 0.0023478488982161595,
        "over_provisioning_cost": 40527712.0,
        "asymmetric_op_cost": 40566236.0,
        "u_max_mean": 2.3702597618103027,
        "u_max_max": 4.302210330963135
      }
    }
  }
}