{
  "seed": 65521,
  "dataset": "abilene",
  "loss": "asym",
  "T_eff": 9606,
  "num_links": 54,
  "models": {
    "LSTM": {
      "forecast": {
        "rmse_mean": 155.4376983642578,
        "mae_mean": 103.19799041748047,
        "mape_mean": 58.954553568804705,
        "smape_mean": 40.03157043457031
      },
      "operational": {
        "overload_rate": 0.0526908336610606,
        "sla_violation_rate": 0.0526908336610606,
        "over_provisioning_cost": 469228128.0,
        "asymmetric_op_cost": 498493504.0,
        "u_max_mean": 2.054788589477539,
        "u_max_max": 6.4005208015441895
      }
    },
    "LSTM_CQR": {
      "forecast": {
        "rmse_mean": null,
        "mae_mean": null,
        "mape_mean": null,
        "smape_mean": null
      },
      "operational": {
        "overload_rate": 0.04078083913603381,
        "sla_violation_rate": 0.04078083913603381,
        "over_provisioning_cost": 411301160.9869081,
        "asymmetric_op_cost": 453268859.002741,
        "u_max_mean": 2.0292875601903084,
        "u_max_max": 6.884772244135609
      },
      "calibration": {
        "method": "cqr",
        "target_alpha": 0.1,
        "qhat_mean": 51.24407851916772,
        "qhat_per_link": [
          1.5816454887390137,
          1.4259017705917358,
          59.1287841796875,
          12.89150619506836,
          68.06924438476562,
          101.39791870117188,
          67.8880615234375,
          95.68099975585938,
          7.94000244140625,
          16.786014556884766,
          56.06291198730469,
          6.253137588500977,
          34.73094177246094,
          18.899383544921875,
          149.96878051757812,
          70.60525512695312,
          31.3258056640625,
          9.268333435058594,
          103.49667358398438,
          67.613037109375,
          50.157684326171875,
          126.71197509765625,
          81.95663452148438,
          57.000160217285156,
          -3.2933502197265625,
          12.076400756835938,
          20.31969451904297,
          12.454526901245117,
          94.37640380859375,
          74.1854248046875,
          1.4922904968261719,
          1.372617244720459,
          29.000892639160156,
          58.163787841796875,
          44.808937072753906,
          157.44528198242188,
          31.092376708984375,
          38.288177490234375,
          16.585285186767578,
          61.664588928222656,
          70.58192443847656,
          55.88230895996094,
          14.02218246459961,
          26.34099578857422,
          114.86859130859375,
          38.100341796875,
          133.6707763671875,
          57.244598388671875,
          11.918811798095703,
          3.8074073791503906,
          23.863197326660156,
          18.24444580078125,
          132.89215087890625,
          118.86837768554688
        ],
        "coverage_overall": 0.8436933706556858,
        "mean_width": 263.5832824707031
      }
    },
    "LSTM_ACI": {
      "forecast": {
        "rmse_mean": null,
        "mae_mean": null,
        "mape_mean": null,
        "smape_mean": null
      },
      "operational": {
        "overload_rate": 0.000549425127813635,
        "sla_violation_rate": 0.000549425127813635,
        "over_provisioning_cost": 780631155.0109845,
        "asymmetric_op_cost": 781588455.7349759,
        "u_max_mean": 1.1261504862793361,
        "u_max_max": 2.0292815609151083
      },
      "calibration": {
        "method": "aci",
        "target_alpha": 0.1,
        "gamma": 0.005,
        "window": 500,
        "qhat_mean": 92.52806673226533,
        "alpha_final_mean": 0.10158407407407417,
        "coverage_overall": 0.8945990546032186,
        "mean_width": 349.9507751464844
      }
    }
  },
  "calibration": "both",
  "target_alpha": 0.1
}