{
  "seed": 789,
  "dataset": "cesnet",
  "loss": "asym",
  "T_eff": 7624,
  "num_links": 20,
  "models": {
    "DLinear": {
      "forecast": {
        "rmse_mean": 25.326915740966797,
        "mae_mean": 16.5903377532959,
        "mape_mean": 70.42341260910034,
        "smape_mean": 44.86778259277344
      },
      "operational": {
        "overload_rate": 0.001895330535152151,
        "sla_violation_rate": 0.001895330535152151,
        "over_provisioning_cost": 37411980.0,
        "asymmetric_op_cost": 37450508.0,
        "u_max_mean": 2.250673770904541,
        "u_max_max": 4.646541595458984
      }
    },
    "iTransformer": {
      "forecast": {
        "rmse_mean": 24.355865478515625,
        "mae_mean": 14.780183792114258,
        "mape_mean": 53.73748369216919,
        "smape_mean": 39.05784606933594
      },
      "operational": {
        "overload_rate": 0.003075813221406086,
        "sla_violation_rate": 0.003075813221406086,
        "over_provisioning_cost": 36373824.0,
        "asymmetric_op_cost": 36425304.0,
        "u_max_mean": 2.604956865310669,
        "u_max_max": 5.450159072875977
      }
    }
  }
}