{
  "seed": 2048,
  "dataset": "abilene",
  "loss": "asym_l1",
  "T_eff": 9606,
  "num_links": 54,
  "models": {
    "DLinear": {
      "forecast": {
        "rmse_mean": 74.42244720458984,
        "mae_mean": 42.54308319091797,
        "mape_mean": 22.409832159678142,
        "smape_mean": 18.941129684448242
      },
      "operational": {
        "overload_rate": 3.855614932025509e-06,
        "sla_violation_rate": 3.855614932025509e-06,
        "over_provisioning_cost": 1314377856.0,
        "asymmetric_op_cost": 1314377984.0,
        "u_max_mean": 0.8297744393348694,
        "u_max_max": 1.0069996118545532
      }
    },
    "iTransformer": {
      "forecast": {
        "rmse_mean": 85.64549255371094,
        "mae_mean": 40.67671585083008,
        "mape_mean": 22.600904756122166,
        "smape_mean": 17.79011344909668
      },
      "operational": {
        "overload_rate": 0.0,
        "sla_violation_rate": 0.0,
        "over_provisioning_cost": 1610730752.0,
        "asymmetric_op_cost": 1610730752.0,
        "u_max_mean": 0.693009078502655,
        "u_max_max": 0.8547443151473999
      }
    }
  }
}