{
  "seed": 31337,
  "dataset": "geant",
  "loss": "asym",
  "T_eff": 2083,
  "num_links": 58,
  "models": {
    "LSTM": {
      "forecast": {
        "rmse_mean": 2813.445068359375,
        "mae_mean": 2770.9287109375,
        "mape_mean": 850.0193950389994,
        "smape_mean": 131.8359832763672
      },
      "operational": {
        "overload_rate": 0.15260648600327775,
        "sla_violation_rate": 0.15260648600327775,
        "over_provisioning_cost": 414805216.0,
        "asymmetric_op_cost": 534167136.0,
        "u_max_mean": 52113866489856.0,
        "u_max_max": 1377017249398784.0
      }
    },
    "LSTM_CQR": {
      "forecast": {
        "rmse_mean": null,
        "mae_mean": null,
        "mape_mean": null,
        "smape_mean": null
      },
      "operational": {
        "overload_rate": 0.008815203536014038,
        "sla_violation_rate": 0.008815203536014038,
        "over_provisioning_cost": 327861359.8334235,
        "asymmetric_op_cost": 328154726.2819046,
        "u_max_mean": 0.783414403603842,
        "u_max_max": 2.477677500383428
      },
      "calibration": {
        "method": "cqr",
        "target_alpha": 0.05,
        "qhat_mean": 903.2300375330037,
        "qhat_per_link": [
          571.6350708007812,
          1288.0113525390625,
          882.5069580078125,
          -287.1086120605469,
          137.912841796875,
          163.97723388671875,
          -706.9921264648438,
          1182.170654296875,
          5503.67724609375,
          2934.714599609375,
          2008.319091796875,
          534.0242309570312,
          2565.3056640625,
          -181.82974243164062,
          541.994384765625,
          820.802978515625,
          231.27700805664062,
          44.350502014160156,
          2105.531494140625,
          1957.1669921875,
          1991.93017578125,
          2692.519775390625,
          398.83404541015625,
          2065.208984375,
          134.98379516601562,
          18.844451904296875,
          1546.787353515625,
          -2097.778076171875,
          2342.146484375,
          723.1948852539062,
          25.121082305908203,
          989.713134765625,
          354.0327453613281,
          4.414578437805176,
          2002.823486328125,
          -1251.222412109375,
          3260.9990234375,
          162.85421752929688,
          12.672601699829102,
          -1182.2127685546875,
          290.205078125,
          1.2819691896438599,
          155.881103515625,
          4001.431884765625,
          161.5852813720703,
          205.38751220703125,
          7.788571834564209,
          1395.6907958984375,
          107.0077896118164,
          1.3052762746810913,
          -40.8653678894043,
          5293.0576171875,
          530.5276489257812,
          133.5121612548828,
          2.775972843170166,
          19.273487091064453,
          -105.72966003417969,
          3733.90966796875
        ],
        "coverage_overall": 0.9361497839654345,
        "mean_width": 3718.8564453125
      }
    },
    "LSTM_ACI": {
      "forecast": {
        "rmse_mean": null,
        "mae_mean": null,
        "mape_mean": null,
        "smape_mean": null
      },
      "operational": {
        "overload_rate": 0.000869104573973215,
        "sla_violation_rate": 0.000869104573973215,
        "over_provisioning_cost": 313018455.5112995,
        "asymmetric_op_cost": 313025859.6689857,
        "u_max_mean": 0.7400962452034783,
        "u_max_max": 2.5545864661263513
      },
      "calibration": {
        "method": "aci",
        "target_alpha": 0.05,
        "gamma": 0.005,
        "window": 500,
        "qhat_mean": 646.5991696324842,
        "alpha_final_mean": 0.06297043103448284,
        "coverage_overall": 0.937523796910954,
        "mean_width": 3110.738037109375
      }
    }
  },
  "calibration": "both",
  "target_alpha": 0.05
}