{
  "seed": 123,
  "dataset": "cesnet",
  "loss": "asym_l1",
  "T_eff": 7624,
  "num_links": 20,
  "models": {
    "DLinear": {
      "forecast": {
        "rmse_mean": 24.36014175415039,
        "mae_mean": 14.821866989135742,
        "mape_mean": 55.42415580749512,
        "smape_mean": 39.48815155029297
      },
      "operational": {
        "overload_rate": 0.0014624868835257084,
        "sla_violation_rate": 0.0014624868835257084,
        "over_provisioning_cost": 39220544.0,
        "asymmetric_op_cost": 39256192.0,
        "u_max_mean": 2.061103582382202,
        "u_max_max": 4.117062568664551
      }
    },
    "iTransformer": {
      "forecast": {
        "rmse_mean": 23.807170867919922,
        "mae_mean": 13.627644538879395,
        "mape_mean": 43.140914344787596,
        "smape_mean": 35.753135681152344
      },
      "operational": {
        "overload_rate": 0.0033643756558237145,
        "sla_violation_rate": 0.0033643756558237145,
        "over_provisioning_cost": 36104084.0,
        "asymmetric_op_cost": 36158536.0,
        "u_max_mean": 2.691831588745117,
        "u_max_max": 5.947175025939941
      }
    }
  }
}