{
  "seed": 42,
  "dataset": "abilene",
  "loss": "asym",
  "T_eff": 9606,
  "num_links": 54,
  "models": {
    "LSTM": {
      "forecast": {
        "rmse_mean": 168.55882263183594,
        "mae_mean": 106.52420043945312,
        "mape_mean": 55.123260745295774,
        "smape_mean": 38.84762954711914
      },
      "operational": {
        "overload_rate": 0.05428705824291916,
        "sla_violation_rate": 0.05428705824291916,
        "over_provisioning_cost": 476168192.0,
        "asymmetric_op_cost": 507604768.0,
        "u_max_mean": 2.1260461807250977,
        "u_max_max": 7.5528693199157715
      }
    },
    "LSTM_CQR": {
      "forecast": {
        "rmse_mean": null,
        "mae_mean": null,
        "mape_mean": null,
        "smape_mean": null
      },
      "operational": {
        "overload_rate": 0.037850571787694416,
        "sla_violation_rate": 0.037850571787694416,
        "over_provisioning_cost": 619630808.7676069,
        "asymmetric_op_cost": 644687297.4629995,
        "u_max_mean": 1.78104935191359,
        "u_max_max": 6.366222040297947
      },
      "calibration": {
        "method": "cqr",
        "target_alpha": 0.1,
        "qhat_mean": 43.0130580343582,
        "qhat_per_link": [
          0.9082458019256592,
          0.7910594940185547,
          46.311279296875,
          10.038631439208984,
          62.48932647705078,
          64.48214721679688,
          63.85047912597656,
          77.68417358398438,
          -4.62548828125,
          17.268478393554688,
          52.496639251708984,
          6.658633232116699,
          26.024784088134766,
          12.537662506103516,
          156.60714721679688,
          22.297088623046875,
          20.007415771484375,
          -0.7361640930175781,
          82.959716796875,
          50.13316345214844,
          43.341407775878906,
          87.85342407226562,
          98.40690612792969,
          50.05615997314453,
          -17.667083740234375,
          6.861568450927734,
          21.672348022460938,
          9.067953109741211,
          76.64105224609375,
          59.78424072265625,
          0.9241511225700378,
          0.813262939453125,
          20.01654815673828,
          50.50831604003906,
          27.177780151367188,
          137.74630737304688,
          30.719802856445312,
          35.73444366455078,
          18.447406768798828,
          17.6243896484375,
          88.4642562866211,
          60.759368896484375,
          10.773674011230469,
          17.655399322509766,
          97.99703979492188,
          25.322296142578125,
          132.09059143066406,
          59.897857666015625,
          11.377880096435547,
          -1.0557022094726562,
          15.815299987792969,
          13.375579833984375,
          111.11807250976562,
          135.19871520996094
        ],
        "coverage_overall": 0.836151787848644,
        "mean_width": 240.75389099121094
      }
    },
    "LSTM_ACI": {
      "forecast": {
        "rmse_mean": null,
        "mae_mean": null,
        "mape_mean": null,
        "smape_mean": null
      },
      "operational": {
        "overload_rate": 0.0006612379608423747,
        "sla_violation_rate": 0.0006612379608423747,
        "over_provisioning_cost": 829766977.50342,
        "asymmetric_op_cost": 830326301.7319928,
        "u_max_mean": 1.153865099481991,
        "u_max_max": 2.9797162584939514
      },
      "calibration": {
        "method": "aci",
        "target_alpha": 0.1,
        "gamma": 0.005,
        "window": 500,
        "qhat_mean": 86.28894184253834,
        "alpha_final_mean": 0.09450066666666673,
        "coverage_overall": 0.8944795305403259,
        "mean_width": 295.3930358886719
      }
    }
  },
  "calibration": "both",
  "target_alpha": 0.1
}