{
  "seed": 123,
  "dataset": "geant",
  "loss": "asym",
  "T_eff": 2083,
  "num_links": 58,
  "models": {
    "LSTM": {
      "forecast": {
        "rmse_mean": 1795.367919921875,
        "mae_mean": 1694.855224609375,
        "mape_mean": 712.6546538780475,
        "smape_mean": 116.4305648803711
      },
      "operational": {
        "overload_rate": 0.12807290545797673,
        "sla_violation_rate": 0.12807290545797673,
        "over_provisioning_cost": 371305472.0,
        "asymmetric_op_cost": 387259008.0,
        "u_max_mean": 12012187811840.0,
        "u_max_max": 696706911961088.0
      }
    }
  }
}