{
  "seed": 1,
  "dataset": "abilene",
  "loss": "asym",
  "T_eff": 9606,
  "num_links": 54,
  "models": {
    "LSTM": {
      "forecast": {
        "rmse_mean": 176.16262817382812,
        "mae_mean": 113.92029571533203,
        "mape_mean": 57.729291915893555,
        "smape_mean": 40.25684356689453
      },
      "operational": {
        "overload_rate": 0.06796678002174567,
        "sla_violation_rate": 0.06796678002174567,
        "over_provisioning_cost": 419071776.0,
        "asymmetric_op_cost": 457824576.0,
        "u_max_mean": 2.2338569164276123,
        "u_max_max": 6.964114665985107
      }
    },
    "LSTM_CQR": {
      "forecast": {
        "rmse_mean": null,
        "mae_mean": null,
        "mape_mean": null,
        "smape_mean": null
      },
      "operational": {
        "overload_rate": 0.03796238462072316,
        "sla_violation_rate": 0.03796238462072316,
        "over_provisioning_cost": 549961829.2371026,
        "asymmetric_op_cost": 582287503.4527723,
        "u_max_mean": 1.8581745447914881,
        "u_max_max": 7.152471377378823
      },
      "calibration": {
        "method": "cqr",
        "target_alpha": 0.1,
        "qhat_mean": 44.276744888888466,
        "qhat_per_link": [
          1.2258068323135376,
          0.8932077884674072,
          70.98043060302734,
          11.912155151367188,
          63.72582244873047,
          61.53497314453125,
          55.58897399902344,
          68.95248413085938,
          10.367828369140625,
          10.196578979492188,
          55.183589935302734,
          5.134200096130371,
          29.216293334960938,
          20.106571197509766,
          122.72357177734375,
          57.149871826171875,
          20.019378662109375,
          1.9212760925292969,
          80.1751708984375,
          59.635032653808594,
          33.530921936035156,
          104.89828491210938,
          93.44953918457031,
          33.70691680908203,
          35.10005187988281,
          8.169261932373047,
          13.101394653320312,
          9.543533325195312,
          95.6927490234375,
          45.779205322265625,
          1.2228245735168457,
          0.9852421283721924,
          37.54798889160156,
          59.16026306152344,
          25.184585571289062,
          126.18692016601562,
          20.792449951171875,
          22.538619995117188,
          20.9386043548584,
          48.94506072998047,
          89.69684600830078,
          52.04631042480469,
          12.070636749267578,
          17.711288452148438,
          87.49052429199219,
          56.450469970703125,
          138.4093780517578,
          40.646575927734375,
          7.4843292236328125,
          8.407356262207031,
          17.689620971679688,
          8.652099609375,
          90.8065185546875,
          120.26463317871094
        ],
        "coverage_overall": 0.8358144215420917,
        "mean_width": 263.17047119140625
      }
    },
    "LSTM_ACI": {
      "forecast": {
        "rmse_mean": null,
        "mae_mean": null,
        "mape_mean": null,
        "smape_mean": null
      },
      "operational": {
        "overload_rate": 0.0005166524008914182,
        "sla_violation_rate": 0.0005166524008914182,
        "over_provisioning_cost": 835339810.3446409,
        "asymmetric_op_cost": 835937965.5614682,
        "u_max_mean": 1.1009261412234066,
        "u_max_max": 1.9670809843887445
      },
      "calibration": {
        "method": "aci",
        "target_alpha": 0.1,
        "gamma": 0.005,
        "window": 500,
        "qhat_mean": 89.40741577854862,
        "alpha_final_mean": 0.0998617962962964,
        "coverage_overall": 0.8945585706464324,
        "mean_width": 333.7426452636719
      }
    }
  },
  "calibration": "both",
  "target_alpha": 0.1
}