{
  "seed": 65521,
  "dataset": "geant",
  "loss": "asym_l1",
  "T_eff": 2083,
  "num_links": 58,
  "models": {
    "DLinear": {
      "forecast": {
        "rmse_mean": 157.02748107910156,
        "mae_mean": 131.4635009765625,
        "mape_mean": 53.19075750071427,
        "smape_mean": 35.3109245300293
      },
      "operational": {
        "overload_rate": 0.06887446819077259,
        "sla_violation_rate": 0.06887446819077259,
        "over_provisioning_cost": 41913500.0,
        "asymmetric_op_cost": 43426024.0,
        "u_max_mean": 1.41987943649292,
        "u_max_max": 3.578202724456787
      }
    },
    "iTransformer": {
      "forecast": {
        "rmse_mean": 82.64850616455078,
        "mae_mean": 60.729827880859375,
        "mape_mean": 21.746509897297827,
        "smape_mean": 19.9688720703125
      },
      "operational": {
        "overload_rate": 0.0047676593772244934,
        "sla_violation_rate": 0.0047676593772244934,
        "over_provisioning_cost": 64134332.0,
        "asymmetric_op_cost": 64150060.0,
        "u_max_mean": 1.2305753231048584,
        "u_max_max": 3.422030210494995
      }
    }
  }
}