{
  "seed": 8191,
  "dataset": "geant",
  "loss": "asym",
  "T_eff": 2083,
  "num_links": 58,
  "models": {
    "LSTM": {
      "forecast": {
        "rmse_mean": 2445.93798828125,
        "mae_mean": 2344.8251953125,
        "mape_mean": 868.4716419022659,
        "smape_mean": 129.73829650878906
      },
      "operational": {
        "overload_rate": 0.0654394358269737,
        "sla_violation_rate": 0.0654394358269737,
        "over_provisioning_cost": 491321728.0,
        "asymmetric_op_cost": 513426720.0,
        "u_max_mean": 0.7955476641654968,
        "u_max_max": 7.71043062210083
      }
    },
    "LSTM_CQR": {
      "forecast": {
        "rmse_mean": null,
        "mae_mean": null,
        "mape_mean": null,
        "smape_mean": null
      },
      "operational": {
        "overload_rate": 0.012382670882513616,
        "sla_violation_rate": 0.012382670882513616,
        "over_provisioning_cost": 297390184.8416213,
        "asymmetric_op_cost": 298018595.97430503,
        "u_max_mean": 0.7472992132661918,
        "u_max_max": 3.257725933480365
      },
      "calibration": {
        "method": "cqr",
        "target_alpha": 0.2,
        "qhat_mean": -320.34992680467406,
        "qhat_per_link": [
          931.4768676757812,
          -222.9515380859375,
          -3907.28759765625,
          182.16705322265625,
          744.9073486328125,
          -1035.3994140625,
          -8884.30859375,
          -2246.654296875,
          1576.462158203125,
          4858.33935546875,
          -246.2884521484375,
          -1074.7510986328125,
          -695.1441040039062,
          -2881.013916015625,
          -753.81005859375,
          5495.7939453125,
          241.01119995117188,
          -72.92146301269531,
          1138.159912109375,
          -2569.566650390625,
          1813.5340576171875,
          -105.70327758789062,
          346.34442138671875,
          -6108.7744140625,
          623.5214233398438,
          48.56147766113281,
          1432.63134765625,
          -1256.5810546875,
          7165.45458984375,
          -470.21826171875,
          31.00595474243164,
          -1270.12939453125,
          112.6904296875,
          5.0372314453125,
          1394.0595703125,
          -8317.734375,
          -351.33642578125,
          -135.0108642578125,
          4.050158500671387,
          -1728.1011962890625,
          22.54864501953125,
          0.40556883811950684,
          35.184226989746094,
          4835.24560546875,
          228.9251708984375,
          175.77218627929688,
          3.6692442893981934,
          713.5693969726562,
          -36.888824462890625,
          -1.2203164100646973,
          139.68106079101562,
          -6421.72216796875,
          334.17041015625,
          -31.888526916503906,
          14.700444221496582,
          6.915441513061523,
          -192.1412353515625,
          -2218.744140625
        ],
        "coverage_overall": 0.8301769662456338,
        "mean_width": 3551.528076171875
      }
    },
    "LSTM_ACI": {
      "forecast": {
        "rmse_mean": null,
        "mae_mean": null,
        "mape_mean": null,
        "smape_mean": null
      },
      "operational": {
        "overload_rate": 0.004660055953780191,
        "sla_violation_rate": 0.004660055953780191,
        "over_provisioning_cost": 288617338.39291275,
        "asymmetric_op_cost": 288797257.3216218,
        "u_max_mean": 0.7281826389718223,
        "u_max_max": 3.615690289748345
      },
      "calibration": {
        "method": "aci",
        "target_alpha": 0.2,
        "gamma": 0.005,
        "window": 500,
        "qhat_mean": -435.8120026639823,
        "alpha_final_mean": 0.236258775862069,
        "coverage_overall": 0.7553512010197494,
        "mean_width": 3236.375244140625
      }
    }
  },
  "calibration": "both",
  "target_alpha": 0.2
}