{
  "seed": 456,
  "dataset": "cesnet",
  "loss": "asym",
  "T_eff": 7624,
  "num_links": 20,
  "models": {
    "DLinear": {
      "forecast": {
        "rmse_mean": 24.053667068481445,
        "mae_mean": 14.24072551727295,
        "mape_mean": 54.26396627426148,
        "smape_mean": 39.25657653808594
      },
      "operational": {
        "overload_rate": 0.0029905561385099684,
        "sla_violation_rate": 0.0029905561385099684,
        "over_provisioning_cost": 32859004.0,
        "asymmetric_op_cost": 32888568.0,
        "u_max_mean": 2.546997547149658,
        "u_max_max": 5.582337856292725
      }
    },
    "iTransformer": {
      "forecast": {
        "rmse_mean": 23.670848846435547,
        "mae_mean": 13.121411323547363,
        "mape_mean": 41.71363954544067,
        "smape_mean": 35.25053024291992
      },
      "operational": {
        "overload_rate": 0.004138247639034628,
        "sla_violation_rate": 0.004138247639034628,
        "over_provisioning_cost": 34888624.0,
        "asymmetric_op_cost": 34919092.0,
        "u_max_mean": 2.797267198562622,
        "u_max_max": 5.579329490661621
      }
    }
  }
}