{
  "seed": 1024,
  "dataset": "cesnet",
  "loss": "mse",
  "T_eff": 7624,
  "num_links": 20,
  "models": {
    "DCRNN": {
      "forecast": {
        "rmse_mean": 23.633426666259766,
        "mae_mean": 13.9285888671875,
        "mape_mean": 51.64458971023559,
        "smape_mean": 38.40570831298828
      },
      "operational": {
        "overload_rate": 0.005508919202518363,
        "sla_violation_rate": 0.005508919202518363,
        "over_provisioning_cost": 30078202.0,
        "asymmetric_op_cost": 30120636.0,
        "u_max_mean": 3.0811171531677246,
        "u_max_max": 5.6568684577941895
      }
    }
  }
}