{
  "seed": 3,
  "dataset": "abilene",
  "loss": "asym_l1",
  "T_eff": 9606,
  "num_links": 54,
  "models": {
    "DLinear": {
      "forecast": {
        "rmse_mean": 58.54350662231445,
        "mae_mean": 30.070507049560547,
        "mape_mean": 16.042768911079126,
        "smape_mean": 14.073531150817871
      },
      "operational": {
        "overload_rate": 3.855614932025509e-06,
        "sla_violation_rate": 3.855614932025509e-06,
        "over_provisioning_cost": 1208137216.0,
        "asymmetric_op_cost": 1208137216.0,
        "u_max_mean": 0.8686954975128174,
        "u_max_max": 1.010819673538208
      }
    },
    "iTransformer": {
      "forecast": {
        "rmse_mean": 75.78185272216797,
        "mae_mean": 33.811683654785156,
        "mape_mean": 18.06073773348773,
        "smape_mean": 14.797036170959473
      },
      "operational": {
        "overload_rate": 0.0,
        "sla_violation_rate": 0.0,
        "over_provisioning_cost": 1410448128.0,
        "asymmetric_op_cost": 1410448128.0,
        "u_max_mean": 0.7425413727760315,
        "u_max_max": 0.8821071982383728
      }
    }
  }
}