{
  "seed": 13,
  "dataset": "abilene",
  "loss": "asym",
  "T_eff": 9606,
  "num_links": 54,
  "models": {
    "LSTM": {
      "forecast": {
        "rmse_mean": 162.14181518554688,
        "mae_mean": 99.94969177246094,
        "mape_mean": 51.97135718663534,
        "smape_mean": 38.0885009765625
      },
      "operational": {
        "overload_rate": 0.062245047462619815,
        "sla_violation_rate": 0.062245047462619815,
        "over_provisioning_cost": 427545600.0,
        "asymmetric_op_cost": 459695680.0,
        "u_max_mean": 2.2510671615600586,
        "u_max_max": 7.226821422576904
      }
    },
    "LSTM_CQR": {
      "forecast": {
        "rmse_mean": null,
        "mae_mean": null,
        "mape_mean": null,
        "smape_mean": null
      },
      "operational": {
        "overload_rate": 0.035097662726228204,
        "sla_violation_rate": 0.035097662726228204,
        "over_provisioning_cost": 593862180.4045106,
        "asymmetric_op_cost": 617645191.006384,
        "u_max_mean": 1.7446215627541872,
        "u_max_max": 5.82318737663034
      },
      "calibration": {
        "method": "cqr",
        "target_alpha": 0.1,
        "qhat_mean": 48.811462022640086,
        "qhat_per_link": [
          1.1404531002044678,
          1.3295574188232422,
          48.347808837890625,
          11.999408721923828,
          67.21022033691406,
          57.079620361328125,
          88.54299926757812,
          68.56973266601562,
          10.782073974609375,
          16.99261474609375,
          59.755348205566406,
          3.4250965118408203,
          33.10296630859375,
          21.496070861816406,
          139.41006469726562,
          52.182281494140625,
          36.42010498046875,
          -16.92864990234375,
          95.1488037109375,
          53.50391387939453,
          84.34651184082031,
          89.4073486328125,
          91.74746704101562,
          78.54833984375,
          44.852996826171875,
          8.517169952392578,
          20.607147216796875,
          13.695595741271973,
          74.49421691894531,
          58.570953369140625,
          1.1021217107772827,
          1.1601060628890991,
          31.315338134765625,
          59.08196258544922,
          65.09410095214844,
          94.00393676757812,
          26.581283569335938,
          35.82818603515625,
          18.804725646972656,
          -0.6154251098632812,
          73.4345703125,
          54.04490661621094,
          19.327037811279297,
          17.8663330078125,
          141.16754150390625,
          90.26687622070312,
          128.41452026367188,
          77.20230102539062,
          11.838180541992188,
          3.9657325744628906,
          21.94470977783203,
          15.924163818359375,
          105.6109619140625,
          128.1565399169922
        ],
        "coverage_overall": 0.8470111273046939,
        "mean_width": 284.6629943847656
      }
    },
    "LSTM_ACI": {
      "forecast": {
        "rmse_mean": null,
        "mae_mean": null,
        "mape_mean": null,
        "smape_mean": null
      },
      "operational": {
        "overload_rate": 0.0005976203144639539,
        "sla_violation_rate": 0.0005976203144639539,
        "over_provisioning_cost": 807931914.8739759,
        "asymmetric_op_cost": 808653488.0471555,
        "u_max_mean": 1.121353498494599,
        "u_max_max": 2.055962830364744
      },
      "calibration": {
        "method": "aci",
        "target_alpha": 0.1,
        "gamma": 0.005,
        "window": 500,
        "qhat_mean": 89.6262731552124,
        "alpha_final_mean": 0.09815814814814824,
        "coverage_overall": 0.8945431481867043,
        "mean_width": 331.9406433105469
      }
    }
  },
  "calibration": "both",
  "target_alpha": 0.1
}