{
  "num_seeds": 5,
  "seeds": [
    42,
    123,
    456,
    789,
    1024
  ],
  "dataset": "abilene",
  "loss": "asym",
  "per_seed": [
    {
      "seed": 42,
      "dataset": "abilene",
      "loss": "asym",
      "T_eff": 9606,
      "num_links": 54,
      "models": {
        "LSTM": {
          "forecast": {
            "rmse_mean": 131.925537109375,
            "mae_mean": 83.04258728027344,
            "mape_mean": 45.67640048486215,
            "smape_mean": 31.058317184448242
          },
          "operational": {
            "overload_rate": 0.00721578334528574,
            "sla_violation_rate": 0.00721578334528574,
            "over_provisioning_cost": 978630784.0,
            "asymmetric_op_cost": 986366656.0,
            "u_max_mean": 1.201900601387024,
            "u_max_max": 3.6863160133361816
          }
        }
      }
    },
    {
      "seed": 123,
      "dataset": "abilene",
      "loss": "asym",
      "T_eff": 9606,
      "num_links": 54,
      "models": {
        "LSTM": {
          "forecast": {
            "rmse_mean": 105.01775360107422,
            "mae_mean": 67.71702575683594,
            "mape_mean": 38.88087820123743,
            "smape_mean": 29.933570861816406
          },
          "operational": {
            "overload_rate": 0.009265042681657298,
            "sla_violation_rate": 0.009265042681657298,
            "over_provisioning_cost": 918952320.0,
            "asymmetric_op_cost": 928726080.0,
            "u_max_mean": 1.199528694152832,
            "u_max_max": 3.260762929916382
          }
        }
      }
    },
    {
      "seed": 456,
      "dataset": "abilene",
      "loss": "asym",
      "T_eff": 9606,
      "num_links": 54,
      "models": {
        "LSTM": {
          "forecast": {
            "rmse_mean": 134.88629150390625,
            "mae_mean": 87.92597198486328,
            "mape_mean": 45.52627796596951,
            "smape_mean": 33.17967987060547
          },
          "operational": {
            "overload_rate": 0.007107826127189025,
            "sla_violation_rate": 0.007107826127189025,
            "over_provisioning_cost": 978159616.0,
            "asymmetric_op_cost": 984908288.0,
            "u_max_mean": 1.1098122596740723,
            "u_max_max": 3.225508213043213
          }
        }
      }
    },
    {
      "seed": 789,
      "dataset": "abilene",
      "loss": "asym",
      "T_eff": 9606,
      "num_links": 54,
      "models": {
        "LSTM": {
          "forecast": {
            "rmse_mean": 120.0079116821289,
            "mae_mean": 79.28829956054688,
            "mape_mean": 43.87484511622676,
            "smape_mean": 32.798648834228516
          },
          "operational": {
            "overload_rate": 0.005151101549186079,
            "sla_violation_rate": 0.005151101549186079,
            "over_provisioning_cost": 1013900352.0,
            "asymmetric_op_cost": 1019239488.0,
            "u_max_mean": 1.1280604600906372,
            "u_max_max": 3.327528238296509
          }
        }
      }
    },
    {
      "seed": 1024,
      "dataset": "abilene",
      "loss": "asym",
      "T_eff": 9606,
      "num_links": 54,
      "models": {
        "LSTM": {
          "forecast": {
            "rmse_mean": 109.2176284790039,
            "mae_mean": 70.61125946044922,
            "mape_mean": 38.39956076939901,
            "smape_mean": 29.652233123779297
          },
          "operational": {
            "overload_rate": 0.007572427726498099,
            "sla_violation_rate": 0.007572427726498099,
            "over_provisioning_cost": 870580608.0,
            "asymmetric_op_cost": 881047296.0,
            "u_max_mean": 1.22307288646698,
            "u_max_max": 3.467557907104492
          }
        }
      }
    }
  ],
  "models": {
    "LSTM": {
      "forecast": {
        "rmse_mean": {
          "mean": 120.21102447509766,
          "std": 11.868654168106227,
          "min": 105.01775360107422,
          "max": 134.88629150390625,
          "values": [
            131.925537109375,
            105.01775360107422,
            134.88629150390625,
            120.0079116821289,
            109.2176284790039
          ]
        },
        "mae_mean": {
          "mean": 77.71702880859375,
          "std": 7.557049750421374,
          "min": 67.71702575683594,
          "max": 87.92597198486328,
          "values": [
            83.04258728027344,
            67.71702575683594,
            87.92597198486328,
            79.28829956054688,
            70.61125946044922
          ]
        },
        "mape_mean": {
          "mean": 42.47159250753897,
          "std": 3.1951740801135733,
          "min": 38.39956076939901,
          "max": 45.67640048486215,
          "values": [
            45.67640048486215,
            38.88087820123743,
            45.52627796596951,
            43.87484511622676,
            38.39956076939901
          ]
        },
        "smape_mean": {
          "mean": 31.324489974975585,
          "std": 1.4433863516953922,
          "min": 29.652233123779297,
          "max": 33.17967987060547,
          "values": [
            31.058317184448242,
            29.933570861816406,
            33.17967987060547,
            32.798648834228516,
            29.652233123779297
          ]
        }
      },
      "operational": {
        "overload_rate": {
          "mean": 0.0072624362859632485,
          "std": 0.0013107511005581152,
          "min": 0.005151101549186079,
          "max": 0.009265042681657298,
          "values": [
            0.00721578334528574,
            0.009265042681657298,
            0.007107826127189025,
            0.005151101549186079,
            0.007572427726498099
          ]
        },
        "sla_violation_rate": {
          "mean": 0.0072624362859632485,
          "std": 0.0013107511005581152,
          "min": 0.005151101549186079,
          "max": 0.009265042681657298,
          "values": [
            0.00721578334528574,
            0.009265042681657298,
            0.007107826127189025,
            0.005151101549186079,
            0.007572427726498099
          ]
        },
        "over_provisioning_cost": {
          "mean": 952044736.0,
          "std": 50885035.686200716,
          "min": 870580608.0,
          "max": 1013900352.0,
          "values": [
            978630784.0,
            918952320.0,
            978159616.0,
            1013900352.0,
            870580608.0
          ]
        },
        "asymmetric_op_cost": {
          "mean": 960057561.6,
          "std": 49064266.57477816,
          "min": 881047296.0,
          "max": 1019239488.0,
          "values": [
            986366656.0,
            928726080.0,
            984908288.0,
            1019239488.0,
            881047296.0
          ]
        },
        "u_max_mean": {
          "mean": 1.172474980354309,
          "std": 0.044849046544472936,
          "min": 1.1098122596740723,
          "max": 1.22307288646698,
          "values": [
            1.201900601387024,
            1.199528694152832,
            1.1098122596740723,
            1.1280604600906372,
            1.22307288646698
          ]
        },
        "u_max_max": {
          "mean": 3.3935346603393555,
          "std": 0.16817754241614843,
          "min": 3.225508213043213,
          "max": 3.6863160133361816,
          "values": [
            3.6863160133361816,
            3.260762929916382,
            3.225508213043213,
            3.327528238296509,
            3.467557907104492
          ]
        }
      }
    }
  }
}