{
  "seed": 2,
  "dataset": "abilene",
  "loss": "asym",
  "T_eff": 9606,
  "num_links": 54,
  "models": {
    "LSTM": {
      "forecast": {
        "rmse_mean": 160.33212280273438,
        "mae_mean": 107.41259765625,
        "mape_mean": 53.02432053177445,
        "smape_mean": 39.09302520751953
      },
      "operational": {
        "overload_rate": 0.061215598275769,
        "sla_violation_rate": 0.061215598275769,
        "over_provisioning_cost": 501313568.0,
        "asymmetric_op_cost": 535133792.0,
        "u_max_mean": 2.0996527671813965,
        "u_max_max": 7.647500991821289
      }
    }
  }
}