{
  "seed": 7,
  "dataset": "cesnet",
  "loss": "asym",
  "T_eff": 7624,
  "num_links": 20,
  "models": {
    "LSTM": {
      "forecast": {
        "rmse_mean": 44.32140350341797,
        "mae_mean": 38.84784698486328,
        "mape_mean": 222.3597370147705,
        "smape_mean": 79.71060180664062
      },
      "operational": {
        "overload_rate": 0.014906873032528856,
        "sla_violation_rate": 0.014906873032528856,
        "over_provisioning_cost": 18500456.0,
        "asymmetric_op_cost": 19563872.0,
        "u_max_mean": 4.211923122406006,
        "u_max_max": 7.139186859130859
      }
    }
  }
}