{
  "seed": 7,
  "dataset": "cesnet",
  "loss": "asym",
  "T_eff": 7624,
  "num_links": 20,
  "models": {
    "DLinear": {
      "forecast": {
        "rmse_mean": 37.15587615966797,
        "mae_mean": 29.78816795349121,
        "mape_mean": 140.6613981246948,
        "smape_mean": 66.44636535644531
      },
      "operational": {
        "overload_rate": 0.0006689401888772297,
        "sla_violation_rate": 0.0006689401888772297,
        "over_provisioning_cost": 50522512.0,
        "asymmetric_op_cost": 50592112.0,
        "u_max_mean": 1.6693103313446045,
        "u_max_max": 3.0474789142608643
      }
    },
    "iTransformer": {
      "forecast": {
        "rmse_mean": 34.02865219116211,
        "mae_mean": 24.121463775634766,
        "mape_mean": 95.29705276489258,
        "smape_mean": 54.00835418701172
      },
      "operational": {
        "overload_rate": 0.0005836831059811123,
        "sla_violation_rate": 0.0005836831059811123,
        "over_provisioning_cost": 53750680.0,
        "asymmetric_op_cost": 53811056.0,
        "u_max_mean": 1.570465326309204,
        "u_max_max": 2.3156721591949463
      }
    }
  }
}