{
  "seed": 99,
  "dataset": "abilene",
  "loss": "asym",
  "T_eff": 9606,
  "num_links": 54,
  "models": {
    "LSTM": {
      "forecast": {
        "rmse_mean": 169.52813720703125,
        "mae_mean": 109.30300903320312,
        "mape_mean": 58.95828515511972,
        "smape_mean": 40.28662109375
      },
      "operational": {
        "overload_rate": 0.056920443241492584,
        "sla_violation_rate": 0.056920443241492584,
        "over_provisioning_cost": 506313280.0,
        "asymmetric_op_cost": 538318592.0,
        "u_max_mean": 2.0628063678741455,
        "u_max_max": 6.957607746124268
      }
    },
    "LSTM_CQR": {
      "forecast": {
        "rmse_mean": null,
        "mae_mean": null,
        "mape_mean": null,
        "smape_mean": null
      },
      "operational": {
        "overload_rate": 0.03168544351138563,
        "sla_violation_rate": 0.03168544351138563,
        "over_provisioning_cost": 645039097.2461721,
        "asymmetric_op_cost": 667658677.4329396,
        "u_max_mean": 1.6632904995410949,
        "u_max_max": 5.975505095750626
      },
      "calibration": {
        "method": "cqr",
        "target_alpha": 0.05,
        "qhat_mean": 37.31246883008215,
        "qhat_per_link": [
          0.8116247653961182,
          1.6208980083465576,
          49.66795349121094,
          11.120597839355469,
          54.087554931640625,
          120.03781127929688,
          40.9954833984375,
          22.83587646484375,
          21.54364013671875,
          17.91741943359375,
          52.16377258300781,
          4.23753547668457,
          37.011634826660156,
          17.43415069580078,
          69.72048950195312,
          65.54458618164062,
          40.404754638671875,
          -11.821256637573242,
          36.031036376953125,
          52.28601837158203,
          44.034637451171875,
          85.19805908203125,
          45.15831756591797,
          40.622955322265625,
          35.04905700683594,
          3.9322471618652344,
          29.56066131591797,
          11.92048454284668,
          63.89277648925781,
          44.459716796875,
          0.7495418190956116,
          1.637524127960205,
          22.991043090820312,
          53.04801940917969,
          59.02281188964844,
          57.12397766113281,
          12.3800048828125,
          33.91188049316406,
          13.83437728881836,
          11.356094360351562,
          52.80419921875,
          58.124176025390625,
          10.75827407836914,
          18.319503784179688,
          96.15269470214844,
          65.32585144042969,
          86.91770935058594,
          49.083221435546875,
          10.21939468383789,
          10.713836669921875,
          10.540115356445312,
          16.292984008789062,
          80.09051513671875,
          75.99507141113281
        ],
        "coverage_overall": 0.8892628835372953,
        "mean_width": 274.60174560546875
      }
    },
    "LSTM_ACI": {
      "forecast": {
        "rmse_mean": null,
        "mae_mean": null,
        "mape_mean": null,
        "smape_mean": null
      },
      "operational": {
        "overload_rate": 0.00021398662872741575,
        "sla_violation_rate": 0.00021398662872741575,
        "over_provisioning_cost": 894691853.9049207,
        "asymmetric_op_cost": 895046383.5565244,
        "u_max_mean": 1.018643715638784,
        "u_max_max": 1.771816764894182
      },
      "calibration": {
        "method": "aci",
        "target_alpha": 0.05,
        "gamma": 0.005,
        "window": 500,
        "qhat_mean": 71.90169482760959,
        "alpha_final_mean": 0.058274055555556,
        "coverage_overall": 0.9470103561817074,
        "mean_width": 336.7025451660156
      }
    }
  },
  "calibration": "both",
  "target_alpha": 0.05
}