{
  "seed": 7,
  "dataset": "abilene",
  "loss": "asym",
  "T_eff": 9606,
  "num_links": 54,
  "models": {
    "LSTM": {
      "forecast": {
        "rmse_mean": 175.35214233398438,
        "mae_mean": 115.01791381835938,
        "mape_mean": 62.88759273952908,
        "smape_mean": 42.589508056640625
      },
      "operational": {
        "overload_rate": 0.0585243790532152,
        "sla_violation_rate": 0.0585243790532152,
        "over_provisioning_cost": 367594752.0,
        "asymmetric_op_cost": 407602208.0,
        "u_max_mean": 2.31764554977417,
        "u_max_max": 7.770023345947266
      }
    },
    "LSTM_CQR": {
      "forecast": {
        "rmse_mean": null,
        "mae_mean": null,
        "mape_mean": null,
        "smape_mean": null
      },
      "operational": {
        "overload_rate": 0.03688859586215405,
        "sla_violation_rate": 0.03688859586215405,
        "over_provisioning_cost": 585426899.5920001,
        "asymmetric_op_cost": 617056002.7696,
        "u_max_mean": 1.8276712978808984,
        "u_max_max": 6.828421468122501
      },
      "calibration": {
        "method": "cqr",
        "target_alpha": 0.2,
        "qhat_mean": 36.1653350547508,
        "qhat_per_link": [
          0.3439455032348633,
          0.8403568267822266,
          49.421348571777344,
          7.450658798217773,
          41.546897888183594,
          64.778076171875,
          46.97540283203125,
          61.43914794921875,
          35.504730224609375,
          9.748748779296875,
          34.735191345214844,
          0.1883840560913086,
          38.69911193847656,
          8.783941268920898,
          92.84646606445312,
          43.18499755859375,
          49.959808349609375,
          -22.341815948486328,
          64.88229370117188,
          41.899662017822266,
          59.19789123535156,
          69.50650024414062,
          63.21624755859375,
          53.165191650390625,
          36.122955322265625,
          11.369190216064453,
          13.071285247802734,
          10.337778091430664,
          77.28662109375,
          35.475860595703125,
          0.3582906723022461,
          0.6211061477661133,
          12.593925476074219,
          40.85186767578125,
          21.318466186523438,
          74.86618041992188,
          18.660263061523438,
          32.32219696044922,
          1.8951644897460938,
          -21.7626953125,
          49.429779052734375,
          51.37615966796875,
          8.987663269042969,
          16.888328552246094,
          101.99655151367188,
          84.26516723632812,
          95.9442138671875,
          43.517486572265625,
          4.7094268798828125,
          2.4714126586914062,
          17.212623596191406,
          18.1673583984375,
          91.31475830078125,
          85.2855224609375
        ],
        "coverage_overall": 0.7848624702153747,
        "mean_width": 258.9740295410156
      }
    },
    "LSTM_ACI": {
      "forecast": {
        "rmse_mean": null,
        "mae_mean": null,
        "mape_mean": null,
        "smape_mean": null
      },
      "operational": {
        "overload_rate": 0.0018776844718964227,
        "sla_violation_rate": 0.0018776844718964227,
        "over_provisioning_cost": 828188736.2551404,
        "asymmetric_op_cost": 828795390.548277,
        "u_max_mean": 1.20689529780532,
        "u_max_max": 3.610035649259079
      },
      "calibration": {
        "method": "aci",
        "target_alpha": 0.2,
        "gamma": 0.005,
        "window": 500,
        "qhat_mean": 56.71339359989873,
        "alpha_final_mean": 0.17944475925925923,
        "coverage_overall": 0.7891152134853988,
        "mean_width": 298.51275634765625
      }
    }
  },
  "calibration": "both",
  "target_alpha": 0.2
}