{
  "seed": 123,
  "dataset": "abilene",
  "loss": "asym",
  "T_eff": 9606,
  "num_links": 54,
  "models": {
    "LSTM": {
      "forecast": {
        "rmse_mean": 166.43206787109375,
        "mae_mean": 127.88616943359375,
        "mape_mean": 63.456435185891614,
        "smape_mean": 43.462158203125
      },
      "operational": {
        "overload_rate": 0.0608531704721586,
        "sla_violation_rate": 0.0608531704721586,
        "over_provisioning_cost": 475233152.0,
        "asymmetric_op_cost": 506003968.0,
        "u_max_mean": 2.1442081928253174,
        "u_max_max": 7.332832336425781
      }
    }
  }
}