{
  "seed": 789,
  "dataset": "geant",
  "loss": "asym",
  "T_eff": 2083,
  "num_links": 58,
  "models": {
    "LSTM": {
      "forecast": {
        "rmse_mean": 3045.797119140625,
        "mae_mean": 3007.984375,
        "mape_mean": 1208.5847223544943,
        "smape_mean": 130.9803466796875
      },
      "operational": {
        "overload_rate": 0.12582151075206516,
        "sla_violation_rate": 0.12582151075206516,
        "over_provisioning_cost": 481296000.0,
        "asymmetric_op_cost": 512965728.0,
        "u_max_mean": 31869615734784.0,
        "u_max_max": 994049108475904.0
      }
    },
    "LSTM_CQR": {
      "forecast": {
        "rmse_mean": null,
        "mae_mean": null,
        "mape_mean": null,
        "smape_mean": null
      },
      "operational": {
        "overload_rate": 0.016968232158524676,
        "sla_violation_rate": 0.016968232158524676,
        "over_provisioning_cost": 307781179.1861671,
        "asymmetric_op_cost": 308493122.6611537,
        "u_max_mean": 0.8691658172743335,
        "u_max_max": 3.4436850959340877
      },
      "calibration": {
        "method": "cqr",
        "target_alpha": 0.1,
        "qhat_mean": 693.054113928614,
        "qhat_per_link": [
          2449.224365234375,
          129.8033447265625,
          -5571.98046875,
          203.0672607421875,
          -641.13671875,
          -666.2257080078125,
          10683.5341796875,
          2476.30078125,
          1773.548828125,
          8847.6708984375,
          464.83837890625,
          18.07281494140625,
          -1279.251953125,
          1139.723876953125,
          2017.61865234375,
          -174.822998046875,
          188.05618286132812,
          -1.8707427978515625,
          2236.989501953125,
          3056.72509765625,
          -4539.72607421875,
          4063.033447265625,
          384.008544921875,
          2113.4375,
          -97.0855712890625,
          17.783111572265625,
          1344.26806640625,
          -3099.5673828125,
          3544.26513671875,
          125.65863037109375,
          31.897966384887695,
          860.70849609375,
          184.087158203125,
          3.164900302886963,
          1541.196533203125,
          9483.6015625,
          -2846.057861328125,
          9.172256469726562,
          7.668191909790039,
          3536.2451171875,
          239.024169921875,
          1.1730912923812866,
          -14.272050857543945,
          -43.68629455566406,
          900.0819702148438,
          64.96438598632812,
          6.081629753112793,
          826.3538208007812,
          131.39077758789062,
          2.116065502166748,
          17.781513214111328,
          -1046.1844482421875,
          -872.9493408203125,
          217.9231414794922,
          -5.873345851898193,
          3.293193817138672,
          717.2769775390625,
          -4965.001953125
        ],
        "coverage_overall": 0.8981740526760144,
        "mean_width": 3928.28564453125
      }
    },
    "LSTM_ACI": {
      "forecast": {
        "rmse_mean": null,
        "mae_mean": null,
        "mape_mean": null,
        "smape_mean": null
      },
      "operational": {
        "overload_rate": 0.0023507209429370767,
        "sla_violation_rate": 0.0023507209429370767,
        "over_provisioning_cost": 286646664.6360053,
        "asymmetric_op_cost": 286690745.83202493,
        "u_max_mean": 0.7965051820567608,
        "u_max_max": 2.294602020792588
      },
      "calibration": {
        "method": "aci",
        "target_alpha": 0.1,
        "gamma": 0.005,
        "window": 500,
        "qhat_mean": 408.2729839374279,
        "alpha_final_mean": 0.1223279137931035,
        "coverage_overall": 0.877762510967272,
        "mean_width": 3308.022705078125
      }
    }
  },
  "calibration": "both",
  "target_alpha": 0.1
}