{
  "seed": 7,
  "dataset": "geant",
  "loss": "asym",
  "T_eff": 2083,
  "num_links": 58,
  "models": {
    "DLinear": {
      "forecast": {
        "rmse_mean": 3373.91748046875,
        "mae_mean": 3366.217041015625,
        "mape_mean": 1256.3952160210445,
        "smape_mean": 121.60187530517578
      },
      "operational": {
        "overload_rate": 0.009493932822355024,
        "sla_violation_rate": 0.009493932822355024,
        "over_provisioning_cost": 477129344.0,
        "asymmetric_op_cost": 478707520.0,
        "u_max_mean": 0.5579522252082825,
        "u_max_max": 1.7755026817321777
      }
    },
    "iTransformer": {
      "forecast": {
        "rmse_mean": 110.87459564208984,
        "mae_mean": 81.73072052001953,
        "mape_mean": 29.377815049270104,
        "smape_mean": 24.853343963623047
      },
      "operational": {
        "overload_rate": 0.0007946098962040823,
        "sla_violation_rate": 0.0007946098962040823,
        "over_provisioning_cost": 80302064.0,
        "asymmetric_op_cost": 80307888.0,
        "u_max_mean": 1.0187104940414429,
        "u_max_max": 2.3124728202819824
      }
    }
  }
}