{
  "seed": 271828,
  "dataset": "abilene",
  "loss": "mse",
  "T_eff": 9606,
  "num_links": 54,
  "models": {
    "DLinear": {
      "forecast": {
        "rmse_mean": 45.33403015136719,
        "mae_mean": 18.61594009399414,
        "mape_mean": 9.248956335915459,
        "smape_mean": 8.855987548828125
      },
      "operational": {
        "overload_rate": 6.940106877645916e-05,
        "sla_violation_rate": 6.940106877645916e-05,
        "over_provisioning_cost": 1007464128.0,
        "asymmetric_op_cost": 1007464576.0,
        "u_max_mean": 0.9788041710853577,
        "u_max_max": 1.12815260887146
      }
    },
    "iTransformer": {
      "forecast": {
        "rmse_mean": 48.67609405517578,
        "mae_mean": 18.703153610229492,
        "mape_mean": 9.142511191191497,
        "smape_mean": 8.936558723449707
      },
      "operational": {
        "overload_rate": 3.470053438822958e-05,
        "sla_violation_rate": 3.470053438822958e-05,
        "over_provisioning_cost": 1079248768.0,
        "asymmetric_op_cost": 1079249152.0,
        "u_max_mean": 0.9572714567184448,
        "u_max_max": 1.2051949501037598
      }
    }
  }
}