{
  "seed": 42,
  "dataset": "abilene",
  "loss": "asym_l1",
  "T_eff": 9606,
  "num_links": 54,
  "models": {
    "DLinear": {
      "forecast": {
        "rmse_mean": 55.55945587158203,
        "mae_mean": 29.341947555541992,
        "mape_mean": 16.553681779790807,
        "smape_mean": 14.452319145202637
      },
      "operational": {
        "overload_rate": 7.711229864051018e-06,
        "sla_violation_rate": 7.711229864051018e-06,
        "over_provisioning_cost": 1193149568.0,
        "asymmetric_op_cost": 1193149696.0,
        "u_max_mean": 0.8668631315231323,
        "u_max_max": 1.0092599391937256
      }
    },
    "iTransformer": {
      "forecast": {
        "rmse_mean": 78.20410919189453,
        "mae_mean": 32.302677154541016,
        "mape_mean": 17.082490117461592,
        "smape_mean": 14.116615295410156
      },
      "operational": {
        "overload_rate": 0.0,
        "sla_violation_rate": 0.0,
        "over_provisioning_cost": 1531848064.0,
        "asymmetric_op_cost": 1531848064.0,
        "u_max_mean": 0.6839401125907898,
        "u_max_max": 0.848021388053894
      }
    }
  }
}