{
  "seed": 42,
  "dataset": "abilene",
  "loss": "asym_l1",
  "T_eff": 9606,
  "num_links": 54,
  "models": {
    "LSTM": {
      "forecast": {
        "rmse_mean": 177.71334838867188,
        "mae_mean": 128.76893615722656,
        "mape_mean": 72.55275793428774,
        "smape_mean": 45.393917083740234
      },
      "operational": {
        "overload_rate": 0.04639847009199497,
        "sla_violation_rate": 0.04639847009199497,
        "over_provisioning_cost": 581926784.0,
        "asymmetric_op_cost": 642647040.0,
        "u_max_mean": 1.9410003423690796,
        "u_max_max": 6.925274848937988
      }
    }
  }
}