{
  "seed": 31337,
  "dataset": "abilene",
  "loss": "asym",
  "T_eff": 9606,
  "num_links": 54,
  "models": {
    "LSTM": {
      "forecast": {
        "rmse_mean": 168.83572387695312,
        "mae_mean": 109.69468688964844,
        "mape_mean": 54.838245692076505,
        "smape_mean": 40.07113265991211
      },
      "operational": {
        "overload_rate": 0.07371935750032772,
        "sla_violation_rate": 0.07371935750032772,
        "over_provisioning_cost": 380750336.0,
        "asymmetric_op_cost": 421875616.0,
        "u_max_mean": 2.3168833255767822,
        "u_max_max": 6.94879150390625
      }
    },
    "LSTM_CQR": {
      "forecast": {
        "rmse_mean": null,
        "mae_mean": null,
        "mape_mean": null,
        "smape_mean": null
      },
      "operational": {
        "overload_rate": 0.0319225638297052,
        "sla_violation_rate": 0.0319225638297052,
        "over_provisioning_cost": 616166590.0220853,
        "asymmetric_op_cost": 639774940.7420331,
        "u_max_mean": 1.7168689548973224,
        "u_max_max": 6.413766243609737
      },
      "calibration": {
        "method": "cqr",
        "target_alpha": 0.05,
        "qhat_mean": 52.54691089965679,
        "qhat_per_link": [
          1.3624939918518066,
          2.548903465270996,
          66.6378173828125,
          13.112749099731445,
          83.23114013671875,
          72.3868408203125,
          97.14863586425781,
          63.5909423828125,
          10.196151733398438,
          27.45452880859375,
          70.06793212890625,
          4.454925537109375,
          30.67026138305664,
          20.19518280029297,
          168.81430053710938,
          46.781463623046875,
          32.441070556640625,
          -4.717357635498047,
          98.08453369140625,
          56.435157775878906,
          79.07594299316406,
          93.3251953125,
          65.86534118652344,
          63.57273864746094,
          5.4121856689453125,
          12.531883239746094,
          37.42399597167969,
          14.898219108581543,
          88.79635620117188,
          99.35101318359375,
          1.2485220432281494,
          2.599071502685547,
          37.944984436035156,
          69.76494598388672,
          54.121002197265625,
          139.76681518554688,
          41.346893310546875,
          37.011619567871094,
          18.599903106689453,
          28.388397216796875,
          82.14921569824219,
          58.21128845214844,
          21.053401947021484,
          21.48760986328125,
          143.2291717529297,
          50.4261474609375,
          101.00563049316406,
          92.74249267578125,
          12.0126953125,
          6.798065185546875,
          23.69011688232422,
          24.06182861328125,
          128.1456298828125,
          120.57719421386719
        ],
        "coverage_overall": 0.8876203915762525,
        "mean_width": 281.8262634277344
      }
    },
    "LSTM_ACI": {
      "forecast": {
        "rmse_mean": null,
        "mae_mean": null,
        "mape_mean": null,
        "smape_mean": null
      },
      "operational": {
        "overload_rate": 0.0002833876975038749,
        "sla_violation_rate": 0.0002833876975038749,
        "over_provisioning_cost": 860180883.205557,
        "asymmetric_op_cost": 860575117.365637,
        "u_max_mean": 1.044278727009474,
        "u_max_max": 1.6285298290816697
      },
      "calibration": {
        "method": "aci",
        "target_alpha": 0.05,
        "gamma": 0.005,
        "window": 500,
        "qhat_mean": 80.02073118421767,
        "alpha_final_mean": 0.05412594444444484,
        "coverage_overall": 0.9468869765038826,
        "mean_width": 339.8968811035156
      }
    }
  },
  "calibration": "both",
  "target_alpha": 0.05
}