{
  "seed": 100003,
  "dataset": "cesnet",
  "loss": "asym_l1",
  "T_eff": 7624,
  "num_links": 20,
  "models": {
    "LSTM": {
      "forecast": {
        "rmse_mean": 34.169273376464844,
        "mae_mean": 25.79366683959961,
        "mape_mean": 143.70473384857178,
        "smape_mean": 63.398826599121094
      },
      "operational": {
        "overload_rate": 0.08264690451206716,
        "sla_violation_rate": 0.08264690451206716,
        "over_provisioning_cost": 8807460.0,
        "asymmetric_op_cost": 9528665.0,
        "u_max_mean": 7.889071464538574,
        "u_max_max": 17.53359031677246
      }
    }
  }
}