{
  "seed": 1,
  "dataset": "cesnet",
  "loss": "asym_l1",
  "T_eff": 7624,
  "num_links": 20,
  "models": {
    "LSTM": {
      "forecast": {
        "rmse_mean": 107.23870849609375,
        "mae_mean": 104.1388931274414,
        "mape_mean": 572.4625045776368,
        "smape_mean": 121.26179504394531
      },
      "operational": {
        "overload_rate": 0.0033512591815320044,
        "sla_violation_rate": 0.0033512591815320044,
        "over_provisioning_cost": 29519520.0,
        "asymmetric_op_cost": 34454728.0,
        "u_max_mean": 2.7044880390167236,
        "u_max_max": 4.69054651260376
      }
    }
  }
}