{
  "seed": 2,
  "dataset": "abilene",
  "loss": "asym",
  "T_eff": 9606,
  "num_links": 54,
  "models": {
    "LSTM": {
      "forecast": {
        "rmse_mean": 160.33212280273438,
        "mae_mean": 107.41259765625,
        "mape_mean": 53.02432053177445,
        "smape_mean": 39.09302520751953
      },
      "operational": {
        "overload_rate": 0.061215598275769,
        "sla_violation_rate": 0.061215598275769,
        "over_provisioning_cost": 501313568.0,
        "asymmetric_op_cost": 535133792.0,
        "u_max_mean": 2.0996527671813965,
        "u_max_max": 7.647500991821289
      }
    },
    "LSTM_CQR": {
      "forecast": {
        "rmse_mean": null,
        "mae_mean": null,
        "mape_mean": null,
        "smape_mean": null
      },
      "operational": {
        "overload_rate": 0.03301370285546842,
        "sla_violation_rate": 0.03301370285546842,
        "over_provisioning_cost": 634130388.9009734,
        "asymmetric_op_cost": 658112791.380932,
        "u_max_mean": 1.7364996195812825,
        "u_max_max": 6.224604987301692
      },
      "calibration": {
        "method": "cqr",
        "target_alpha": 0.05,
        "qhat_mean": 48.83178319754424,
        "qhat_per_link": [
          0.598469614982605,
          1.2973079681396484,
          58.980674743652344,
          11.02716064453125,
          60.454490661621094,
          65.15951538085938,
          69.70654296875,
          113.15719604492188,
          48.44586944580078,
          17.8961181640625,
          41.548648834228516,
          5.8063154220581055,
          47.95072937011719,
          14.314506530761719,
          145.45187377929688,
          67.23922729492188,
          78.39505004882812,
          -6.39372444152832,
          120.059326171875,
          34.054439544677734,
          75.323974609375,
          119.34683227539062,
          59.98069763183594,
          70.9659652709961,
          39.28919982910156,
          13.676326751708984,
          32.311492919921875,
          10.555180549621582,
          75.457763671875,
          45.0810546875,
          0.5983549356460571,
          1.3407812118530273,
          29.8773193359375,
          38.462554931640625,
          50.53778839111328,
          167.46627807617188,
          32.748443603515625,
          23.827682495117188,
          5.998434066772461,
          -7.746299743652344,
          50.18262481689453,
          39.05033874511719,
          9.08612060546875,
          20.431724548339844,
          99.08233642578125,
          103.16464233398438,
          120.72834777832031,
          48.834442138671875,
          19.927715301513672,
          8.205459594726562,
          22.71990966796875,
          21.504043579101562,
          89.96377563476562,
          103.78524780273438
        ],
        "coverage_overall": 0.8807959531465673,
        "mean_width": 286.6048278808594
      }
    },
    "LSTM_ACI": {
      "forecast": {
        "rmse_mean": null,
        "mae_mean": null,
        "mape_mean": null,
        "smape_mean": null
      },
      "operational": {
        "overload_rate": 0.00022748128098950502,
        "sla_violation_rate": 0.00022748128098950502,
        "over_provisioning_cost": 904393579.6195279,
        "asymmetric_op_cost": 904637947.1061765,
        "u_max_mean": 1.0249537988667958,
        "u_max_max": 1.7265060436556834
      },
      "calibration": {
        "method": "aci",
        "target_alpha": 0.05,
        "gamma": 0.005,
        "window": 500,
        "qhat_mean": 90.46876400488394,
        "alpha_final_mean": 0.05144542592592632,
        "coverage_overall": 0.9468676984292225,
        "mean_width": 350.31976318359375
      }
    }
  },
  "calibration": "both",
  "target_alpha": 0.05
}