{
  "seed": 31337,
  "dataset": "cesnet",
  "loss": "asym_l1",
  "T_eff": 7624,
  "num_links": 20,
  "models": {
    "DLinear": {
      "forecast": {
        "rmse_mean": 91.70894622802734,
        "mae_mean": 83.47240447998047,
        "mape_mean": 361.405001449585,
        "smape_mean": 109.5418472290039
      },
      "operational": {
        "overload_rate": 0.0001049317943336831,
        "sla_violation_rate": 0.0001049317943336831,
        "over_provisioning_cost": 90207480.0,
        "asymmetric_op_cost": 90278912.0,
        "u_max_mean": 0.9953600764274597,
        "u_max_max": 1.354283094406128
      }
    },
    "iTransformer": {
      "forecast": {
        "rmse_mean": 94.56034088134766,
        "mae_mean": 75.497802734375,
        "mape_mean": 315.8702754974365,
        "smape_mean": 101.78428649902344
      },
      "operational": {
        "overload_rate": 2.6232948583420775e-05,
        "sla_violation_rate": 2.6232948583420775e-05,
        "over_provisioning_cost": 110915040.0,
        "asymmetric_op_cost": 110927248.0,
        "u_max_mean": 0.814120888710022,
        "u_max_max": 1.1080117225646973
      }
    }
  }
}