{
  "seed": 13,
  "dataset": "cesnet",
  "loss": "asym_l1",
  "T_eff": 7624,
  "num_links": 20,
  "models": {
    "DLinear": {
      "forecast": {
        "rmse_mean": 29.486846923828125,
        "mae_mean": 21.230308532714844,
        "mape_mean": 88.04578132629395,
        "smape_mean": 51.699188232421875
      },
      "operational": {
        "overload_rate": 0.0006951731374606506,
        "sla_violation_rate": 0.0006951731374606506,
        "over_provisioning_cost": 48948624.0,
        "asymmetric_op_cost": 48991000.0,
        "u_max_mean": 1.6754894256591797,
        "u_max_max": 3.0071778297424316
      }
    },
    "iTransformer": {
      "forecast": {
        "rmse_mean": 28.312219619750977,
        "mae_mean": 18.757549285888672,
        "mape_mean": 67.76556253433228,
        "smape_mean": 44.43960189819336
      },
      "operational": {
        "overload_rate": 0.001180482686253935,
        "sla_violation_rate": 0.001180482686253935,
        "over_provisioning_cost": 46466108.0,
        "asymmetric_op_cost": 46527636.0,
        "u_max_mean": 2.0242531299591064,
        "u_max_max": 3.304527759552002
      }
    }
  }
}