{
  "seed": 13,
  "dataset": "geant",
  "loss": "asym",
  "T_eff": 2083,
  "num_links": 58,
  "models": {
    "LSTM": {
      "forecast": {
        "rmse_mean": 2910.481689453125,
        "mae_mean": 2846.464111328125,
        "mape_mean": 1316.2878523201778,
        "smape_mean": 131.69873046875
      },
      "operational": {
        "overload_rate": 0.13594450974224842,
        "sla_violation_rate": 0.13594450974224842,
        "over_provisioning_cost": 420142592.0,
        "asymmetric_op_cost": 573059840.0,
        "u_max_mean": 102324810809344.0,
        "u_max_max": 2027143227768832.0
      }
    },
    "LSTM_CQR": {
      "forecast": {
        "rmse_mean": null,
        "mae_mean": null,
        "mape_mean": null,
        "smape_mean": null
      },
      "operational": {
        "overload_rate": 0.01236611650967603,
        "sla_violation_rate": 0.01236611650967603,
        "over_provisioning_cost": 248272687.66745508,
        "asymmetric_op_cost": 248770049.24784124,
        "u_max_mean": 0.8027523635486485,
        "u_max_max": 3.819610650296288
      },
      "calibration": {
        "method": "cqr",
        "target_alpha": 0.2,
        "qhat_mean": 93.61513569026158,
        "qhat_per_link": [
          -1524.8450927734375,
          152.7108154296875,
          -2416.5869140625,
          -277.0631408691406,
          3165.855224609375,
          -302.2655029296875,
          3550.156982421875,
          -753.0883178710938,
          2134.12890625,
          -1013.8465576171875,
          -604.6328125,
          543.2125854492188,
          -1982.095703125,
          6.715789794921875,
          921.7440795898438,
          -2483.7197265625,
          -213.39810180664062,
          -148.7645263671875,
          603.849853515625,
          -1211.7003173828125,
          -22.746307373046875,
          -38.225799560546875,
          330.73431396484375,
          267.77471923828125,
          -5.05279541015625,
          -58.661773681640625,
          355.8543701171875,
          229.06625366210938,
          5763.8671875,
          -111.84361267089844,
          -12.033256530761719,
          1397.74169921875,
          -175.96868896484375,
          -10.260814666748047,
          1070.8045654296875,
          -955.32470703125,
          8924.208984375,
          -42.40370178222656,
          0.7357454299926758,
          49.3878173828125,
          -111.05499267578125,
          0.5806213021278381,
          8.071220397949219,
          -7928.1591796875,
          1039.6485595703125,
          -15.558975219726562,
          2.3158183097839355,
          -167.23736572265625,
          76.03373718261719,
          -0.4187787175178528,
          -257.4880065917969,
          -1703.0355224609375,
          -72.8546142578125,
          -7.363426208496094,
          -7.596594333648682,
          -3.3296546936035156,
          -300.2447204589844,
          -226.6519775390625
        ],
        "coverage_overall": 0.8291174863840284,
        "mean_width": 2807.789794921875
      }
    },
    "LSTM_ACI": {
      "forecast": {
        "rmse_mean": null,
        "mae_mean": null,
        "mape_mean": null,
        "smape_mean": null
      },
      "operational": {
        "overload_rate": 0.0039482179217640336,
        "sla_violation_rate": 0.0039482179217640336,
        "over_provisioning_cost": 241352161.6655718,
        "asymmetric_op_cost": 241440931.725304,
        "u_max_mean": 0.7667434188292184,
        "u_max_max": 3.1536606386986583
      },
      "calibration": {
        "method": "aci",
        "target_alpha": 0.2,
        "gamma": 0.005,
        "window": 500,
        "qhat_mean": -25.045085883346097,
        "alpha_final_mean": 0.2244138965517241,
        "coverage_overall": 0.75425033522605,
        "mean_width": 2542.3369140625
      }
    }
  },
  "calibration": "both",
  "target_alpha": 0.2
}