{
  "seed": 456,
  "dataset": "abilene",
  "loss": "asym",
  "T_eff": 9606,
  "num_links": 54,
  "models": {
    "LSTM": {
      "forecast": {
        "rmse_mean": 103.54058074951172,
        "mae_mean": 59.531005859375,
        "mape_mean": 30.68089954941361,
        "smape_mean": 25.014572143554688
      },
      "operational": {
        "overload_rate": 0.009851096151325175,
        "sla_violation_rate": 0.009851096151325175,
        "over_provisioning_cost": 957990912.0,
        "asymmetric_op_cost": 960409536.0,
        "u_max_mean": 1.1901230812072754,
        "u_max_max": 3.3118748664855957
      }
    }
  }
}