{
  "seed": 7,
  "dataset": "abilene",
  "loss": "pinball",
  "T_eff": 9606,
  "num_links": 54,
  "models": {
    "LSTM": {
      "forecast": {
        "rmse_mean": 188.23533630371094,
        "mae_mean": 110.71685028076172,
        "mape_mean": 61.854488902621796,
        "smape_mean": 41.88915252685547
      },
      "operational": {
        "overload_rate": 0.05721732559125855,
        "sla_violation_rate": 0.05721732559125855,
        "over_provisioning_cost": 363386080.0,
        "asymmetric_op_cost": 409682496.0,
        "u_max_mean": 2.29052734375,
        "u_max_max": 7.333200931549072
      }
    }
  }
}