{
  "seed": 1024,
  "dataset": "abilene",
  "loss": "asym_l1",
  "T_eff": 9606,
  "num_links": 54,
  "models": {
    "LSTM": {
      "forecast": {
        "rmse_mean": 195.08204650878906,
        "mae_mean": 135.24905395507812,
        "mape_mean": 74.48905646359479,
        "smape_mean": 46.85246658325195
      },
      "operational": {
        "overload_rate": 0.050325413900262954,
        "sla_violation_rate": 0.050325413900262954,
        "over_provisioning_cost": 510287488.0,
        "asymmetric_op_cost": 581340544.0,
        "u_max_mean": 2.0327532291412354,
        "u_max_max": 7.071506977081299
      }
    }
  }
}