{
  "seed": 1024,
  "dataset": "abilene",
  "loss": "asym",
  "T_eff": 9606,
  "num_links": 54,
  "models": {
    "LSTM": {
      "forecast": {
        "rmse_mean": 165.09158325195312,
        "mae_mean": 112.85697174072266,
        "mape_mean": 58.60410322966399,
        "smape_mean": 40.70307922363281
      },
      "operational": {
        "overload_rate": 0.05647511971684364,
        "sla_violation_rate": 0.05647511971684364,
        "over_provisioning_cost": 491937152.0,
        "asymmetric_op_cost": 520081664.0,
        "u_max_mean": 2.090841054916382,
        "u_max_max": 7.066014289855957
      }
    },
    "LSTM_CQR": {
      "forecast": {
        "rmse_mean": null,
        "mae_mean": null,
        "mape_mean": null,
        "smape_mean": null
      },
      "operational": {
        "overload_rate": 0.044383911290011645,
        "sla_violation_rate": 0.044383911290011645,
        "over_provisioning_cost": 553847446.7569638,
        "asymmetric_op_cost": 585854576.3567067,
        "u_max_mean": 1.8867032766893796,
        "u_max_max": 7.209738022902247
      },
      "calibration": {
        "method": "cqr",
        "target_alpha": 0.2,
        "qhat_mean": 33.28422413380058,
        "qhat_per_link": [
          0.6645792722702026,
          0.22525596618652344,
          34.38328552246094,
          6.661823272705078,
          61.34294128417969,
          48.828826904296875,
          69.70211791992188,
          59.258941650390625,
          17.93334197998047,
          5.1808319091796875,
          54.9071044921875,
          2.9354562759399414,
          41.28418731689453,
          11.303873062133789,
          122.5665283203125,
          25.614990234375,
          20.62738037109375,
          -15.273910522460938,
          75.78854370117188,
          46.35559844970703,
          50.40965270996094,
          53.3319091796875,
          54.70576477050781,
          56.1973876953125,
          11.49322509765625,
          3.7551956176757812,
          11.418022155761719,
          4.829639434814453,
          53.783782958984375,
          33.550750732421875,
          0.6795929074287415,
          0.30713748931884766,
          15.874610900878906,
          40.54405212402344,
          33.963401794433594,
          95.41928100585938,
          7.1681976318359375,
          6.5324859619140625,
          9.899505615234375,
          -28.474334716796875,
          51.49449920654297,
          30.540847778320312,
          6.2468414306640625,
          9.267921447753906,
          114.52153015136719,
          57.39910888671875,
          79.735107421875,
          63.6142578125,
          4.1966094970703125,
          -5.20513916015625,
          1.7209930419921875,
          8.187271118164062,
          75.45773315429688,
          94.48956298828125
        ],
        "coverage_overall": 0.7584842806579222,
        "mean_width": 222.98008728027344
      }
    },
    "LSTM_ACI": {
      "forecast": {
        "rmse_mean": null,
        "mae_mean": null,
        "mape_mean": null,
        "smape_mean": null
      },
      "operational": {
        "overload_rate": 0.0016714090730330581,
        "sla_violation_rate": 0.0016714090730330581,
        "over_provisioning_cost": 811656688.5356447,
        "asymmetric_op_cost": 812370484.2111989,
        "u_max_mean": 1.280151621422737,
        "u_max_max": 3.9185790960017353
      },
      "calibration": {
        "method": "aci",
        "target_alpha": 0.2,
        "gamma": 0.005,
        "window": 500,
        "qhat_mean": 84.76863023969862,
        "alpha_final_mean": 0.17385211111111112,
        "coverage_overall": 0.789011111882234,
        "mean_width": 268.29656982421875
      }
    }
  },
  "calibration": "both",
  "target_alpha": 0.2
}