{
  "seed": 8191,
  "dataset": "geant",
  "loss": "asym",
  "T_eff": 2083,
  "num_links": 58,
  "models": {
    "DLinear": {
      "forecast": {
        "rmse_mean": 10236.447265625,
        "mae_mean": 10233.4560546875,
        "mape_mean": 3836.7939555562775,
        "smape_mean": 147.87892150878906
      },
      "operational": {
        "overload_rate": 0.0,
        "sla_violation_rate": 0.0,
        "over_provisioning_cost": 1404984576.0,
        "asymmetric_op_cost": 1404984576.0,
        "u_max_mean": 0.31180262565612793,
        "u_max_max": 0.875114381313324
      }
    },
    "iTransformer": {
      "forecast": {
        "rmse_mean": 169.32823181152344,
        "mae_mean": 136.21005249023438,
        "mape_mean": 48.93753811408733,
        "smape_mean": 35.869964599609375
      },
      "operational": {
        "overload_rate": 0.00011588060986309534,
        "sla_violation_rate": 0.00011588060986309534,
        "over_provisioning_cost": 117254432.0,
        "asymmetric_op_cost": 117255448.0,
        "u_max_mean": 0.7974787354469299,
        "u_max_max": 1.6801433563232422
      }
    }
  }
}