{
  "seed": 2048,
  "dataset": "cesnet",
  "loss": "asym",
  "T_eff": 7624,
  "num_links": 20,
  "models": {
    "DLinear": {
      "forecast": {
        "rmse_mean": 37.42131042480469,
        "mae_mean": 30.25675392150879,
        "mape_mean": 144.66630516052246,
        "smape_mean": 67.49080657958984
      },
      "operational": {
        "overload_rate": 0.0006230325288562434,
        "sla_violation_rate": 0.0006230325288562434,
        "over_provisioning_cost": 52454048.0,
        "asymmetric_op_cost": 52520216.0,
        "u_max_mean": 1.6520960330963135,
        "u_max_max": 2.8433632850646973
      }
    },
    "iTransformer": {
      "forecast": {
        "rmse_mean": 33.240394592285156,
        "mae_mean": 23.407962799072266,
        "mape_mean": 93.65570526123047,
        "smape_mean": 53.284576416015625
      },
      "operational": {
        "overload_rate": 0.0005640083945435467,
        "sla_violation_rate": 0.0005640083945435467,
        "over_provisioning_cost": 58312608.0,
        "asymmetric_op_cost": 58370816.0,
        "u_max_mean": 1.5711915493011475,
        "u_max_max": 2.4255130290985107
      }
    }
  }
}