{
  "num_seeds": 5,
  "seeds": [
    42,
    123,
    456,
    789,
    1024
  ],
  "dataset": "abilene",
  "loss": "asym_l1",
  "per_seed": [
    {
      "seed": 42,
      "dataset": "abilene",
      "loss": "asym_l1",
      "T_eff": 9606,
      "num_links": 54,
      "models": {
        "LSTM": {
          "forecast": {
            "rmse_mean": 75.96814727783203,
            "mae_mean": 35.25335693359375,
            "mape_mean": 16.79054511917962,
            "smape_mean": 15.962861061096191
          },
          "operational": {
            "overload_rate": 0.011884933027968631,
            "sla_violation_rate": 0.011884933027968631,
            "over_provisioning_cost": 886136384.0,
            "asymmetric_op_cost": 887432064.0,
            "u_max_mean": 1.3081705570220947,
            "u_max_max": 3.569532632827759
          }
        }
      }
    },
    {
      "seed": 123,
      "dataset": "abilene",
      "loss": "asym_l1",
      "T_eff": 9606,
      "num_links": 54,
      "models": {
        "LSTM": {
          "forecast": {
            "rmse_mean": 87.36495971679688,
            "mae_mean": 37.86182403564453,
            "mape_mean": 16.899203812634504,
            "smape_mean": 15.285285949707031
          },
          "operational": {
            "overload_rate": 0.012218443719588837,
            "sla_violation_rate": 0.012218443719588837,
            "over_provisioning_cost": 847126144.0,
            "asymmetric_op_cost": 849844608.0,
            "u_max_mean": 1.3563828468322754,
            "u_max_max": 3.468186378479004
          }
        }
      }
    },
    {
      "seed": 456,
      "dataset": "abilene",
      "loss": "asym_l1",
      "T_eff": 9606,
      "num_links": 54,
      "models": {
        "LSTM": {
          "forecast": {
            "rmse_mean": 80.53748321533203,
            "mae_mean": 36.3123893737793,
            "mape_mean": 16.745067993799847,
            "smape_mean": 15.362822532653809
          },
          "operational": {
            "overload_rate": 0.015231606788966772,
            "sla_violation_rate": 0.015231606788966772,
            "over_provisioning_cost": 881298816.0,
            "asymmetric_op_cost": 882860416.0,
            "u_max_mean": 1.363163948059082,
            "u_max_max": 3.48089599609375
          }
        }
      }
    },
    {
      "seed": 789,
      "dataset": "abilene",
      "loss": "asym_l1",
      "T_eff": 9606,
      "num_links": 54,
      "models": {
        "LSTM": {
          "forecast": {
            "rmse_mean": 72.577880859375,
            "mae_mean": 32.78804397583008,
            "mape_mean": 15.550425838541102,
            "smape_mean": 14.312623977661133
          },
          "operational": {
            "overload_rate": 0.01096729667414656,
            "sla_violation_rate": 0.01096729667414656,
            "over_provisioning_cost": 879754496.0,
            "asymmetric_op_cost": 880944192.0,
            "u_max_mean": 1.3140393495559692,
            "u_max_max": 3.3332419395446777
          }
        }
      }
    },
    {
      "seed": 1024,
      "dataset": "abilene",
      "loss": "asym_l1",
      "T_eff": 9606,
      "num_links": 54,
      "models": {
        "LSTM": {
          "forecast": {
            "rmse_mean": 74.33738708496094,
            "mae_mean": 34.316497802734375,
            "mape_mean": 15.830464433740687,
            "smape_mean": 15.305797576904297
          },
          "operational": {
            "overload_rate": 0.014560729790794334,
            "sla_violation_rate": 0.014560729790794334,
            "over_provisioning_cost": 867913600.0,
            "asymmetric_op_cost": 870086208.0,
            "u_max_mean": 1.360793113708496,
            "u_max_max": 3.686981678009033
          }
        }
      }
    }
  ],
  "models": {
    "LSTM": {
      "forecast": {
        "rmse_mean": {
          "mean": 78.15717163085938,
          "std": 5.309619793972245,
          "min": 72.577880859375,
          "max": 87.36495971679688,
          "values": [
            75.96814727783203,
            87.36495971679688,
            80.53748321533203,
            72.577880859375,
            74.33738708496094
          ]
        },
        "mae_mean": {
          "mean": 35.30642242431641,
          "std": 1.7243574809830138,
          "min": 32.78804397583008,
          "max": 37.86182403564453,
          "values": [
            35.25335693359375,
            37.86182403564453,
            36.3123893737793,
            32.78804397583008,
            34.316497802734375
          ]
        },
        "mape_mean": {
          "mean": 16.363141439579152,
          "std": 0.5585975486305534,
          "min": 15.550425838541102,
          "max": 16.899203812634504,
          "values": [
            16.79054511917962,
            16.899203812634504,
            16.745067993799847,
            15.550425838541102,
            15.830464433740687
          ]
        },
        "smape_mean": {
          "mean": 15.245878219604492,
          "std": 0.5298768056868347,
          "min": 14.312623977661133,
          "max": 15.962861061096191,
          "values": [
            15.962861061096191,
            15.285285949707031,
            15.362822532653809,
            14.312623977661133,
            15.305797576904297
          ]
        }
      },
      "operational": {
        "overload_rate": {
          "mean": 0.012972602000293026,
          "std": 0.0016369655140531685,
          "min": 0.01096729667414656,
          "max": 0.015231606788966772,
          "values": [
            0.011884933027968631,
            0.012218443719588837,
            0.015231606788966772,
            0.01096729667414656,
            0.014560729790794334
          ]
        },
        "sla_violation_rate": {
          "mean": 0.012972602000293026,
          "std": 0.0016369655140531685,
          "min": 0.01096729667414656,
          "max": 0.015231606788966772,
          "values": [
            0.011884933027968631,
            0.012218443719588837,
            0.015231606788966772,
            0.01096729667414656,
            0.014560729790794334
          ]
        },
        "over_provisioning_cost": {
          "mean": 872445888.0,
          "std": 14006076.085309148,
          "min": 847126144.0,
          "max": 886136384.0,
          "values": [
            886136384.0,
            847126144.0,
            881298816.0,
            879754496.0,
            867913600.0
          ]
        },
        "asymmetric_op_cost": {
          "mean": 874233497.6,
          "std": 13458657.008579386,
          "min": 849844608.0,
          "max": 887432064.0,
          "values": [
            887432064.0,
            849844608.0,
            882860416.0,
            880944192.0,
            870086208.0
          ]
        },
        "u_max_mean": {
          "mean": 1.3405099630355835,
          "std": 0.024178867789789765,
          "min": 1.3081705570220947,
          "max": 1.363163948059082,
          "values": [
            1.3081705570220947,
            1.3563828468322754,
            1.363163948059082,
            1.3140393495559692,
            1.360793113708496
          ]
        },
        "u_max_max": {
          "mean": 3.5077677249908445,
          "std": 0.11720116670726348,
          "min": 3.3332419395446777,
          "max": 3.686981678009033,
          "values": [
            3.569532632827759,
            3.468186378479004,
            3.48089599609375,
            3.3332419395446777,
            3.686981678009033
          ]
        }
      }
    }
  }
}