{
  "seed": 512,
  "dataset": "geant",
  "loss": "asym",
  "T_eff": 2083,
  "num_links": 58,
  "models": {
    "LSTM": {
      "forecast": {
        "rmse_mean": 3251.466796875,
        "mae_mean": 3192.166259765625,
        "mape_mean": 1370.9392579506184,
        "smape_mean": 138.4781951904297
      },
      "operational": {
        "overload_rate": 0.1440644296190839,
        "sla_violation_rate": 0.1440644296190839,
        "over_provisioning_cost": 440767232.0,
        "asymmetric_op_cost": 761451392.0,
        "u_max_mean": 119288807555072.0,
        "u_max_max": 2885700479352832.0
      }
    },
    "LSTM_CQR": {
      "forecast": {
        "rmse_mean": null,
        "mae_mean": null,
        "mape_mean": null,
        "smape_mean": null
      },
      "operational": {
        "overload_rate": 0.014352641250186237,
        "sla_violation_rate": 0.014352641250186237,
        "over_provisioning_cost": 355739057.1436962,
        "asymmetric_op_cost": 356380389.1695508,
        "u_max_mean": 0.8556334501729842,
        "u_max_max": 3.612809632237868
      },
      "calibration": {
        "method": "cqr",
        "target_alpha": 0.1,
        "qhat_mean": 458.1180238549052,
        "qhat_per_link": [
          1303.4388427734375,
          616.53662109375,
          -1704.9632568359375,
          -92.87164306640625,
          3179.577880859375,
          -1264.7353515625,
          468.86517333984375,
          1425.024169921875,
          8181.68701171875,
          1334.5015869140625,
          184.6248779296875,
          654.7161254882812,
          26.462905883789062,
          655.670654296875,
          -1587.4427490234375,
          4378.4375,
          -14.62847900390625,
          33.38671875,
          1615.6298828125,
          -153.71383666992188,
          1003.5955810546875,
          78.80767822265625,
          372.90997314453125,
          -1222.1783447265625,
          -27.9178466796875,
          10.084259033203125,
          1223.225341796875,
          1360.51318359375,
          -711.5946655273438,
          31.20123291015625,
          1.3202743530273438,
          -408.3920593261719,
          117.300048828125,
          -3.644717216491699,
          1342.11474609375,
          -9.526992797851562,
          1571.49609375,
          113.17927551269531,
          8.82262134552002,
          362.91461181640625,
          -66.8204345703125,
          0.060382187366485596,
          74.46055603027344,
          3917.025146484375,
          249.36228942871094,
          22.52691650390625,
          5.992517471313477,
          641.0988159179688,
          -6.7523193359375,
          0.030032038688659668,
          -13.600197792053223,
          -1619.3525390625,
          -243.14273071289062,
          23.4798583984375,
          -1.433971643447876,
          -2.5927772521972656,
          107.28271484375,
          -971.2138061523438
        ],
        "coverage_overall": 0.9200423791944642,
        "mean_width": 3629.827392578125
      }
    },
    "LSTM_ACI": {
      "forecast": {
        "rmse_mean": null,
        "mae_mean": null,
        "mape_mean": null,
        "smape_mean": null
      },
      "operational": {
        "overload_rate": 0.002632145281176023,
        "sla_violation_rate": 0.002632145281176023,
        "over_provisioning_cost": 336181258.39173543,
        "asymmetric_op_cost": 336219194.3199276,
        "u_max_mean": 0.7700842950733273,
        "u_max_max": 2.487104681094164
      },
      "calibration": {
        "method": "aci",
        "target_alpha": 0.1,
        "gamma": 0.005,
        "window": 500,
        "qhat_mean": 33.755327311569246,
        "alpha_final_mean": 0.14131932758620697,
        "coverage_overall": 0.8795089973016372,
        "mean_width": 2883.19482421875
      }
    }
  },
  "calibration": "both",
  "target_alpha": 0.1
}