{
  "seed": 7,
  "dataset": "geant",
  "loss": "asym",
  "T_eff": 2083,
  "num_links": 58,
  "models": {
    "DLinear": {
      "forecast": {
        "rmse_mean": 6223.47607421875,
        "mae_mean": 6218.7763671875,
        "mape_mean": 2260.2355907621054,
        "smape_mean": 136.11810302734375
      },
      "operational": {
        "overload_rate": 0.0009435992517423477,
        "sla_violation_rate": 0.0009435992517423477,
        "over_provisioning_cost": 866877696.0,
        "asymmetric_op_cost": 867135936.0,
        "u_max_mean": 0.41223400831222534,
        "u_max_max": 1.219801664352417
      }
    },
    "iTransformer": {
      "forecast": {
        "rmse_mean": 107.6059341430664,
        "mae_mean": 81.32836151123047,
        "mape_mean": 28.54710056863982,
        "smape_mean": 24.637680053710938
      },
      "operational": {
        "overload_rate": 0.0037992285662257685,
        "sla_violation_rate": 0.0037992285662257685,
        "over_provisioning_cost": 69957408.0,
        "asymmetric_op_cost": 70171288.0,
        "u_max_mean": 1.1564867496490479,
        "u_max_max": 3.0797817707061768
      }
    }
  }
}