{
  "seed": 7,
  "dataset": "geant",
  "loss": "asym",
  "T_eff": 2083,
  "num_links": 58,
  "models": {
    "LSTM": {
      "forecast": {
        "rmse_mean": 3701.25830078125,
        "mae_mean": 3660.148681640625,
        "mape_mean": 1343.5628413167492,
        "smape_mean": 119.28933715820312
      },
      "operational": {
        "overload_rate": 0.1041849454533415,
        "sla_violation_rate": 0.1041849454533415,
        "over_provisioning_cost": 548561856.0,
        "asymmetric_op_cost": 929876416.0,
        "u_max_mean": 46293065924608.0,
        "u_max_max": 1690948622876672.0
      }
    }
  }
}