{
  "seed": 13,
  "dataset": "cesnet",
  "loss": "asym_l1",
  "T_eff": 7624,
  "num_links": 20,
  "models": {
    "DLinear": {
      "forecast": {
        "rmse_mean": 48.282894134521484,
        "mae_mean": 40.4832649230957,
        "mape_mean": 169.70071296691896,
        "smape_mean": 76.78215789794922
      },
      "operational": {
        "overload_rate": 0.0003410283315844701,
        "sla_violation_rate": 0.0003410283315844701,
        "over_provisioning_cost": 65549772.0,
        "asymmetric_op_cost": 65608408.0,
        "u_max_mean": 1.3048250675201416,
        "u_max_max": 2.271789789199829
      }
    },
    "iTransformer": {
      "forecast": {
        "rmse_mean": 50.357749938964844,
        "mae_mean": 38.63685607910156,
        "mape_mean": 157.09672470092772,
        "smape_mean": 72.11866760253906
      },
      "operational": {
        "overload_rate": 0.0002557712486883526,
        "sla_violation_rate": 0.0002557712486883526,
        "over_provisioning_cost": 70850496.0,
        "asymmetric_op_cost": 70896192.0,
        "u_max_mean": 1.243636965751648,
        "u_max_max": 1.6713007688522339
      }
    }
  }
}