{
  "seed": 42,
  "dataset": "geant",
  "loss": "asym_l1",
  "T_eff": 2083,
  "num_links": 58,
  "models": {
    "DLinear": {
      "forecast": {
        "rmse_mean": 215.27557373046875,
        "mae_mean": 195.29745483398438,
        "mape_mean": 69.11830206575065,
        "smape_mean": 45.16347885131836
      },
      "operational": {
        "overload_rate": 0.0018871985034846954,
        "sla_violation_rate": 0.0018871985034846954,
        "over_provisioning_cost": 85156720.0,
        "asymmetric_op_cost": 85278544.0,
        "u_max_mean": 0.9241917133331299,
        "u_max_max": 1.9802895784378052
      }
    },
    "iTransformer": {
      "forecast": {
        "rmse_mean": 89.9551773071289,
        "mae_mean": 69.05609130859375,
        "mape_mean": 28.14711639798921,
        "smape_mean": 23.201494216918945
      },
      "operational": {
        "overload_rate": 1.655437283758505e-05,
        "sla_violation_rate": 1.655437283758505e-05,
        "over_provisioning_cost": 85470880.0,
        "asymmetric_op_cost": 85470920.0,
        "u_max_mean": 0.9042068123817444,
        "u_max_max": 1.484849452972412
      }
    }
  }
}