{
  "seed": 3,
  "dataset": "abilene",
  "loss": "asym",
  "T_eff": 9606,
  "num_links": 54,
  "models": {
    "DLinear": {
      "forecast": {
        "rmse_mean": 297.4794006347656,
        "mae_mean": 187.74990844726562,
        "mape_mean": 72.55291608527854,
        "smape_mean": 43.72827911376953
      },
      "operational": {
        "overload_rate": 0.0,
        "sla_violation_rate": 0.0,
        "over_provisioning_cost": 2014956672.0,
        "asymmetric_op_cost": 2014956672.0,
        "u_max_mean": 0.7250316739082336,
        "u_max_max": 0.927554726600647
      }
    },
    "iTransformer": {
      "forecast": {
        "rmse_mean": 169.53175354003906,
        "mae_mean": 76.865966796875,
        "mape_mean": 39.112121158175995,
        "smape_mean": 26.61832046508789
      },
      "operational": {
        "overload_rate": 0.0,
        "sla_violation_rate": 0.0,
        "over_provisioning_cost": 1791596032.0,
        "asymmetric_op_cost": 1791596032.0,
        "u_max_mean": 0.6210815906524658,
        "u_max_max": 0.8884244561195374
      }
    }
  }
}