{
  "seed": 65521,
  "dataset": "cesnet",
  "loss": "asym",
  "T_eff": 7624,
  "num_links": 20,
  "models": {
    "DLinear": {
      "forecast": {
        "rmse_mean": 77.60075378417969,
        "mae_mean": 70.50843811035156,
        "mape_mean": 346.44915199279785,
        "smape_mean": 104.21380615234375
      },
      "operational": {
        "overload_rate": 0.00018363064008394543,
        "sla_violation_rate": 0.00018363064008394543,
        "over_provisioning_cost": 78253184.0,
        "asymmetric_op_cost": 78389280.0,
        "u_max_mean": 1.12346351146698,
        "u_max_max": 1.7440650463104248
      }
    },
    "iTransformer": {
      "forecast": {
        "rmse_mean": 72.28196716308594,
        "mae_mean": 56.67521286010742,
        "mape_mean": 253.20509643554686,
        "smape_mean": 91.2646484375
      },
      "operational": {
        "overload_rate": 8.525708289611753e-05,
        "sla_violation_rate": 8.525708289611753e-05,
        "over_provisioning_cost": 93239056.0,
        "asymmetric_op_cost": 93303912.0,
        "u_max_mean": 0.9762755632400513,
        "u_max_max": 1.434876799583435
      }
    }
  }
}