{
  "seed": 271828,
  "dataset": "cesnet",
  "loss": "asym_l1",
  "T_eff": 7624,
  "num_links": 20,
  "models": {
    "DLinear": {
      "forecast": {
        "rmse_mean": 90.70177459716797,
        "mae_mean": 82.0522232055664,
        "mape_mean": 353.7727939605713,
        "smape_mean": 108.2389144897461
      },
      "operational": {
        "overload_rate": 0.0001114900314795383,
        "sla_violation_rate": 0.0001114900314795383,
        "over_provisioning_cost": 88360472.0,
        "asymmetric_op_cost": 88437816.0,
        "u_max_mean": 1.0044127702713013,
        "u_max_max": 1.3628747463226318
      }
    },
    "iTransformer": {
      "forecast": {
        "rmse_mean": 101.12850189208984,
        "mae_mean": 81.10932159423828,
        "mape_mean": 343.1174835205078,
        "smape_mean": 104.9276123046875
      },
      "operational": {
        "overload_rate": 3.279118572927597e-05,
        "sla_violation_rate": 3.279118572927597e-05,
        "over_provisioning_cost": 112828584.0,
        "asymmetric_op_cost": 112845456.0,
        "u_max_mean": 0.8103540539741516,
        "u_max_max": 1.1667643785476685
      }
    }
  }
}