{
  "num_seeds": 20,
  "seeds": [
    1,
    100003,
    1024,
    123,
    13,
    17,
    2,
    2048,
    256,
    271828,
    3,
    31337,
    42,
    456,
    512,
    65521,
    7,
    789,
    8191,
    99
  ],
  "dataset": "cesnet",
  "loss": "asym",
  "per_seed": {},
  "models": {
    "LSTM": {
      "forecast": {
        "rmse_mean": {
          "mean": 38.116415405273436,
          "std": 0.9864177133754648,
          "min": 36.45020294189453,
          "max": 40.37130355834961,
          "values": [
            38.25182342529297,
            37.71396255493164,
            37.601375579833984,
            38.10342788696289,
            39.35161590576172,
            38.570579528808594,
            39.509315490722656,
            40.37130355834961,
            37.692726135253906,
            36.4888916015625,
            38.48054504394531,
            38.01348114013672,
            39.381324768066406,
            38.44639587402344,
            37.35106658935547,
            37.84404754638672,
            38.35193634033203,
            37.578033447265625,
            36.77625274658203,
            36.45020294189453
          ]
        },
        "mae_mean": {
          "mean": 31.083017921447755,
          "std": 1.2089433340008435,
          "min": 28.764368057250977,
          "max": 33.74014663696289,
          "values": [
            31.15157127380371,
            30.558704376220703,
            30.40374183654785,
            31.339618682861328,
            32.691246032714844,
            31.496829986572266,
            32.63618469238281,
            33.74014663696289,
            30.566604614257812,
            29.139873504638672,
            31.54287338256836,
            30.85190773010254,
            32.60967254638672,
            31.700103759765625,
            30.349262237548828,
            30.6787109375,
            31.471298217773438,
            30.498428344726562,
            29.46921157836914,
            28.764368057250977
          ]
        },
        "mape_mean": {
          "mean": 173.11922338485718,
          "std": 5.917481586149085,
          "min": 163.72233543395996,
          "max": 188.25501174926757,
          "values": [
            171.43201637268066,
            171.87570877075194,
            166.24036560058593,
            173.59503173828125,
            181.76372566223145,
            172.98742065429687,
            177.922114944458,
            188.25501174926757,
            173.01618881225585,
            165.92485427856445,
            175.69671554565429,
            172.74226264953614,
            177.7477233886719,
            180.1539733886719,
            169.2908706665039,
            169.79032859802246,
            173.05166816711426,
            172.88439407348633,
            164.29175720214843,
            163.72233543395996
          ]
        },
        "smape_mean": {
          "mean": 69.52508506774902,
          "std": 1.3143227893478646,
          "min": 67.12203979492188,
          "max": 72.56273651123047,
          "values": [
            69.04571533203125,
            69.29804229736328,
            67.98296356201172,
            70.0269775390625,
            71.49520874023438,
            69.37007141113281,
            70.78475189208984,
            72.56273651123047,
            69.41474151611328,
            67.93164825439453,
            69.90003204345703,
            69.44091796875,
            70.83060455322266,
            70.95268249511719,
            68.72798919677734,
            68.53193664550781,
            69.90751647949219,
            69.35444641113281,
            67.8206787109375,
            67.12203979492188
          ]
        }
      },
      "operational": {
        "overload_rate": {
          "mean": 0.04796333945435467,
          "std": 0.007310487413368731,
          "min": 0.035283315844700944,
          "max": 0.06354275970619097,
          "values": [
            0.04885230849947534,
            0.04762591815320042,
            0.05454485834207765,
            0.03819517313746065,
            0.038208289611752363,
            0.04678646379853096,
            0.04422219307450157,
            0.035283315844700944,
            0.05083945435466947,
            0.05192156348373557,
            0.041848111227701996,
            0.05688614900314795,
            0.04583551941238195,
            0.0403397166841553,
            0.05441369359916055,
            0.05129853095487933,
            0.04352046169989507,
            0.04558630640083945,
            0.05951600209863589,
            0.06354275970619097
          ]
        },
        "sla_violation_rate": {
          "mean": 0.04796333945435467,
          "std": 0.007310487413368731,
          "min": 0.035283315844700944,
          "max": 0.06354275970619097,
          "values": [
            0.04885230849947534,
            0.04762591815320042,
            0.05454485834207765,
            0.03819517313746065,
            0.038208289611752363,
            0.04678646379853096,
            0.04422219307450157,
            0.035283315844700944,
            0.05083945435466947,
            0.05192156348373557,
            0.041848111227701996,
            0.05688614900314795,
            0.04583551941238195,
            0.0403397166841553,
            0.05441369359916055,
            0.05129853095487933,
            0.04352046169989507,
            0.04558630640083945,
            0.05951600209863589,
            0.06354275970619097
          ]
        },
        "over_provisioning_cost": {
          "mean": 11754540.65,
          "std": 828605.6675683117,
          "min": 10071626.0,
          "max": 13381836.0,
          "values": [
            12030377.0,
            11501130.0,
            11335281.0,
            12564600.0,
            12590264.0,
            12257268.0,
            11682358.0,
            13381836.0,
            11127634.0,
            10881522.0,
            12013266.0,
            10705641.0,
            11776728.0,
            13146969.0,
            11443092.0,
            11280117.0,
            12705233.0,
            11755252.0,
            10840619.0,
            10071626.0
          ]
        },
        "asymmetric_op_cost": {
          "mean": 12921087.95,
          "std": 707460.7870304527,
          "min": 11499056.0,
          "max": 14329754.0,
          "values": [
            13177636.0,
            12696200.0,
            12606118.0,
            13583011.0,
            13603514.0,
            13364503.0,
            12825595.0,
            14329754.0,
            12381450.0,
            12154004.0,
            13105325.0,
            12029737.0,
            12917154.0,
            14144994.0,
            12684928.0,
            12513657.0,
            13737988.0,
            12909626.0,
            12157509.0,
            11499056.0
          ]
        },
        "u_max_mean": {
          "mean": 6.2068668603897095,
          "std": 0.31173994622485096,
          "min": 5.714911460876465,
          "max": 6.909353733062744,
          "values": [
            6.323937892913818,
            6.220914840698242,
            6.430144309997559,
            5.768177032470703,
            5.7764458656311035,
            6.077154636383057,
            6.118959903717041,
            5.714911460876465,
            6.343314170837402,
            6.426361083984375,
            6.015082359313965,
            6.584214210510254,
            6.110766887664795,
            5.883159637451172,
            6.385502815246582,
            6.361750602722168,
            5.905093193054199,
            6.101816654205322,
            6.680275917053223,
            6.909353733062744
          ]
        },
        "u_max_max": {
          "mean": 11.058763313293458,
          "std": 0.9105925611157353,
          "min": 9.489229202270508,
          "max": 13.115598678588867,