{
  "seed": 3,
  "dataset": "cesnet",
  "loss": "asym_l1",
  "T_eff": 7624,
  "num_links": 20,
  "models": {
    "DLinear": {
      "forecast": {
        "rmse_mean": 29.943212509155273,
        "mae_mean": 21.882240295410156,
        "mape_mean": 88.25301132202148,
        "smape_mean": 51.74324417114258
      },
      "operational": {
        "overload_rate": 0.0007017313746065058,
        "sla_violation_rate": 0.0007017313746065058,
        "over_provisioning_cost": 48745984.0,
        "asymmetric_op_cost": 48788404.0,
        "u_max_mean": 1.668212652206421,
        "u_max_max": 2.8419265747070312
      }
    },
    "iTransformer": {
      "forecast": {
        "rmse_mean": 29.19342041015625,
        "mae_mean": 19.87386131286621,
        "mape_mean": 73.70348854064942,
        "smape_mean": 46.72087860107422
      },
      "operational": {
        "overload_rate": 0.0016264428121720881,
        "sla_violation_rate": 0.0016264428121720881,
        "over_provisioning_cost": 45098832.0,
        "asymmetric_op_cost": 45171332.0,
        "u_max_mean": 2.170863151550293,
        "u_max_max": 4.031888484954834
      }
    }
  }
}