{
  "seed": 42,
  "dataset": "abilene",
  "loss": "asym",
  "T_eff": 9606,
  "num_links": 54,
  "models": {
    "LSTM": {
      "forecast": {
        "rmse_mean": 170.62774658203125,
        "mae_mean": 103.97258758544922,
        "mape_mean": 51.05171122374358,
        "smape_mean": 38.04017639160156
      },
      "operational": {
        "overload_rate": 0.07347452595214411,
        "sla_violation_rate": 0.07347452595214411,
        "over_provisioning_cost": 364203328.0,
        "asymmetric_op_cost": 380630304.0,
        "u_max_mean": 2.414623498916626,
        "u_max_max": 7.805657386779785
      }
    }
  }
}