{
  "seed": 42,
  "dataset": "abilene",
  "loss": "asym",
  "T_eff": 9606,
  "num_links": 54,
  "models": {
    "LSTM": {
      "forecast": {
        "rmse_mean": 91.59615325927734,
        "mae_mean": 44.77739334106445,
        "mape_mean": 22.36649054951138,
        "smape_mean": 19.39851951599121
      },
      "operational": {
        "overload_rate": 0.014391082733785211,
        "sla_violation_rate": 0.014391082733785211,
        "over_provisioning_cost": 834845632.0,
        "asymmetric_op_cost": 838268672.0,
        "u_max_mean": 1.3368487358093262,
        "u_max_max": 3.362154245376587
      }
    }
  }
}