{
  "seed": 8191,
  "dataset": "abilene",
  "loss": "asym",
  "T_eff": 9606,
  "num_links": 54,
  "models": {
    "LSTM": {
      "forecast": {
        "rmse_mean": 173.89100646972656,
        "mae_mean": 115.10775756835938,
        "mape_mean": 58.78296493600916,
        "smape_mean": 41.051212310791016
      },
      "operational": {
        "overload_rate": 0.060176510051588125,
        "sla_violation_rate": 0.060176510051588125,
        "over_provisioning_cost": 472187040.0,
        "asymmetric_op_cost": 507615616.0,
        "u_max_mean": 2.1384503841400146,
        "u_max_max": 7.787795066833496
      }
    },
    "LSTM_CQR": {
      "forecast": {
        "rmse_mean": null,
        "mae_mean": null,
        "mape_mean": null,
        "smape_mean": null
      },
      "operational": {
        "overload_rate": 0.03397375097354277,
        "sla_violation_rate": 0.03397375097354277,
        "over_provisioning_cost": 601100772.7621433,
        "asymmetric_op_cost": 629656391.013281,
        "u_max_mean": 1.7922629123509675,
        "u_max_max": 7.231869150185628
      },
      "calibration": {
        "method": "cqr",
        "target_alpha": 0.1,
        "qhat_mean": 52.00937415714617,
        "qhat_per_link": [
          0.8675508499145508,
          1.2223825454711914,
          67.88664245605469,
          15.609771728515625,
          56.409088134765625,
          84.66384887695312,
          67.98373413085938,
          97.5560302734375,
          15.329788208007812,
          10.611648559570312,
          50.498687744140625,
          7.042499542236328,
          46.48731994628906,
          18.55360221862793,
          159.19174194335938,
          75.21969604492188,
          54.129119873046875,
          3.391010284423828,
          101.36962890625,
          61.5006217956543,
          43.60264587402344,
          106.9390869140625,
          94.08506774902344,
          53.951988220214844,
          38.94989013671875,
          12.161735534667969,
          22.08856201171875,
          10.84891414642334,
          80.02040100097656,
          73.26736450195312,
          0.8398212194442749,
          1.3913025856018066,
          31.173500061035156,
          29.570587158203125,
          35.36073303222656,
          138.1297607421875,
          37.14593505859375,
          38.7894287109375,
          14.565376281738281,
          59.84593200683594,
          92.29727935791016,
          47.8297119140625,
          21.75558090209961,
          24.628894805908203,
          100.05003356933594,
          74.92832946777344,
          130.7630615234375,
          61.890869140625,
          19.215160369873047,
          22.125106811523438,
          22.952957153320312,
          14.450714111328125,
          136.6800537109375,
          120.68600463867188
        ],
        "coverage_overall": 0.8548495924615017,
        "mean_width": 251.87127685546875
      }
    },
    "LSTM_ACI": {
      "forecast": {
        "rmse_mean": null,
        "mae_mean": null,
        "mape_mean": null,
        "smape_mean": null
      },
      "operational": {
        "overload_rate": 0.0005166524008914182,
        "sla_violation_rate": 0.0005166524008914182,
        "over_provisioning_cost": 877467202.3358938,
        "asymmetric_op_cost": 877882766.9233152,
        "u_max_mean": 1.0792661328679771,
        "u_max_max": 2.0204422990416475
      },
      "calibration": {
        "method": "aci",
        "target_alpha": 0.1,
        "gamma": 0.005,
        "window": 500,
        "qhat_mean": 86.98638589293869,
        "alpha_final_mean": 0.09770446296296305,
        "coverage_overall": 0.89449688080752,
        "mean_width": 309.46929931640625
      }
    }
  },
  "calibration": "both",
  "target_alpha": 0.1
}