{
  "seed": 7,
  "dataset": "geant",
  "loss": "asym",
  "T_eff": 2083,
  "num_links": 58,
  "models": {
    "LSTM": {
      "forecast": {
        "rmse_mean": 2084.40966796875,
        "mae_mean": 2022.6351318359375,
        "mape_mean": 726.5432162449277,
        "smape_mean": 127.68895721435547
      },
      "operational": {
        "overload_rate": 0.18882745377191384,
        "sla_violation_rate": 0.18882745377191384,
        "over_provisioning_cost": 315246912.0,
        "asymmetric_op_cost": 478105568.0,
        "u_max_mean": 97444763271168.0,
        "u_max_max": 1690948622876672.0
      }
    },
    "LSTM_CQR": {
      "forecast": {
        "rmse_mean": null,
        "mae_mean": null,
        "mape_mean": null,
        "smape_mean": null
      },
      "operational": {
        "overload_rate": 0.008517224824937508,
        "sla_violation_rate": 0.008517224824937508,
        "over_provisioning_cost": 356762429.63835895,
        "asymmetric_op_cost": 357017978.20289314,
        "u_max_mean": 0.6185533602164376,
        "u_max_max": 2.349553105339425
      },
      "calibration": {
        "method": "cqr",
        "target_alpha": 0.2,
        "qhat_mean": -232.6554376041067,
        "qhat_per_link": [
          1285.921875,
          -242.4833984375,
          6388.5947265625,
          621.4134521484375,
          -1563.5296630859375,
          352.31536865234375,
          1605.6146240234375,
          721.6126708984375,
          -1657.287109375,
          -973.72607421875,
          840.7247314453125,
          -194.21795654296875,
          -3251.290283203125,
          -92.91226196289062,
          -1944.456787109375,
          -2926.04736328125,
          133.6790771484375,
          59.48472595214844,
          -409.40576171875,
          -2694.298583984375,
          -7227.74853515625,
          5372.5498046875,
          313.3985595703125,
          -2497.706298828125,
          374.582763671875,
          22.469528198242188,
          513.7841796875,
          -417.0799560546875,
          -3376.828857421875,
          156.5762481689453,
          -6.895381927490234,
          1336.157958984375,
          210.3111572265625,
          -8.220758438110352,
          1181.82275390625,
          -3678.09716796875,
          -935.1484985351562,
          120.3912353515625,
          -1.260180950164795,
          -499.72613525390625,
          -88.21499633789062,
          0.5235964059829712,
          -271.2089538574219,
          -5800.73291015625,
          -453.43646240234375,
          21.54986572265625,
          3.574347496032715,
          -317.06036376953125,
          44.37886047363281,
          0.39071017503738403,
          25.52368927001953,
          10204.94140625,
          -857.7196655273438,
          4.255886077880859,
          1.8861945867538452,
          5.152042388916016,
          561.1483154296875,
          -3592.00537109375
        ],
        "coverage_overall": 0.8194911185789726,
        "mean_width": 3247.746826171875
      }
    },
    "LSTM_ACI": {
      "forecast": {
        "rmse_mean": null,
        "mae_mean": null,
        "mape_mean": null,
        "smape_mean": null
      },
      "operational": {
        "overload_rate": 0.002135514096048471,
        "sla_violation_rate": 0.002135514096048471,
        "over_provisioning_cost": 347646074.3064898,
        "asymmetric_op_cost": 347704739.06439006,
        "u_max_mean": 0.6086140024751338,
        "u_max_max": 2.011685189910161
      },
      "calibration": {
        "method": "aci",
        "target_alpha": 0.2,
        "gamma": 0.005,
        "window": 500,
        "qhat_mean": -390.317973650735,
        "alpha_final_mean": 0.2391897586206897,
        "coverage_overall": 0.7556988428493386,
        "mean_width": 2917.40185546875
      }
    }
  },
  "calibration": "both",
  "target_alpha": 0.2
}