{
  "seed": 13,
  "dataset": "abilene",
  "loss": "asym_l1",
  "T_eff": 9606,
  "num_links": 54,
  "models": {
    "DLinear": {
      "forecast": {
        "rmse_mean": 46.20210266113281,
        "mae_mean": 21.316240310668945,
        "mape_mean": 12.032995753818089,
        "smape_mean": 10.86801528930664
      },
      "operational": {
        "overload_rate": 7.711229864051018e-06,
        "sla_violation_rate": 7.711229864051018e-06,
        "over_provisioning_cost": 1098184320.0,
        "asymmetric_op_cost": 1098184576.0,
        "u_max_mean": 0.907208263874054,
        "u_max_max": 1.0267239809036255
      }
    },
    "iTransformer": {
      "forecast": {
        "rmse_mean": 54.896671295166016,
        "mae_mean": 22.369234085083008,
        "mape_mean": 11.823508695319846,
        "smape_mean": 10.444124221801758
      },
      "operational": {
        "overload_rate": 0.0,
        "sla_violation_rate": 0.0,
        "over_provisioning_cost": 1325189120.0,
        "asymmetric_op_cost": 1325189120.0,
        "u_max_mean": 0.7836446166038513,
        "u_max_max": 0.9304167628288269
      }
    }
  }
}