{
  "seed": 1,
  "dataset": "geant",
  "loss": "asym",
  "T_eff": 2083,
  "num_links": 58,
  "models": {
    "LSTM": {
      "forecast": {
        "rmse_mean": 3789.296630859375,
        "mae_mean": 3751.69580078125,
        "mape_mean": 1316.8753088589372,
        "smape_mean": 139.73390197753906
      },
      "operational": {
        "overload_rate": 0.2713923882993693,
        "sla_violation_rate": 0.2713923882993693,
        "over_provisioning_cost": 448586752.0,
        "asymmetric_op_cost": 1919069184.0,
        "u_max_mean": 195414871506944.0,
        "u_max_max": 2452580139532288.0
      }
    }
  }
}