{
  "seed": 1,
  "dataset": "geant",
  "loss": "asym",
  "T_eff": 2083,
  "num_links": 58,
  "models": {
    "DLinear": {
      "forecast": {
        "rmse_mean": 10005.90625,
        "mae_mean": 10002.13671875,
        "mape_mean": 3523.2805526503203,
        "smape_mean": 148.89663696289062
      },
      "operational": {
        "overload_rate": 8.277186418792524e-06,
        "sla_violation_rate": 8.277186418792524e-06,
        "over_provisioning_cost": 1403661824.0,
        "asymmetric_op_cost": 1403661824.0,
        "u_max_mean": 0.304218053817749,
        "u_max_max": 1.0118658542633057
      }
    },
    "iTransformer": {
      "forecast": {
        "rmse_mean": 115.15283966064453,
        "mae_mean": 87.375732421875,
        "mape_mean": 32.52341253181984,
        "smape_mean": 26.534975051879883
      },
      "operational": {
        "overload_rate": 0.0009353220653235552,
        "sla_violation_rate": 0.0009353220653235552,
        "over_provisioning_cost": 80011160.0,
        "asymmetric_op_cost": 80024024.0,
        "u_max_mean": 1.0518280267715454,
        "u_max_max": 2.6332619190216064
      }
    }
  }
}