{
  "num_seeds": 5,
  "seeds": [
    42,
    123,
    456,
    789,
    1024
  ],
  "dataset": "abilene",
  "loss": "asym_l1",
  "per_seed": [
    {
      "seed": 42,
      "dataset": "abilene",
      "loss": "asym_l1",
      "T_eff": 9606,
      "num_links": 54,
      "models": {
        "LSTM": {
          "forecast": {
            "rmse_mean": 76.98760223388672,
            "mae_mean": 41.262630462646484,
            "mape_mean": 21.946990030783194,
            "smape_mean": 18.513399124145508
          },
          "operational": {
            "overload_rate": 0.008557537341630617,
            "sla_violation_rate": 0.008557537341630617,
            "over_provisioning_cost": 966178432.0,
            "asymmetric_op_cost": 968751232.0,
            "u_max_mean": 1.2440192699432373,
            "u_max_max": 3.385929584503174
          }
        }
      }
    },
    {
      "seed": 123,
      "dataset": "abilene",
      "loss": "asym_l1",
      "T_eff": 9606,
      "num_links": 54,
      "models": {
        "LSTM": {
          "forecast": {
            "rmse_mean": 73.04703521728516,
            "mae_mean": 38.18104934692383,
            "mape_mean": 20.89414379331801,
            "smape_mean": 18.17994499206543
          },
          "operational": {
            "overload_rate": 0.007576283341430125,
            "sla_violation_rate": 0.007576283341430125,
            "over_provisioning_cost": 969609344.0,
            "asymmetric_op_cost": 971801408.0,
            "u_max_mean": 1.260530710220337,
            "u_max_max": 3.0974020957946777
          }
        }
      }
    },
    {
      "seed": 456,
      "dataset": "abilene",
      "loss": "asym_l1",
      "T_eff": 9606,
      "num_links": 54,
      "models": {
        "LSTM": {
          "forecast": {
            "rmse_mean": 76.11673736572266,
            "mae_mean": 40.079376220703125,
            "mape_mean": 21.845704166977495,
            "smape_mean": 18.04328155517578
          },
          "operational": {
            "overload_rate": 0.007634117565410508,
            "sla_violation_rate": 0.007634117565410508,
            "over_provisioning_cost": 969638016.0,
            "asymmetric_op_cost": 971665536.0,
            "u_max_mean": 1.2280479669570923,
            "u_max_max": 2.994053602218628
          }
        }
      }
    },
    {
      "seed": 789,
      "dataset": "abilene",
      "loss": "asym_l1",
      "T_eff": 9606,
      "num_links": 54,
      "models": {
        "LSTM": {
          "forecast": {
            "rmse_mean": 78.90094757080078,
            "mae_mean": 42.40229797363281,
            "mape_mean": 23.11641173892551,
            "smape_mean": 18.96860122680664
          },
          "operational": {
            "overload_rate": 0.006523700464987161,
            "sla_violation_rate": 0.006523700464987161,
            "over_provisioning_cost": 947449152.0,
            "asymmetric_op_cost": 949615424.0,
            "u_max_mean": 1.2031601667404175,
            "u_max_max": 3.251971960067749
          }
        }
      }
    },
    {
      "seed": 1024,
      "dataset": "abilene",
      "loss": "asym_l1",
      "T_eff": 9606,
      "num_links": 54,
      "models": {
        "LSTM": {
          "forecast": {
            "rmse_mean": 73.90795135498047,
            "mae_mean": 38.837406158447266,
            "mape_mean": 20.486339728037517,
            "smape_mean": 17.732391357421875
          },
          "operational": {
            "overload_rate": 0.009178291345686724,
            "sla_violation_rate": 0.009178291345686724,
            "over_provisioning_cost": 959196416.0,
            "asymmetric_op_cost": 961736320.0,
            "u_max_mean": 1.247707486152649,
            "u_max_max": 3.410900115966797
          }
        }
      }
    }
  ],
  "models": {
    "LSTM": {
      "forecast": {
        "rmse_mean": {
          "mean": 75.79205474853515,
          "std": 2.111158212759866,
          "min": 73.04703521728516,
          "max": 78.90094757080078,
          "values": [
            76.98760223388672,
            73.04703521728516,
            76.11673736572266,
            78.90094757080078,
            73.90795135498047
          ]
        },
        "mae_mean": {
          "mean": 40.1525520324707,
          "std": 1.5437238826567508,
          "min": 38.18104934692383,
          "max": 42.40229797363281,
          "values": [
            41.262630462646484,
            38.18104934692383,
            40.079376220703125,
            42.40229797363281,
            38.837406158447266
          ]
        },
        "mape_mean": {
          "mean": 21.657917891608346,
          "std": 0.9167308172087788,
          "min": 20.486339728037517,
          "max": 23.11641173892551,
          "values": [
            21.946990030783194,
            20.89414379331801,
            21.845704166977495,
            23.11641173892551,
            20.486339728037517
          ]
        },
        "smape_mean": {
          "mean": 18.287523651123045,
          "std": 0.4229150331306359,
          "min": 17.732391357421875,
          "max": 18.96860122680664,
          "values": [
            18.513399124145508,
            18.17994499206543,
            18.04328155517578,
            18.96860122680664,
            17.732391357421875
          ]
        }
      },
      "operational": {
        "overload_rate": {
          "mean": 0.007893986011829026,
          "std": 0.0009094932252593274,
          "min": 0.006523700464987161,
          "max": 0.009178291345686724,
          "values": [
            0.008557537341630617,
            0.007576283341430125,
            0.007634117565410508,
            0.006523700464987161,
            0.009178291345686724
          ]
        },
        "sla_violation_rate": {
          "mean": 0.007893986011829026,
          "std": 0.0009094932252593274,
          "min": 0.006523700464987161,
          "max": 0.009178291345686724,
          "values": [
            0.008557537341630617,
            0.007576283341430125,
            0.007634117565410508,
            0.006523700464987161,
            0.009178291345686724
          ]
        },
        "over_provisioning_cost": {
          "mean": 962414272.0,
          "std": 8395592.329543592,
          "min": 947449152.0,
          "max": 969638016.0,
          "values": [
            966178432.0,
            969609344.0,
            969638016.0,
            947449152.0,
            959196416.0
          ]
        },
        "asymmetric_op_cost": {
          "mean": 964713984.0,
          "std": 8386751.7257694,
          "min": 949615424.0,
          "max": 971801408.0,
          "values": [
            968751232.0,
            971801408.0,
            971665536.0,
            949615424.0,
            961736320.0
          ]
        },
        "u_max_mean": {
          "mean": 1.2366931200027467,
          "std": 0.019709982585952524,
          "min": 1.2031601667404175,
          "max": 1.260530710220337,
          "values": [
            1.2440192699432373,
            1.260530710220337,
            1.2280479669570923,
            1.2031601667404175,
            1.247707486152649
          ]
        },
        "u_max_max": {
          "mean": 3.228051471710205,
          "std": 0.16171306522512047,
          "min": 2.994053602218628,
          "max": 3.410900115966797,
          "values": [
            3.385929584503174,
            3.0974020957946777,
            2.994053602218628,
            3.251971960067749,
            3.410900115966797
          ]
        }
      }
    }
  }
}