{
  "seed": 271828,
  "dataset": "cesnet",
  "loss": "asym",
  "T_eff": 7624,
  "num_links": 20,
  "models": {
    "DLinear": {
      "forecast": {
        "rmse_mean": 36.42670440673828,
        "mae_mean": 28.917556762695312,
        "mape_mean": 135.6324857711792,
        "smape_mean": 65.54769897460938
      },
      "operational": {
        "overload_rate": 0.0006951731374606506,
        "sla_violation_rate": 0.0006951731374606506,
        "over_provisioning_cost": 50488184.0,
        "asymmetric_op_cost": 50562292.0,
        "u_max_mean": 1.664385199546814,
        "u_max_max": 3.0872855186462402
      }
    },
    "iTransformer": {
      "forecast": {
        "rmse_mean": 33.66039276123047,
        "mae_mean": 24.107192993164062,
        "mape_mean": 98.30720119476318,
        "smape_mean": 54.858741760253906
      },
      "operational": {
        "overload_rate": 0.0008066631689401889,
        "sla_violation_rate": 0.0008066631689401889,
        "over_provisioning_cost": 49010640.0,
        "asymmetric_op_cost": 49098600.0,
        "u_max_mean": 1.7821117639541626,
        "u_max_max": 2.607922077178955
      }
    }
  }
}