{
  "seed": 256,
  "dataset": "geant",
  "loss": "asym_l1",
  "T_eff": 2083,
  "num_links": 58,
  "models": {
    "DLinear": {
      "forecast": {
        "rmse_mean": 255.5315399169922,
        "mae_mean": 224.0989990234375,
        "mape_mean": 57.670968770980835,
        "smape_mean": 42.740760803222656
      },
      "operational": {
        "overload_rate": 0.0029301239922525533,
        "sla_violation_rate": 0.0029301239922525533,
        "over_provisioning_cost": 105201616.0,
        "asymmetric_op_cost": 105506208.0,
        "u_max_mean": 0.8641705513000488,
        "u_max_max": 1.4138449430465698
      }
    },
    "iTransformer": {
      "forecast": {
        "rmse_mean": 116.45714569091797,
        "mae_mean": 92.05847930908203,
        "mape_mean": 34.52374060400601,
        "smape_mean": 27.23929214477539
      },
      "operational": {
        "overload_rate": 8.277186418792524e-06,
        "sla_violation_rate": 8.277186418792524e-06,
        "over_provisioning_cost": 118400576.0,
        "asymmetric_op_cost": 118400616.0,
        "u_max_mean": 0.739341676235199,
        "u_max_max": 1.296296238899231
      }
    }
  }
}