{
  "seed": 65521,
  "dataset": "abilene",
  "loss": "asym",
  "T_eff": 9606,
  "num_links": 54,
  "models": {
    "DLinear": {
      "forecast": {
        "rmse_mean": 120.89276885986328,
        "mae_mean": 76.99278259277344,
        "mape_mean": 32.820372934694646,
        "smape_mean": 25.38910675048828
      },
      "operational": {
        "overload_rate": 3.855614932025509e-06,
        "sla_violation_rate": 3.855614932025509e-06,
        "over_provisioning_cost": 1434211072.0,
        "asymmetric_op_cost": 1434211328.0,
        "u_max_mean": 0.8282671570777893,
        "u_max_max": 1.0233715772628784
      }
    },
    "iTransformer": {
      "forecast": {
        "rmse_mean": 80.11837768554688,
        "mae_mean": 34.87914276123047,
        "mape_mean": 18.26197706328498,
        "smape_mean": 14.635509490966797
      },
      "operational": {
        "overload_rate": 0.0,
        "sla_violation_rate": 0.0,
        "over_provisioning_cost": 1425007616.0,
        "asymmetric_op_cost": 1425007616.0,
        "u_max_mean": 0.7575736045837402,
        "u_max_max": 0.8689552545547485
      }
    }
  }
}