{
  "seed": 100003,
  "dataset": "abilene",
  "loss": "asym",
  "T_eff": 9606,
  "num_links": 54,
  "models": {
    "DLinear": {
      "forecast": {
        "rmse_mean": 267.1520690917969,
        "mae_mean": 161.4468994140625,
        "mape_mean": 63.55012985512062,
        "smape_mean": 40.75530242919922
      },
      "operational": {
        "overload_rate": 7.711229864051018e-06,
        "sla_violation_rate": 7.711229864051018e-06,
        "over_provisioning_cost": 1897682688.0,
        "asymmetric_op_cost": 1897691904.0,
        "u_max_mean": 0.7681937217712402,
        "u_max_max": 1.124679446220398
      }
    },
    "iTransformer": {
      "forecast": {
        "rmse_mean": 154.84197998046875,
        "mae_mean": 71.55695343017578,
        "mape_mean": 36.407924051638005,
        "smape_mean": 25.258512496948242
      },
      "operational": {
        "overload_rate": 0.0,
        "sla_violation_rate": 0.0,
        "over_provisioning_cost": 1931355392.0,
        "asymmetric_op_cost": 1931355392.0,
        "u_max_mean": 0.5986555814743042,
        "u_max_max": 0.9163563251495361
      }
    }
  }
}