{
  "seed": 7,
  "dataset": "abilene",
  "loss": "asym",
  "T_eff": 9606,
  "num_links": 54,
  "models": {
    "LSTM": {
      "forecast": {
        "rmse_mean": 175.35214233398438,
        "mae_mean": 115.01791381835938,
        "mape_mean": 62.88759273952908,
        "smape_mean": 42.589508056640625
      },
      "operational": {
        "overload_rate": 0.0585243790532152,
        "sla_violation_rate": 0.0585243790532152,
        "over_provisioning_cost": 367594752.0,
        "asymmetric_op_cost": 407602208.0,
        "u_max_mean": 2.31764554977417,
        "u_max_max": 7.770023345947266
      }
    },
    "LSTM_CQR": {
      "forecast": {
        "rmse_mean": null,
        "mae_mean": null,
        "mape_mean": null,
        "smape_mean": null
      },
      "operational": {
        "overload_rate": 0.03384458787331992,
        "sla_violation_rate": 0.03384458787331992,
        "over_provisioning_cost": 590599114.3487598,
        "asymmetric_op_cost": 621523346.9373227,
        "u_max_mean": 1.7898684906075357,
        "u_max_max": 6.532826368247522
      },
      "calibration": {
        "method": "cqr",
        "target_alpha": 0.1,
        "qhat_mean": 46.408157136705185,
        "qhat_per_link": [
          0.6229420900344849,
          1.7519222497940063,
          60.931549072265625,
          10.161306381225586,
          48.56689453125,
          81.79946899414062,
          58.08668518066406,
          77.84451293945312,
          44.64649963378906,
          17.238082885742188,
          43.35503005981445,
          1.9613714218139648,
          46.1240119934082,
          13.140079498291016,
          113.6409912109375,
          60.064453125,
          64.07528686523438,
          -17.47766876220703,
          80.692626953125,
          49.08156204223633,
          68.51522827148438,
          88.81991577148438,
          75.58212280273438,
          61.470741271972656,
          48.96449279785156,
          14.008560180664062,
          22.135467529296875,
          12.59006118774414,
          94.21746826171875,
          54.023834228515625,
          0.6375205516815186,
          1.5402913093566895,
          19.123207092285156,
          55.23011779785156,
          32.610862731933594,
          94.42103576660156,
          32.08351135253906,
          39.70619201660156,
          5.859043121337891,
          -10.211814880371094,
          59.74458312988281,
          61.11041259765625,
          12.981788635253906,
          23.718246459960938,
          114.6275634765625,
          104.65887451171875,
          109.72947692871094,
          58.0450439453125,
          10.389530181884766,
          9.676841735839844,
          24.288055419921875,
          25.357025146484375,
          123.22772216796875,
          100.849853515625
        ],
        "coverage_overall": 0.8577509426978509,
        "mean_width": 279.45965576171875
      }
    },
    "LSTM_ACI": {
      "forecast": {
        "rmse_mean": null,
        "mae_mean": null,
        "mape_mean": null,
        "smape_mean": null
      },
      "operational": {
        "overload_rate": 0.000651598923512311,
        "sla_violation_rate": 0.000651598923512311,
        "over_provisioning_cost": 850814784.5343152,
        "asymmetric_op_cost": 851237832.7475873,
        "u_max_mean": 1.0869466894603024,
        "u_max_max": 2.020189694026691
      },
      "calibration": {
        "method": "aci",
        "target_alpha": 0.1,
        "gamma": 0.005,
        "window": 500,
        "qhat_mean": 78.16234588623047,
        "alpha_final_mean": 0.0902600000000001,
        "coverage_overall": 0.894344584017705,
        "mean_width": 335.88458251953125
      }
    }
  },
  "calibration": "both",
  "target_alpha": 0.1
}