{
  "seed": 7,
  "dataset": "abilene",
  "loss": "asym_l1",
  "T_eff": 9606,
  "num_links": 54,
  "models": {
    "LSTM": {
      "forecast": {
        "rmse_mean": 200.7683868408203,
        "mae_mean": 100.88751220703125,
        "mape_mean": 49.899753146701386,
        "smape_mean": 37.59723663330078
      },
      "operational": {
        "overload_rate": 0.0824195525944433,
        "sla_violation_rate": 0.0824195525944433,
        "over_provisioning_cost": 207947472.0,
        "asymmetric_op_cost": 233293200.0,
        "u_max_mean": 3.1455087661743164,
        "u_max_max": 8.778485298156738
      }
    }
  }
}