{
  "seed": 123,
  "dataset": "geant",
  "loss": "asym",
  "T_eff": 2083,
  "num_links": 58,
  "models": {
    "LSTM": {
      "forecast": {
        "rmse_mean": 1884.8692626953125,
        "mae_mean": 1832.8302001953125,
        "mape_mean": 794.8715372085571,
        "smape_mean": 124.69575500488281
      },
      "operational": {
        "overload_rate": 0.2076994388067608,
        "sla_violation_rate": 0.2076994388067608,
        "over_provisioning_cost": 274796352.0,
        "asymmetric_op_cost": 383302048.0,
        "u_max_mean": 108390302875648.0,
        "u_max_max": 1690948622876672.0
      }
    },
    "LSTM_CQR": {
      "forecast": {
        "rmse_mean": null,
        "mae_mean": null,
        "mape_mean": null,
        "smape_mean": null
      },
      "operational": {
        "overload_rate": 0.003931663548926449,
        "sla_violation_rate": 0.003931663548926449,
        "over_provisioning_cost": 335158790.4197134,
        "asymmetric_op_cost": 335248986.51224744,
        "u_max_mean": 0.6904964747616171,
        "u_max_max": 2.020086967789807
      },
      "calibration": {
        "method": "cqr",
        "target_alpha": 0.05,
        "qhat_mean": 464.4224433369678,
        "qhat_per_link": [
          833.5654296875,
          1185.247314453125,
          -1532.7088623046875,
          1451.625732421875,
          853.7652587890625,
          -1194.443359375,
          -1409.8155517578125,
          -408.3087158203125,
          2736.6611328125,
          1395.525146484375,
          1247.8505859375,
          513.6207275390625,
          1344.07373046875,
          1674.792724609375,
          -1161.642578125,
          -1679.154541015625,
          343.6173095703125,
          27.496856689453125,
          1192.2159423828125,
          -4065.280029296875,
          -3200.04345703125,
          104.091064453125,
          388.7803039550781,
          -156.78485107421875,
          526.1954345703125,
          -18.045135498046875,
          1979.49169921875,
          4640.36865234375,
          -3182.112548828125,
          -102.17599487304688,
          7.175554275512695,
          -738.6235961914062,
          206.5721435546875,
          10.186016082763672,
          1904.0069580078125,
          79.98358154296875,
          3142.995361328125,
          255.65402221679688,
          19.52410316467285,
          1444.846923828125,
          212.9984130859375,
          -0.11798819899559021,
          218.31521606445312,
          11807.8720703125,
          571.2659301757812,
          197.49310302734375,
          7.887447357177734,
          -913.00390625,
          17.0006103515625,
          1.3165220022201538,
          80.88966369628906,
          4790.46728515625,
          -442.483642578125,
          69.49560546875,
          10.758296012878418,
          12.50558853149414,
          -55.19544982910156,
          -311.7535400390625
        ],
        "coverage_overall": 0.9607164732564106,
        "mean_width": 3453.813232421875
      }
    },
    "LSTM_ACI": {
      "forecast": {
        "rmse_mean": null,
        "mae_mean": null,
        "mape_mean": null,
        "smape_mean": null
      },
      "operational": {
        "overload_rate": 0.0006125117949906468,
        "sla_violation_rate": 0.0006125117949906468,
        "over_provisioning_cost": 300440926.7171458,
        "asymmetric_op_cost": 300444873.80471504,
        "u_max_mean": 0.689533897371174,
        "u_max_max": 2.1472196706578788
      },
      "calibration": {
        "method": "aci",
        "target_alpha": 0.05,
        "gamma": 0.005,
        "window": 500,
        "qhat_mean": 40.20362801181859,
        "alpha_final_mean": 0.06996620689655177,
        "coverage_overall": 0.9383432383664145,
        "mean_width": 2657.366455078125
      }
    }
  },
  "calibration": "both",
  "target_alpha": 0.05
}