{
  "seed": 2048,
  "dataset": "geant",
  "loss": "asym_l1",
  "T_eff": 2083,
  "num_links": 58,
  "models": {
    "DLinear": {
      "forecast": {
        "rmse_mean": 682.916259765625,
        "mae_mean": 609.8643798828125,
        "mape_mean": 130.402763037846,
        "smape_mean": 75.03775024414062
      },
      "operational": {
        "overload_rate": 0.017431754597977054,
        "sla_violation_rate": 0.017431754597977054,
        "over_provisioning_cost": 216194752.0,
        "asymmetric_op_cost": 241868432.0,
        "u_max_mean": 1.3139121532440186,
        "u_max_max": 42.976558685302734
      }
    },
    "iTransformer": {
      "forecast": {
        "rmse_mean": 226.7467803955078,
        "mae_mean": 192.02560424804688,
        "mape_mean": 67.63305081992314,
        "smape_mean": 45.21118927001953
      },
      "operational": {
        "overload_rate": 0.0,
        "sla_violation_rate": 0.0,
        "over_provisioning_cost": 160596704.0,
        "asymmetric_op_cost": 160596704.0,
        "u_max_mean": 0.5935171246528625,
        "u_max_max": 0.9799505472183228
      }
    }
  }
}