{
  "seed": 31337,
  "dataset": "geant",
  "loss": "asym",
  "T_eff": 2083,
  "num_links": 58,
  "models": {
    "LSTM": {
      "forecast": {
        "rmse_mean": 2813.445068359375,
        "mae_mean": 2770.9287109375,
        "mape_mean": 850.0193950389994,
        "smape_mean": 131.8359832763672
      },
      "operational": {
        "overload_rate": 0.15260648600327775,
        "sla_violation_rate": 0.15260648600327775,
        "over_provisioning_cost": 414805216.0,
        "asymmetric_op_cost": 534167136.0,
        "u_max_mean": 52113866489856.0,
        "u_max_max": 1377017249398784.0
      }
    },
    "LSTM_CQR": {
      "forecast": {
        "rmse_mean": null,
        "mae_mean": null,
        "mape_mean": null,
        "smape_mean": null
      },
      "operational": {
        "overload_rate": 0.013955336302084195,
        "sla_violation_rate": 0.013955336302084195,
        "over_provisioning_cost": 310667243.69864404,
        "asymmetric_op_cost": 311248395.12375534,
        "u_max_mean": 0.8507433415618443,
        "u_max_max": 2.8068998907008065
      },
      "calibration": {
        "method": "cqr",
        "target_alpha": 0.1,
        "qhat_mean": 760.4346917518254,
        "qhat_per_link": [
          520.84326171875,
          983.9874267578125,
          454.43548583984375,
          -332.982177734375,
          -20.463134765625,
          100.85589599609375,
          -1070.48779296875,
          886.30078125,
          4661.3232421875,
          2837.130126953125,
          1854.80078125,
          487.6400146484375,
          2289.671875,
          -224.50514221191406,
          515.1514892578125,
          617.26611328125,
          207.07662963867188,
          21.61377716064453,
          1995.9991455078125,
          1805.6846923828125,
          1900.2694091796875,
          2593.90576171875,
          377.4552001953125,
          1891.82568359375,
          108.12905883789062,
          -0.1736602783203125,
          1445.814697265625,
          -2181.218505859375,
          1485.638671875,
          612.8350219726562,
          19.80929946899414,
          850.2225341796875,
          310.50225830078125,
          3.617095947265625,
          1909.4903564453125,
          -1599.5889892578125,
          2868.9599609375,
          149.9328155517578,
          7.320943832397461,
          -1263.556884765625,
          244.396728515625,
          1.2414294481277466,
          112.23481750488281,
          3582.48095703125,
          120.88941955566406,
          194.41075134277344,
          5.732071876525879,
          1092.3245849609375,
          95.73953247070312,
          1.2250335216522217,
          -55.39087677001953,
          4867.931640625,
          493.4405517578125,
          53.467857360839844,
          2.510056257247925,
          11.892292022705078,
          -121.70390319824219,
          3319.85595703125
        ],
        "coverage_overall": 0.8880013905673183,
        "mean_width": 3433.265869140625
      }
    },
    "LSTM_ACI": {
      "forecast": {
        "rmse_mean": null,
        "mae_mean": null,
        "mape_mean": null,
        "smape_mean": null
      },
      "operational": {
        "overload_rate": 0.0022679490787491517,
        "sla_violation_rate": 0.0022679490787491517,
        "over_provisioning_cost": 302629876.2250012,
        "asymmetric_op_cost": 302656186.15733325,
        "u_max_mean": 0.7871686599405769,
        "u_max_max": 2.5922273411894454
      },
      "calibration": {
        "method": "aci",
        "target_alpha": 0.1,
        "gamma": 0.005,
        "window": 500,
        "qhat_mean": 560.1924626601153,
        "alpha_final_mean": 0.12319862068965523,
        "coverage_overall": 0.8777045706623404,
        "mean_width": 2927.800537109375
      }
    }
  },
  "calibration": "both",
  "target_alpha": 0.1
}