{
  "seed": 100003,
  "dataset": "abilene",
  "loss": "asym",
  "T_eff": 9606,
  "num_links": 54,
  "models": {
    "LSTM": {
      "forecast": {
        "rmse_mean": 164.44105529785156,
        "mae_mean": 105.25865173339844,
        "mape_mean": 55.63400365688182,
        "smape_mean": 39.714847564697266
      },
      "operational": {
        "overload_rate": 0.06161465442123364,
        "sla_violation_rate": 0.06161465442123364,
        "over_provisioning_cost": 514385888.0,
        "asymmetric_op_cost": 548044864.0,
        "u_max_mean": 2.0804505348205566,
        "u_max_max": 7.419312000274658
      }
    },
    "LSTM_CQR": {
      "forecast": {
        "rmse_mean": null,
        "mae_mean": null,
        "mape_mean": null,
        "smape_mean": null
      },
      "operational": {
        "overload_rate": 0.03446534187737602,
        "sla_violation_rate": 0.03446534187737602,
        "over_provisioning_cost": 552340617.4905111,
        "asymmetric_op_cost": 578165576.7154218,
        "u_max_mean": 1.8053177702896546,
        "u_max_max": 6.604440014946609
      },
      "calibration": {
        "method": "cqr",
        "target_alpha": 0.1,
        "qhat_mean": 37.085851649443306,
        "qhat_per_link": [
          1.2554490566253662,
          0.946753978729248,
          46.84154510498047,
          10.81624984741211,
          51.513336181640625,
          75.88177490234375,
          53.53031921386719,
          68.16400146484375,
          27.0625,
          15.248367309570312,
          45.931358337402344,
          2.6228818893432617,
          37.46259307861328,
          14.613893508911133,
          100.91519165039062,
          41.839935302734375,
          34.9393310546875,
          -9.269229888916016,
          80.81814575195312,
          56.06122970581055,
          40.169158935546875,
          76.35208129882812,
          60.55653381347656,
          32.287994384765625,
          15.839813232421875,
          9.349071502685547,
          19.220909118652344,
          11.24409294128418,
          70.54136657714844,
          55.79669189453125,
          1.1506506204605103,
          1.163909912109375,
          21.406028747558594,
          50.58831024169922,
          33.78672790527344,
          84.26254272460938,
          24.387054443359375,
          25.194992065429688,
          9.013919830322266,
          16.02423858642578,
          46.317787170410156,
          54.77961730957031,
          12.433509826660156,
          15.337623596191406,
          85.4632568359375,
          43.803955078125,
          79.79313659667969,
          45.39666748046875,
          7.856029510498047,
          4.004316329956055,
          12.929374694824219,
          11.99560546875,
          83.6278076171875,
          83.36558532714844
        ],
        "coverage_overall": 0.8335531033844588,
        "mean_width": 249.2109375
      }
    },
    "LSTM_ACI": {
      "forecast": {
        "rmse_mean": null,
        "mae_mean": null,
        "mape_mean": null,
        "smape_mean": null
      },
      "operational": {
        "overload_rate": 0.0006708769981724385,
        "sla_violation_rate": 0.0006708769981724385,
        "over_provisioning_cost": 785815206.3120557,
        "asymmetric_op_cost": 786775762.7892972,
        "u_max_mean": 1.1455730909727921,
        "u_max_max": 2.1487672843771253
      },
      "calibration": {
        "method": "aci",
        "target_alpha": 0.1,
        "gamma": 0.005,
        "window": 500,
        "qhat_mean": 81.41393385993109,
        "alpha_final_mean": 0.09866738888888898,
        "coverage_overall": 0.8945547150315004,
        "mean_width": 304.920166015625
      }
    }
  },
  "calibration": "both",
  "target_alpha": 0.1
}