{
  "seed": 17,
  "dataset": "abilene",
  "loss": "asym",
  "T_eff": 9606,
  "num_links": 54,
  "models": {
    "DLinear": {
      "forecast": {
        "rmse_mean": 293.2806396484375,
        "mae_mean": 190.96319580078125,
        "mape_mean": 75.63536250149762,
        "smape_mean": 44.64113998413086
      },
      "operational": {
        "overload_rate": 0.0,
        "sla_violation_rate": 0.0,
        "over_provisioning_cost": 1985909760.0,
        "asymmetric_op_cost": 1985909760.0,
        "u_max_mean": 0.723823606967926,
        "u_max_max": 0.9257451295852661
      }
    },
    "iTransformer": {
      "forecast": {
        "rmse_mean": 149.35626220703125,
        "mae_mean": 68.9437484741211,
        "mape_mean": 34.24185422614769,
        "smape_mean": 24.229610443115234
      },
      "operational": {
        "overload_rate": 0.0,
        "sla_violation_rate": 0.0,
        "over_provisioning_cost": 2108403328.0,
        "asymmetric_op_cost": 2108403328.0,
        "u_max_mean": 0.5734585523605347,
        "u_max_max": 0.7976276874542236
      }
    }
  }
}