{
  "seed": 2048,
  "dataset": "abilene",
  "loss": "asym",
  "T_eff": 9606,
  "num_links": 54,
  "models": {
    "LSTM": {
      "forecast": {
        "rmse_mean": 176.0775604248047,
        "mae_mean": 100.01243591308594,
        "mape_mean": 51.129620711008705,
        "smape_mean": 37.15501403808594
      },
      "operational": {
        "overload_rate": 0.07963579861352087,
        "sla_violation_rate": 0.07963579861352087,
        "over_provisioning_cost": 323971776.0,
        "asymmetric_op_cost": 333254336.0,
        "u_max_mean": 2.517671585083008,
        "u_max_max": 7.629393100738525
      }
    }
  }
}