{
  "num_seeds": 20,
  "seeds": [
    1,
    100003,
    1024,
    123,
    13,
    17,
    2,
    2048,
    256,
    271828,
    3,
    31337,
    42,
    456,
    512,
    65521,
    7,
    789,
    8191,
    99
  ],
  "dataset": "cesnet",
  "loss": "asym",
  "per_seed": {},
  "models": {
    "LSTM": {
      "forecast": {
        "rmse_mean": {
          "mean": 34.055111694335935,
          "std": 0.5176355840642444,
          "min": 32.922325134277344,
          "max": 35.189247131347656,
          "values": [
            34.7431755065918,
            34.13323974609375,
            33.77794647216797,
            33.99203872680664,
            34.011695861816406,
            33.93455123901367,
            34.351715087890625,
            35.189247131347656,
            33.91492462158203,
            33.58673858642578,
            33.77945327758789,
            34.162994384765625,
            34.41545104980469,
            34.4687614440918,
            33.9869384765625,
            33.98042678833008,
            34.2830696105957,
            32.95005416870117,
            34.517486572265625,
            32.922325134277344
          ]
        },
        "mae_mean": {
          "mean": 25.544642829895018,
          "std": 0.6819962507609859,
          "min": 24.030305862426758,
          "max": 26.840389251708984,
          "values": [
            26.59663963317871,
            25.632253646850586,
            25.15118408203125,
            25.7099552154541,
            25.300745010375977,
            25.241846084594727,
            26.12432289123535,
            26.840389251708984,
            25.315479278564453,
            24.94343376159668,
            25.127220153808594,
            25.72580337524414,
            26.432443618774414,
            26.109256744384766,
            25.32711410522461,
            25.18819808959961,
            25.79599952697754,
            24.35337257385254,
            25.9468936920166,
            24.030305862426758
          ]
        },
        "mape_mean": {
          "mean": 143.11757628440856,
          "std": 4.183059573867326,
          "min": 134.87838287353514,
          "max": 151.12147789001466,
          "values": [
            146.69275856018066,
            146.11720848083496,
            136.3900032043457,
            142.91605377197266,
            144.19936866760253,
            138.31795806884764,
            143.85526847839355,
            149.64635543823243,
            142.02206382751464,
            140.09801292419434,
            143.73964462280273,
            141.51125507354737,
            151.12147789001466,
            147.69330139160155,
            142.59421768188477,
            139.94803771972656,
            146.627982711792,
            138.51592712402345,
            145.46624717712402,
            134.87838287353514
          ]
        },
        "smape_mean": {
          "mean": 63.24068202972412,
          "std": 0.8634277583431547,
          "min": 61.50699996948242,
          "max": 65.04278564453125,
          "values": [
            63.96259689331055,
            63.78192138671875,
            62.01568603515625,
            63.22428512573242,
            63.35902786254883,
            62.500282287597656,
            63.58784103393555,
            64.43623352050781,
            63.19254684448242,
            62.186180114746094,
            62.95100021362305,
            62.9775390625,
            65.04278564453125,
            64.18264770507812,
            63.07013702392578,
            62.84981155395508,
            63.883827209472656,
            62.21216583251953,
            63.8901252746582,
            61.50699996948242
          ]
        }
      },
      "operational": {
        "overload_rate": {
          "mean": 0.08877590503672614,
          "std": 0.011332958749152878,
          "min": 0.06548399790136411,
          "max": 0.11657266526757608,
          "values": [
            0.0753672612801679,
            0.0976587093389297,
            0.09517969569779643,
            0.07673137460650577,
            0.09298268625393494,
            0.09179564533053515,
            0.08403725078698845,
            0.09141526757607556,
            0.0936188352570829,
            0.07362277019937041,
            0.08915267576075551,
            0.07790529905561384,
            0.06548399790136411,
            0.08477177334732423,
            0.09807843651626443,
            0.11657266526757608,
            0.08871327387198322,
            0.08318467995802728,
            0.10207240293809024,
            0.09717339979013641
          ]
        },
        "sla_violation_rate": {
          "mean": 0.08877590503672614,
          "std": 0.011332958749152878,
          "min": 0.06548399790136411,
          "max": 0.11657266526757608,
          "values": [
            0.0753672612801679,
            0.0976587093389297,
            0.09517969569779643,
            0.07673137460650577,
            0.09298268625393494,
            0.09179564533053515,
            0.08403725078698845,
            0.09141526757607556,
            0.0936188352570829,
            0.07362277019937041,
            0.08915267576075551,
            0.07790529905561384,
            0.06548399790136411,
            0.08477177334732423,
            0.09807843651626443,
            0.11657266526757608,
            0.08871327387198322,
            0.08318467995802728,
            0.10207240293809024,
            0.09717339979013641
          ]
        },
        "over_provisioning_cost": {
          "mean": 8336982.6,
          "std": 811370.5595263578,
          "min": 6817228.0,
          "max": 10354636.0,
          "values": [
            9626855.0,
            7713466.5,
            8050463.5,
            9292505.0,
            7934148.0,
            8042531.0,
            8603333.0,
            8007012.5,
            8011679.5,
            8960209.0,
            8103572.0,
            9322588.0,
            10354636.0,
            8204445.5,
            7493399.0,
            6817228.0,
            8519668.0,
            8428306.0,
            7696266.5,
            7557340.0
          ]
        },
        "asymmetric_op_cost": {
          "mean": 10238381.65,
          "std": 601261.3819423524,
          "min": 9192378.0,
          "max": 11826581.0,
          "values": [
            11223713.0,
            9789854.0,
            10033492.0,
            10910420.0,
            9921837.0,
            10024754.0,
            10388772.0,
            10004478.0,
            10012491.0,
            10638962.0,
            10020947.0,
            10965258.0,
            11826581.0,
            10096502.0,
            9629056.0,
            9192378.0,
            10366557.0,
            10267012.0,
            9785394.0,
            9669175.0
          ]
        },
        "u_max_mean": {
          "mean": 7.690223646163941,
          "std": 0.40482342649012537,
          "min": 6.770793914794922,
          "max": 8.644394874572754,
          "values": [
            7.266437530517578,
            7.969913482666016,
            7.85827112197876,
            7.343458652496338,
            7.8579535484313965,
            7.752378940582275,
            7.500846862792969,
            7.821652889251709,
            7.897393226623535,
            7.172710418701172,
            7.763949394226074,
            7.195270538330078,
            6.770793914794922,
            7.618537902832031,
            8.016575813293457,
            8.644394874572754,
            7.665037631988525,
            7.533123016357422,
            8.203838348388672,
            7.951934814453125
          ]
        },
        "u_max_max": {
          "mean": 14.872527551651,
          "std": 0.7343633849677302,
          "min": 13.172968864440918,
          "max": 17.018461227416992,