{
  "seed": 1024,
  "dataset": "abilene",
  "loss": "asym",
  "T_eff": 9606,
  "num_links": 54,
  "models": {
    "LSTM": {
      "forecast": {
        "rmse_mean": 102.85800170898438,
        "mae_mean": 59.22208023071289,
        "mape_mean": 29.64953906447799,
        "smape_mean": 24.466230392456055
      },
      "operational": {
        "overload_rate": 0.008864058728726644,
        "sla_violation_rate": 0.008864058728726644,
        "over_provisioning_cost": 833610624.0,
        "asymmetric_op_cost": 836667840.0,
        "u_max_mean": 1.2165693044662476,
        "u_max_max": 2.7973148822784424
      }
    }
  }
}