{
  "seed": 7,
  "dataset": "geant",
  "loss": "asym_l1",
  "T_eff": 2083,
  "num_links": 58,
  "models": {
    "DLinear": {
      "forecast": {
        "rmse_mean": 270.0500793457031,
        "mae_mean": 235.64022827148438,
        "mape_mean": 63.06089998935831,
        "smape_mean": 45.71864318847656
      },
      "operational": {
        "overload_rate": 0.003426755177380105,
        "sla_violation_rate": 0.003426755177380105,
        "over_provisioning_cost": 111701416.0,
        "asymmetric_op_cost": 112195296.0,
        "u_max_mean": 0.8652070760726929,
        "u_max_max": 1.8195797204971313
      }
    },
    "iTransformer": {
      "forecast": {
        "rmse_mean": 108.61160278320312,
        "mae_mean": 86.62458801269531,
        "mape_mean": 34.715952462163465,
        "smape_mean": 27.046913146972656
      },
      "operational": {
        "overload_rate": 8.277186418792524e-06,
        "sla_violation_rate": 8.277186418792524e-06,
        "over_provisioning_cost": 109880648.0,
        "asymmetric_op_cost": 109880664.0,
        "u_max_mean": 0.7722182869911194,
        "u_max_max": 1.1141656637191772
      }
    }
  }
}