{
  "seed": 456,
  "dataset": "abilene",
  "loss": "asym",
  "T_eff": 9606,
  "num_links": 54,
  "models": {
    "LSTM": {
      "forecast": {
        "rmse_mean": 234.29954528808594,
        "mae_mean": 214.46554565429688,
        "mape_mean": 118.33067530172842,
        "smape_mean": 60.89801788330078
      },
      "operational": {
        "overload_rate": 0.029050130705346195,
        "sla_violation_rate": 0.029050130705346195,
        "over_provisioning_cost": 731584512.0,
        "asymmetric_op_cost": 958052928.0,
        "u_max_mean": 1.6373213529586792,
        "u_max_max": 6.164076805114746
      }
    }
  }
}