{
  "seed": 456,
  "dataset": "abilene",
  "loss": "asym",
  "T_eff": 9606,
  "num_links": 54,
  "models": {
    "DLinear": {
      "forecast": {
        "rmse_mean": 296.6583557128906,
        "mae_mean": 180.8389434814453,
        "mape_mean": 71.91796945642542,
        "smape_mean": 43.414737701416016
      },
      "operational": {
        "overload_rate": 0.0,
        "sla_violation_rate": 0.0,
        "over_provisioning_cost": 1998549248.0,
        "asymmetric_op_cost": 1998549248.0,
        "u_max_mean": 0.7424564361572266,
        "u_max_max": 0.9785269498825073
      }
    },
    "iTransformer": {
      "forecast": {
        "rmse_mean": 160.25611877441406,
        "mae_mean": 75.40904235839844,
        "mape_mean": 37.90623846760503,
        "smape_mean": 26.27690887451172
      },
      "operational": {
        "overload_rate": 0.0,
        "sla_violation_rate": 0.0,
        "over_provisioning_cost": 1935538432.0,
        "asymmetric_op_cost": 1935538432.0,
        "u_max_mean": 0.6273022294044495,
        "u_max_max": 0.8673428893089294
      }
    }
  }
}