{
  "seed": 2048,
  "dataset": "geant",
  "loss": "asym",
  "T_eff": 2083,
  "num_links": 58,
  "models": {
    "LSTM": {
      "forecast": {
        "rmse_mean": 3698.238037109375,
        "mae_mean": 3651.338623046875,
        "mape_mean": 1499.3283713439416,
        "smape_mean": 129.32679748535156
      },
      "operational": {
        "overload_rate": 0.21917161918320724,
        "sla_violation_rate": 0.21917161918320724,
        "over_provisioning_cost": 364891072.0,
        "asymmetric_op_cost": 1131304448.0,
        "u_max_mean": 160729739034624.0,
        "u_max_max": 2077203353305088.0
      }
    },
    "LSTM_CQR": {
      "forecast": {
        "rmse_mean": null,
        "mae_mean": null,
        "mape_mean": null,
        "smape_mean": null
      },
      "operational": {
        "overload_rate": 0.01167911003691625,
        "sla_violation_rate": 0.01167911003691625,
        "over_provisioning_cost": 343058457.06332815,
        "asymmetric_op_cost": 343460571.7236937,
        "u_max_mean": 0.8189232284305346,
        "u_max_max": 3.7445350825714447
      },
      "calibration": {
        "method": "cqr",
        "target_alpha": 0.1,
        "qhat_mean": 731.1856997485819,
        "qhat_per_link": [
          -29.2513427734375,
          1050.703125,
          405.3028564453125,
          -266.0087890625,
          3690.80078125,
          -550.8141479492188,
          10104.1533203125,
          389.3262939453125,
          1505.398193359375,
          -3676.97119140625,
          1948.96826171875,
          -706.7567138671875,
          -274.447021484375,
          -477.7006530761719,
          -1266.3245849609375,
          3432.32080078125,
          194.37686157226562,
          19.842041015625,
          373.9287109375,
          -3579.55712890625,
          -1377.1854248046875,
          719.8695068359375,
          403.53033447265625,
          6784.54150390625,
          89.7193603515625,
          66.40347290039062,
          1522.048095703125,
          1337.092041015625,
          2531.9873046875,
          1758.6591796875,
          -6.831443786621094,
          418.0847473144531,
          75.3348388671875,
          -6.735748767852783,
          1246.8704833984375,
          -1015.9652709960938,
          8396.681640625,
          216.97061157226562,
          7.060220718383789,
          4039.460693359375,
          164.4183349609375,
          -0.28461360931396484,
          106.0491943359375,
          -3563.42919921875,
          435.3542175292969,
          -14.084793090820312,
          4.737892150878906,
          -198.97418212890625,
          18.65045166015625,
          0.3486713171005249,
          98.67697143554688,
          3844.898193359375,
          29.201248168945312,
          72.55838775634766,
          -1.7698493003845215,
          11.60525131225586,
          1214.8587646484375,
          691.06982421875
        ],
        "coverage_overall": 0.9242140811495356,
        "mean_width": 4053.12646484375
      }
    },
    "LSTM_ACI": {
      "forecast": {
        "rmse_mean": null,
        "mae_mean": null,
        "mape_mean": null,
        "smape_mean": null
      },
      "operational": {
        "overload_rate": 0.0019534159948350355,
        "sla_violation_rate": 0.0019534159948350355,
        "over_provisioning_cost": 313263188.21369445,
        "asymmetric_op_cost": 313292724.36502016,
        "u_max_mean": 0.7535142671321837,
        "u_max_max": 3.9551494363566144
      },
      "calibration": {
        "method": "aci",
        "target_alpha": 0.1,
        "gamma": 0.005,
        "window": 500,
        "qhat_mean": 379.01283568554913,
        "alpha_final_mean": 0.12650043103448283,
        "coverage_overall": 0.8778618372042976,
        "mean_width": 3278.79931640625
      }
    }
  },
  "calibration": "both",
  "target_alpha": 0.1
}