{
  "seed": 1024,
  "dataset": "geant",
  "loss": "asym",
  "T_eff": 2083,
  "num_links": 58,
  "models": {
    "LSTM": {
      "forecast": {
        "rmse_mean": 3087.424072265625,
        "mae_mean": 3008.4638671875,
        "mape_mean": 1244.0585245921693,
        "smape_mean": 130.037109375
      },
      "operational": {
        "overload_rate": 0.22230867283592962,
        "sla_violation_rate": 0.22230867283592962,
        "over_provisioning_cost": 402536128.0,
        "asymmetric_op_cost": 1595594752.0,
        "u_max_mean": 136598037463040.0,
        "u_max_max": 2452580139532288.0
      }
    }
  }
}