{
  "seed": 65521,
  "dataset": "geant",
  "loss": "asym_l1",
  "T_eff": 2083,
  "num_links": 58,
  "models": {
    "DLinear": {
      "forecast": {
        "rmse_mean": 668.41943359375,
        "mae_mean": 593.9046630859375,
        "mape_mean": 125.70327857445027,
        "smape_mean": 73.10194396972656
      },
      "operational": {
        "overload_rate": 0.018044266392967703,
        "sla_violation_rate": 0.018044266392967703,
        "over_provisioning_cost": 213718560.0,
        "asymmetric_op_cost": 249084576.0,
        "u_max_mean": 4320323174400.0,
        "u_max_max": 250578743590912.0
      }
    },
    "iTransformer": {
      "forecast": {
        "rmse_mean": 213.1785430908203,
        "mae_mean": 177.2177734375,
        "mape_mean": 67.06393758181868,
        "smape_mean": 43.620460510253906
      },
      "operational": {
        "overload_rate": 0.0,
        "sla_violation_rate": 0.0,
        "over_provisioning_cost": 160553424.0,
        "asymmetric_op_cost": 160553424.0,
        "u_max_mean": 0.59583979845047,
        "u_max_max": 0.9482586979866028
      }
    }
  }
}