{
  "seed": 17,
  "dataset": "geant",
  "loss": "asym",
  "T_eff": 2083,
  "num_links": 58,
  "models": {
    "DLinear": {
      "forecast": {
        "rmse_mean": 663.480712890625,
        "mae_mean": 643.913818359375,
        "mape_mean": 268.01510503785363,
        "smape_mean": 83.75792694091797
      },
      "operational": {
        "overload_rate": 0.09114837684374327,
        "sla_violation_rate": 0.09114837684374327,
        "over_provisioning_cost": 86946928.0,
        "asymmetric_op_cost": 93822576.0,
        "u_max_mean": 1.2751352787017822,
        "u_max_max": 4.678518772125244
      }
    },
    "iTransformer": {
      "forecast": {
        "rmse_mean": 101.86569213867188,
        "mae_mean": 75.21538543701172,
        "mape_mean": 25.347969704660876,
        "smape_mean": 22.789325714111328
      },
      "operational": {
        "overload_rate": 0.0013574585726819739,
        "sla_violation_rate": 0.0013574585726819739,
        "over_provisioning_cost": 70670696.0,
        "asymmetric_op_cost": 70673488.0,
        "u_max_mean": 1.0922116041183472,
        "u_max_max": 2.607351541519165
      }
    }
  }
}