{
  "seed": 100003,
  "dataset": "geant",
  "loss": "asym",
  "T_eff": 2083,
  "num_links": 58,
  "models": {
    "DLinear": {
      "forecast": {
        "rmse_mean": 3447.114501953125,
        "mae_mean": 3438.850830078125,
        "mape_mean": 1306.7869528614242,
        "smape_mean": 121.8216323852539
      },
      "operational": {
        "overload_rate": 0.011993643120830367,
        "sla_violation_rate": 0.011993643120830367,
        "over_provisioning_cost": 481861632.0,
        "asymmetric_op_cost": 483832064.0,
        "u_max_mean": 0.5566597580909729,
        "u_max_max": 1.8550761938095093
      }
    },
    "iTransformer": {
      "forecast": {
        "rmse_mean": 96.11957550048828,
        "mae_mean": 70.24381256103516,
        "mape_mean": 25.48449315695927,
        "smape_mean": 22.38698959350586
      },
      "operational": {
        "overload_rate": 0.0027811346367142883,
        "sla_violation_rate": 0.0027811346367142883,
        "over_provisioning_cost": 67889040.0,
        "asymmetric_op_cost": 67915520.0,
        "u_max_mean": 1.1569331884384155,
        "u_max_max": 2.8743526935577393
      }
    }
  }
}