{
  "seed": 7,
  "dataset": "geant",
  "loss": "asym_l1",
  "T_eff": 2083,
  "num_links": 58,
  "models": {
    "DLinear": {
      "forecast": {
        "rmse_mean": 156.08963012695312,
        "mae_mean": 135.2958984375,
        "mape_mean": 67.47274818091557,
        "smape_mean": 37.4007682800293
      },
      "operational": {
        "overload_rate": 0.01626467131292731,
        "sla_violation_rate": 0.01626467131292731,
        "over_provisioning_cost": 54986160.0,
        "asymmetric_op_cost": 55641256.0,
        "u_max_mean": 1.183103322982788,
        "u_max_max": 3.1939008235931396
      }
    },
    "iTransformer": {
      "forecast": {
        "rmse_mean": 47.33214569091797,
        "mae_mean": 31.798686981201172,
        "mape_mean": 12.788270185733664,
        "smape_mean": 12.267120361328125
      },
      "operational": {
        "overload_rate": 9.104905060671777e-05,
        "sla_violation_rate": 9.104905060671777e-05,
        "over_provisioning_cost": 87446800.0,
        "asymmetric_op_cost": 87446864.0,
        "u_max_mean": 0.9233161211013794,
        "u_max_max": 1.7664897441864014
      }
    }
  }
}