{
  "seed": 789,
  "dataset": "geant",
  "loss": "asym_l1",
  "T_eff": 2083,
  "num_links": 58,
  "models": {
    "DLinear": {
      "forecast": {
        "rmse_mean": 179.57046508789062,
        "mae_mean": 155.74618530273438,
        "mape_mean": 63.11284061135917,
        "smape_mean": 39.28111267089844
      },
      "operational": {
        "overload_rate": 0.04949757478437929,
        "sla_violation_rate": 0.04949757478437929,
        "over_provisioning_cost": 44739060.0,
        "asymmetric_op_cost": 46004780.0,
        "u_max_mean": 1.3910613059997559,
        "u_max_max": 5.356143951416016
      }
    },
    "iTransformer": {
      "forecast": {
        "rmse_mean": 40.45060729980469,
        "mae_mean": 25.527978897094727,
        "mape_mean": 10.643583569033392,
        "smape_mean": 11.308728218078613
      },
      "operational": {
        "overload_rate": 0.0007946098962040823,
        "sla_violation_rate": 0.0007946098962040823,
        "over_provisioning_cost": 73054328.0,
        "asymmetric_op_cost": 73055344.0,
        "u_max_mean": 1.0650460720062256,
        "u_max_max": 2.3965609073638916
      }
    }
  }
}