{
  "seed": 789,
  "dataset": "geant",
  "loss": "asym_l1",
  "T_eff": 2083,
  "num_links": 58,
  "models": {
    "LSTM": {
      "forecast": {
        "rmse_mean": 654.7722778320312,
        "mae_mean": 619.5560913085938,
        "mape_mean": 214.18481767588648,
        "smape_mean": 102.04646301269531
      },
      "operational": {
        "overload_rate": 0.30710017051004024,
        "sla_violation_rate": 0.30710017051004024,
        "over_provisioning_cost": 53771744.0,
        "asymmetric_op_cost": 75074792.0,
        "u_max_mean": 58291052871680.0,
        "u_max_max": 1721138753306624.0
      }
    }
  }
}