{
  "seed": 271828,
  "dataset": "geant",
  "loss": "asym",
  "T_eff": 2083,
  "num_links": 58,
  "models": {
    "LSTM": {
      "forecast": {
        "rmse_mean": 9455.8251953125,
        "mae_mean": 9437.2607421875,
        "mape_mean": 3899.930158878195,
        "smape_mean": 163.40078735351562
      },
      "operational": {
        "overload_rate": 0.03787640505239459,
        "sla_violation_rate": 0.03787640505239459,
        "over_provisioning_cost": 1408236288.0,
        "asymmetric_op_cost": 2009406848.0,
        "u_max_mean": 45551697526784.0,
        "u_max_max": 2641998397833216.0
      }
    }
  }
}