{
  "seed": 13,
  "dataset": "abilene",
  "loss": "asym",
  "T_eff": 9606,
  "num_links": 54,
  "models": {
    "LSTM": {
      "forecast": {
        "rmse_mean": 162.14181518554688,
        "mae_mean": 99.94969177246094,
        "mape_mean": 51.97135718663534,
        "smape_mean": 38.0885009765625
      },
      "operational": {
        "overload_rate": 0.062245047462619815,
        "sla_violation_rate": 0.062245047462619815,
        "over_provisioning_cost": 427545600.0,
        "asymmetric_op_cost": 459695680.0,
        "u_max_mean": 2.2510671615600586,
        "u_max_max": 7.226821422576904
      }
    },
    "LSTM_CQR": {
      "forecast": {
        "rmse_mean": null,
        "mae_mean": null,
        "mape_mean": null,
        "smape_mean": null
      },
      "operational": {
        "overload_rate": 0.03835565734378976,
        "sla_violation_rate": 0.03835565734378976,
        "over_provisioning_cost": 589005330.478695,
        "asymmetric_op_cost": 613535832.8717214,
        "u_max_mean": 1.7804645412276332,
        "u_max_max": 6.028409525719327
      },
      "calibration": {
        "method": "cqr",
        "target_alpha": 0.2,
        "qhat_mean": 39.16020917782077,
        "qhat_per_link": [
          0.8717183470726013,
          0.4162015914916992,
          39.26751708984375,
          9.36347770690918,
          60.39970397949219,
          41.693115234375,
          78.11785888671875,
          52.809600830078125,
          1.426483154296875,
          7.9455718994140625,
          51.71541213989258,
          1.5824213027954102,
          25.44015121459961,
          17.280134201049805,
          119.80194091796875,
          36.3587646484375,
          22.702484130859375,
          -21.94269561767578,
          80.137451171875,
          46.9636344909668,
          74.126220703125,
          73.33331298828125,
          80.44473266601562,
          69.45372009277344,
          33.206390380859375,
          5.949275970458984,
          11.118659973144531,
          11.56869125366211,
          60.560028076171875,
          39.626678466796875,
          0.8305461406707764,
          0.2552483081817627,
          24.88579559326172,
          45.83160400390625,
          53.843597412109375,
          78.18862915039062,
          15.045745849609375,
          28.3983154296875,
          14.789077758789062,
          -10.525115966796875,
          61.790138244628906,
          44.30047607421875,
          15.898468017578125,
          11.935314178466797,
          126.57656860351562,
          70.46156311035156,
          118.08058166503906,
          63.13873291015625,
          6.372562408447266,
          -3.09918212890625,
          15.1123046875,
          8.600860595703125,
          78.95916748046875,
          113.24163818359375
        ],
        "coverage_overall": 0.7739028847710921,
        "mean_width": 265.3604736328125
      }
    },
    "LSTM_ACI": {
      "forecast": {
        "rmse_mean": null,
        "mae_mean": null,
        "mape_mean": null,
        "smape_mean": null
      },
      "operational": {
        "overload_rate": 0.00174273794927553,
        "sla_violation_rate": 0.00174273794927553,
        "over_provisioning_cost": 772713838.0992719,
        "asymmetric_op_cost": 773672440.4188749,
        "u_max_mean": 1.2229104634369838,
        "u_max_max": 3.2461310275862414
      },
      "calibration": {
        "method": "aci",
        "target_alpha": 0.2,
        "gamma": 0.005,
        "window": 500,
        "qhat_mean": 71.53601092762418,
        "alpha_final_mean": 0.18268538888888883,
        "coverage_overall": 0.7892000370139034,
        "mean_width": 293.3833312988281
      }
    }
  },
  "calibration": "both",
  "target_alpha": 0.2
}