{
  "seed": 3,
  "dataset": "geant",
  "loss": "asym_l1",
  "T_eff": 2083,
  "num_links": 58,
  "models": {
    "DLinear": {
      "forecast": {
        "rmse_mean": 748.2141723632812,
        "mae_mean": 667.0346069335938,
        "mape_mean": 142.86439392484468,
        "smape_mean": 80.13508605957031
      },
      "operational": {
        "overload_rate": 0.01791183141026702,
        "sla_violation_rate": 0.01791183141026702,
        "over_provisioning_cost": 229773520.0,
        "asymmetric_op_cost": 292272704.0,
        "u_max_mean": 4320323174400.0,
        "u_max_max": 250578743590912.0
      }
    },
    "iTransformer": {
      "forecast": {
        "rmse_mean": 209.88351440429688,
        "mae_mean": 173.9168701171875,
        "mape_mean": 59.472707370231895,
        "smape_mean": 41.635658264160156
      },
      "operational": {
        "overload_rate": 8.277186418792524e-06,
        "sla_violation_rate": 8.277186418792524e-06,
        "over_provisioning_cost": 146970000.0,
        "asymmetric_op_cost": 146970208.0,
        "u_max_mean": 0.6450068354606628,
        "u_max_max": 1.3573455810546875
      }
    }
  }
}