{
  "seed": 1,
  "dataset": "abilene",
  "loss": "asym",
  "T_eff": 9606,
  "num_links": 54,
  "models": {
    "DLinear": {
      "forecast": {
        "rmse_mean": 47.62836456298828,
        "mae_mean": 21.804866790771484,
        "mape_mean": 11.003834742086905,
        "smape_mean": 10.181282043457031
      },
      "operational": {
        "overload_rate": 3.662834185424233e-05,
        "sla_violation_rate": 3.662834185424233e-05,
        "over_provisioning_cost": 1004549888.0,
        "asymmetric_op_cost": 1004550784.0,
        "u_max_mean": 0.9642425775527954,
        "u_max_max": 1.122773289680481
      }
    },
    "iTransformer": {
      "forecast": {
        "rmse_mean": 51.89191436767578,
        "mae_mean": 20.947175979614258,
        "mape_mean": 11.064507122393008,
        "smape_mean": 9.898113250732422
      },
      "operational": {
        "overload_rate": 2.698930452417856e-05,
        "sla_violation_rate": 2.698930452417856e-05,
        "over_provisioning_cost": 1105602304.0,
        "asymmetric_op_cost": 1105603072.0,
        "u_max_mean": 0.9354442358016968,
        "u_max_max": 1.2174729108810425
      }
    }
  }
}