{
  "seed": 512,
  "dataset": "geant",
  "loss": "asym",
  "T_eff": 2083,
  "num_links": 58,
  "models": {
    "LSTM": {
      "forecast": {
        "rmse_mean": 3251.466796875,
        "mae_mean": 3192.166259765625,
        "mape_mean": 1370.9392579506184,
        "smape_mean": 138.4781951904297
      },
      "operational": {
        "overload_rate": 0.1440644296190839,
        "sla_violation_rate": 0.1440644296190839,
        "over_provisioning_cost": 440767232.0,
        "asymmetric_op_cost": 761451392.0,
        "u_max_mean": 119288807555072.0,
        "u_max_max": 2885700479352832.0
      }
    },
    "LSTM_CQR": {
      "forecast": {
        "rmse_mean": null,
        "mae_mean": null,
        "mape_mean": null,
        "smape_mean": null
      },
      "operational": {
        "overload_rate": 0.025195755458804443,
        "sla_violation_rate": 0.025195755458804443,
        "over_provisioning_cost": 314369932.97447884,
        "asymmetric_op_cost": 315685940.0655087,
        "u_max_mean": 0.9606382462206526,
        "u_max_max": 3.804230124035038
      },
      "calibration": {
        "method": "cqr",
        "target_alpha": 0.2,
        "qhat_mean": 114.58116924146125,
        "qhat_per_link": [
          1135.295166015625,
          191.363037109375,
          -2080.670654296875,
          -238.59486389160156,
          2996.665771484375,
          -1453.395751953125,
          -196.80026245117188,
          285.93414306640625,
          7588.32666015625,
          677.1444702148438,
          43.794677734375,
          547.4046020507812,
          -184.8549346923828,
          339.5050048828125,
          -1733.3046875,
          3917.060546875,
          -77.813232421875,
          3.0590972900390625,
          1495.972412109375,
          -1680.16259765625,
          809.9287109375,
          17.29498291015625,
          346.39044189453125,
          -1457.9530029296875,
          -82.26162719726562,
          0.9098663330078125,
          1093.241455078125,
          658.3311767578125,
          -2023.95947265625,
          -25.157257080078125,
          -5.9621734619140625,
          -690.4260864257812,
          24.403564453125,
          -4.426432132720947,
          1183.7479248046875,
          -604.6813354492188,
          -305.25823974609375,
          47.93060302734375,
          3.3367042541503906,
          231.62022399902344,
          -107.3011474609375,
          -0.14450502395629883,
          65.25616455078125,
          -756.673828125,
          225.72265625,
          -31.282012939453125,
          4.062542915344238,
          498.6007080078125,
          -49.90217971801758,
          -0.08185899257659912,
          -32.51555633544922,
          -1845.90380859375,
          -306.622802734375,
          -7.576995849609375,
          -2.632829427719116,
          -6.80522346496582,
          86.04878234863281,
          -1879.5189208984375
        ],
        "coverage_overall": 0.8307977552270432,
        "mean_width": 2942.75341796875
      }
    },
    "LSTM_ACI": {
      "forecast": {
        "rmse_mean": null,
        "mae_mean": null,
        "mape_mean": null,
        "smape_mean": null
      },
      "operational": {
        "overload_rate": 0.009146290992765739,
        "sla_violation_rate": 0.009146290992765739,
        "over_provisioning_cost": 318181983.60803115,
        "asymmetric_op_cost": 318444669.4427537,
        "u_max_mean": 0.8730758578225655,
        "u_max_max": 3.7395175933066187
      },
      "calibration": {
        "method": "aci",
        "target_alpha": 0.2,
        "gamma": 0.005,
        "window": 500,
        "qhat_mean": -78.76821151786837,
        "alpha_final_mean": 0.25989670689655175,
        "coverage_overall": 0.7576853675898488,
        "mean_width": 2621.188720703125
      }
    }
  },
  "calibration": "both",
  "target_alpha": 0.2
}