{
  "SARIMA": {
    "u_max_per_link": [
      1.8651900920066626,
      1.8062353522387247,
      2.0405898320336404,
      2.475593334608157,
      1.837126319723578,
      1.862335263289408,
      1.4965423458679277,
      2.3445239303908147,
      1.6842080830373762,
      2.1159091865562885,
      2.335514525845293,
      2.2050746728081663,
      2.6117339423170414,
      2.339881401066787,
      1.8223102255435049,
      2.09139932316818,
      3.314959085292091,
      2.873868741477156,
      1.9174069508048919,
      2.9729348539192064,
      1.7596468401240082,
      5.672049857205598,
      2.020547553876024,
      2.1979434061016088,
      2.2834190784053687,
      3.2357549845811655,
      1.6916619464490115,
      1.3435347218284392,
      3.75139907628474,
      1.663573399498538,
      3.477080278965308,
      2.5132592158702884,
      2.191318592857211,
      3.6225842028663466,
      1.9223203997169551,
      2.238790294915198,
      1.8634658351996825,
      1.9120990509572877,
      3.1909828278527947,
      7.746208670918031,
      1.8514311393413194,
      2.2892621796991377,
      2.8071607222677875,
      4.036835321073303,
      2.7530392698082378,
      2.077513193917381,
      2.8726571098501648,
      2.380481780379418
    ],
    "f_over_per_link": [
      0.13741496598639455,
      0.12380952380952381,
      0.2054421768707483,
      0.5170068027210885,
      0.6353741496598639,
      0.254421768707483,
      0.10612244897959183,
      0.23673469387755103,
      0.12380952380952381,
      0.09931972789115646,
      0.3142857142857143,
      0.46802721088435373,
      0.17142857142857143,
      0.4217687074829932,
      0.10612244897959183,
      0.20272108843537415,
      0.6312925170068027,
      0.6149659863945578,
      0.10204081632653061,
      0.2938775510204082,
      0.09387755102040816,
      0.9877551020408163,
      0.4884353741496599,
      0.5238095238095238,
      0.2612244897959184,
      0.6163265306122448,
      0.26258503401360545,
      0.027210884353741496,
      0.3986394557823129,
      0.03537414965986395,
      0.8081632653061225,
      0.7020408163265306,
      0.39319727891156464,
      0.3333333333333333,
      0.12653061224489795,
      0.24217687074829933,
      0.10068027210884353,
      0.02040816326530612,
      0.272108843537415,
      0.726530612244898,
      0.2857142857142857,
      0.38231292517006804,
      0.3251700680272109,
      0.5197278911564626,
      0.7673469387755102,
      0.4530612244897959,
      0.30612244897959184,
      0.11564625850340136
    ],
    "u_max_mean": 2.5287366336001096,
    "u_max_max": 7.746208670918031,
    "u_max_median": 2.221932483861682,
    "f_over_mean": 0.34044784580498866,
    "f_over_max": 0.9877551020408163,
    "links_over_110": 48,
    "links_over_100": 48
  },
  "LSTM": {
    "u_max_per_link": [
      1.7920554876327515,
      1.7403724193572998,
      1.8728902339935303,
      1.8547738790512085,
      1.2787144184112549,
      1.655321478843689,
      1.4931634664535522,
      2.1410622596740723,
      1.5926381349563599,
      2.0751137733459473,
      1.8889933824539185,
      1.556122899055481,
      2.2053349018096924,
      2.0051753520965576,
      1.5811313390731812,
      1.8528748750686646,
      1.9419573545455933,
      2.013444423675537,
      1.8669196367263794,
      2.7832558155059814,
      1.7502195835113525,
      1.8400601148605347,
      1.3867689371109009,
      1.4216432571411133,
      2.16467022895813,
      2.24122953414917,
      1.384258508682251,
      1.384749412536621,
      2.453793525695801,
      1.9235304594039917,
      1.8683325052261353,
      1.6415244340896606,
      1.4860235452651978,
      3.170088052749634,
      1.691866397857666,
      2.0545597076416016,
      1.781623363494873,
      2.3441641330718994,
      2.845482349395752,
      2.4692161083221436,
      1.7471387386322021,
      1.706844687461853,
      2.48060941696167,
      2.1485328674316406,
      1.4919856786727905,
      1.5282783508300781,
      2.196678638458252,
      2.3488035202026367
    ],
    "f_over_per_link": [
      0.10476190476190476,
      0.10068027210884353,
      0.10204081632653061,
      0.13877551020408163,
      0.10204081632653061,
      0.1346938775510204,
      0.10476190476190476,
      0.12108843537414966,
      0.06938775510204082,
      0.08843537414965986,
      0.08979591836734693,
      0.07891156462585033,
      0.0761904761904762,
      0.21360544217687075,
      0.0380952380952381,
      0.10068027210884353,
      0.09251700680272108,
      0.1401360544217687,
      0.08027210884353742,
      0.22993197278911565,
      0.08843537414965986,
      0.08571428571428572,
      0.058503401360544216,
      0.05986394557823129,
      0.19591836734693877,
      0.14829931972789115,
      0.0707482993197279,
      0.04625850340136054,
      0.05714285714285714,
      0.07210884353741497,
      0.11836734693877551,
      0.11700680272108843,
      0.04081632653061224,
      0.19727891156462585,
      0.06258503401360545,
      0.13741496598639455,
      0.08163265306122448,
      0.0761904761904762,
      0.14829931972789115,
      0.09523809523809523,
      0.19591836734693877,
      0.08299319727891157,
      0.18095238095238095,
      0.07210884353741497,
      0.07755102040816327,
      0.08163265306122448,
      0.08027210884353742,
      0.10204081632653061
    ],
    "u_max_mean": 1.9196666479110718,
    "u_max_max": 3.170088052749634,
    "u_max_median": 1.860846757888794,
    "f_over_mean": 0.10496031746031746,
    "f_over_max": 0.22993197278911565,
    "links_over_110": 48,
    "links_over_100": 48
  },
  "Oracle": {
    "u_max_per_link": [
      0.9090908765792847,
      0.9090909361839294,
      0.9090909361839294,
      0.9090908765792847,
      0.9090908765792847,
      0.9090908765792847,
      0.9090909361839294,
      0.9090908765792847,
      0.9090908765792847,
      0.9090909361839294,
      0.9090908765792847,
      0.9090908765792847,
      0.9090908765792847,
      0.9090908765792847,
      0.9090908765792847,
      0.9090908765792847,
      0.9090908765792847,
      0.9090908765792847,
      0.9090909361839294,
      0.9090908765792847,
      0.9090909361839294,
      0.9090909361839294,
      0.9090908765792847,
      0.9090908765792847,
      0.9090908169746399,
      0.9090908765792847,
      0.9090908765792847,
      0.9090908765792847,
      0.9090908765792847,
      0.9090909361839294,
      0.9090908765792847,
      0.9090908765792847,
      0.9090908765792847,
      0.9090908765792847,
      0.9090909361839294,
      0.9090908765792847,
      0.9090908765792847,
      0.9090908765792847,
      0.9090908765792847,
      0.9090908765792847,
      0.9090909361839294,
      0.9090909361839294,
      0.9090908169746399,
      0.9090908765792847,
      0.9090908765792847,
      0.9090908765792847,
      0.9090909361839294,
      0.9090908765792847
    ],
    "f_over_per_link": [
      0.0,
      0.0,
      0.0,
      0.0,
      0.0,
      0.0,
      0.0,
      0.0,
      0.0,
      0.0,
      0.0,
      0.0,
      0.0,
      0.0,
      0.0,
      0.0,
      0.0,
      0.0,
      0.0,
      0.0,
      0.0,
      0.0,
      0.0,
      0.0,
      0.0,
      0.0,
      0.0,
      0.0,
      0.0,
      0.0,
      0.0,
      0.0,
      0.0,
      0.0,
      0.0,
      0.0,
      0.0,
      0.0,
      0.0,
      0.0,
      0.0,
      0.0,
      0.0,
      0.0,
      0.0,
      0.0,
      0.0,
      0.0
    ],
    "u_max_mean": 0.9090908169746399,
    "u_max_max": 0.9090909361839294,
    "u_max_median": 0.9090908765792847,
    "f_over_mean": 0.0,
    "f_over_max": 0.0,
    "links_over_110": 0,
    "links_over_100": 0
  }
}