{
  "per_link": {
    "rmse": [
      19.37875413603877,
      26.936168046227156,
      27.706809899635058,
      17.826487764205375,
      24.236635848076265,
      23.162103745050516,
      27.85157924374987,
      22.43734306575357,
      28.802734618174064,
      26.921534907912214,
      21.82634000859434,
      25.596148770308297,
      20.86161975614004,
      17.713146113650165,
      36.46154154896446,
      16.598556552423567,
      17.739993780909334,
      22.87428060686707,
      18.520802739617412,
      17.83271968378866,
      23.98469937092302,
      82.06022275436132,
      30.459333791320905,
      29.934490879651936,
      15.924281601109193,
      19.616860175161914,
      34.62836030877902,
      69.20592692248178,
      17.99906996394071,
      33.731284628887735,
      34.948624256918556,
      16.912065297336373,
      41.748203960055854,
      9.29474551824939,
      17.501677505873058,
      18.849339645388216,
      36.606470206551926,
      23.96597864725759,
      14.729986454146717,
      28.126660559526105,
      18.550350555218028,
      24.048627602893855,
      16.005766926005236,
      20.619494307241393,
      46.00699915296274,
      17.869515701452933,
      14.9080503601717,
      17.359204600121544
    ],
    "mae": [
      15.497256865775894,
      22.223901601299083,
      21.12033329571345,
      13.105387449295256,
      19.45211754292838,
      17.590857362757195,
      23.010110923466247,
      17.19352334618051,
      23.789173968533635,
      22.249255013319548,
      16.951075921871603,
      20.427862107760237,
      17.284196994454923,
      13.13500559307002,
      30.207412365692434,
      13.283455742371089,
      13.773659350927218,
      17.198842089888984,
      15.08725367937202,
      13.220983746944668,
      19.48449854400887,
      73.89871782353603,
      24.455682349308198,
      24.023963106277378,
      12.317402387238706,
      14.3981089312074,
      28.419936490003078,
      59.08769997690983,
      14.348543241963462,
      29.452651444838626,
      28.559409554667585,
      13.374573273871807,
      35.58843146064257,
      6.2971232282869,
      14.276304562401487,
      14.198091359091187,
      30.592543399282675,
      21.440235349790743,
      11.001927702029946,
      21.503457020261415,
      14.047099085684303,
      18.445088787517065,
      11.770406163533817,
      16.18928030783608,
      36.66952141990472,
      14.329097532693691,
      11.724068624554903,
      14.125443678759327
    ],
    "mape": [
      31.663507526596348,
      37.95412444057239,
      23.550743800633516,
      22.03660626426118,
      21.797328708215975,
      20.46888300140656,
      23.97370600439082,
      23.401239887458665,
      28.93574245225814,
      49.41083317227514,
      24.32399559284356,
      29.29010408385968,
      196.7026231072998,
      25.351337817372787,
      80.44721437122415,
      59.27857381353533,
      36.3977123742734,
      24.96659242655502,
      40.965816161264065,
      51.76358663787099,
      34.09662099565008,
      59.22916607097453,
      25.38335013431576,
      27.135858841077447,
      28.689577711062515,
      27.988380286698305,
      29.47487998222777,
      71.19643367975394,
      82.05645314136456,
      196.65745725801997,
      34.54579572615685,
      25.076714356391687,
      39.72936635580865,
      39.29322122255397,
      115.04059811370075,
      24.557182941080065,
      50.84054336607057,
      232.66198444558145,
      30.723423144149603,
      87.0084722419755,
      18.24960012561274,
      29.610015042679645,
      34.35924001069233,
      61.980377483724645,
      30.247588891622918,
      26.49928592443393,
      56.48330248693102,
      99.66847104040012
    ]
  },
  "aggregated": {
    "rmse_mean": 25.768366510209898,
    "rmse_median": 22.65581183631032,
    "rmse_p90": 36.5050201462407,
    "mae_mean": 20.829603578494254,
    "mae_median": 17.241519542171954,
    "mae_p90": 30.32295167576951,
    "mape_mean": 51.4825756805183,
    "mape_median": 32.88006426112321,
    "mape_p90": 90.80647188150294,
    "smape_mean": 34.79933427294693,
    "smape_median": 28.670739307699776,
    "smape_p90": 53.07750916950642,
    "mape_pct_excluded_mean": 0.17812887236679045,
    "mape_pct_excluded_median": 0.0,
    "mape_pct_excluded_p90": 0.3593556381660461,
    "mape_threshold": 1.0
  }
}