{
  "seed": 99,
  "dataset": "geant",
  "loss": "asym",
  "T_eff": 2083,
  "num_links": 58,
  "models": {
    "DLinear": {
      "forecast": {
        "rmse_mean": 6758.72607421875,
        "mae_mean": 6754.5087890625,
        "mape_mean": 2495.966727158119,
        "smape_mean": 137.44088745117188
      },
      "operational": {
        "overload_rate": 0.00046352243945238134,
        "sla_violation_rate": 0.00046352243945238134,
        "over_provisioning_cost": 939199488.0,
        "asymmetric_op_cost": 939258368.0,
        "u_max_mean": 0.39986997842788696,
        "u_max_max": 1.0967283248901367
      }
    },
    "iTransformer": {
      "forecast": {
        "rmse_mean": 113.76715087890625,
        "mae_mean": 85.06428527832031,
        "mape_mean": 31.279598055214716,
        "smape_mean": 26.065956115722656
      },
      "operational": {
        "overload_rate": 0.006464482593076961,
        "sla_violation_rate": 0.006464482593076961,
        "over_provisioning_cost": 62540316.0,
        "asymmetric_op_cost": 62862272.0,
        "u_max_mean": 1.2258195877075195,
        "u_max_max": 3.266425132751465
      }
    }
  }
}