{
  "seed": 65521,
  "dataset": "cesnet",
  "loss": "asym_l1",
  "T_eff": 7624,
  "num_links": 20,
  "models": {
    "LSTM": {
      "forecast": {
        "rmse_mean": 34.751495361328125,
        "mae_mean": 26.443309783935547,
        "mape_mean": 143.64911422729492,
        "smape_mean": 63.56043243408203
      },
      "operational": {
        "overload_rate": 0.0796694648478489,
        "sla_violation_rate": 0.0796694648478489,
        "over_provisioning_cost": 9106492.0,
        "asymmetric_op_cost": 9770866.0,
        "u_max_mean": 7.7002105712890625,
        "u_max_max": 15.934093475341797
      }
    }
  }
}