{
  "seed": 1024,
  "dataset": "geant",
  "loss": "asym",
  "T_eff": 2083,
  "num_links": 58,
  "models": {
    "LSTM": {
      "forecast": {
        "rmse_mean": 2624.497802734375,
        "mae_mean": 2553.386474609375,
        "mape_mean": 993.8273374623266,
        "smape_mean": 135.89840698242188
      },
      "operational": {
        "overload_rate": 0.36553710662671546,
        "sla_violation_rate": 0.36553710662671546,
        "over_provisioning_cost": 217270864.0,
        "asymmetric_op_cost": 868151424.0,
        "u_max_mean": 225523766657024.0,
        "u_max_max": 1838851995729920.0
      }
    },
    "LSTM_CQR": {
      "forecast": {
        "rmse_mean": null,
        "mae_mean": null,
        "mape_mean": null,
        "smape_mean": null
      },
      "operational": {
        "overload_rate": 0.0029135696194149685,
        "sla_violation_rate": 0.0029135696194149685,
        "over_provisioning_cost": 237673037.62211406,
        "asymmetric_op_cost": 237753759.54972112,
        "u_max_mean": 0.6571942258705754,
        "u_max_max": 1.7389784137044784
      },
      "calibration": {
        "method": "cqr",
        "target_alpha": 0.05,
        "qhat_mean": 398.53812912517583,
        "qhat_per_link": [
          -478.13104248046875,
          -33.706146240234375,
          1386.634033203125,
          -222.35330200195312,
          -64.1636962890625,
          547.012451171875,
          -1890.3074951171875,
          548.6038818359375,
          -2715.59033203125,
          -1135.9674072265625,
          22.145263671875,
          131.39862060546875,
          260.48992919921875,
          787.2743530273438,
          2052.39013671875,
          1214.110107421875,
          459.7593078613281,
          166.10643005371094,
          1192.25537109375,
          2077.507568359375,
          3585.48486328125,
          1401.0531005859375,
          368.2012634277344,
          1827.706787109375,
          408.57891845703125,
          79.67681884765625,
          1006.008056640625,
          -221.67169189453125,
          1116.579345703125,
          -56.29595947265625,
          26.08709144592285,
          -1103.240478515625,
          195.61349487304688,
          12.86341667175293,
          1158.314453125,
          -341.6990966796875,
          1170.640869140625,
          170.5511932373047,
          12.388579368591309,
          1317.1192626953125,
          -43.74951171875,
          0.8200374841690063,
          50.56633758544922,
          2682.466552734375,
          1376.81787109375,
          111.34645080566406,
          6.285064697265625,
          105.8917236328125,
          23.41571807861328,
          -0.8032204508781433,
          -8.75845718383789,
          620.8377685546875,
          259.6049499511719,
          64.20855712890625,
          1.556024193763733,
          23.523731231689453,
          492.8192443847656,
          908.934326171875
        ],
        "coverage_overall": 0.9540781697485391,
        "mean_width": 2701.86865234375
      }
    },
    "LSTM_ACI": {
      "forecast": {
        "rmse_mean": null,
        "mae_mean": null,
        "mape_mean": null,
        "smape_mean": null
      },
      "operational": {
        "overload_rate": 0.0004386908801960038,
        "sla_violation_rate": 0.0004386908801960038,
        "over_provisioning_cost": 209916435.18979347,
        "asymmetric_op_cost": 209919054.75787914,
        "u_max_mean": 0.6731676575029983,
        "u_max_max": 1.9862834813904306
      },
      "calibration": {
        "method": "aci",
        "target_alpha": 0.05,
        "gamma": 0.005,
        "window": 500,
        "qhat_mean": 84.42910032128465,
        "alpha_final_mean": 0.07621601724137934,
        "coverage_overall": 0.9398248547353784,
        "mean_width": 2065.890625
      }
    }
  },
  "calibration": "both",
  "target_alpha": 0.05
}