{
  "seed": 99,
  "dataset": "geant",
  "loss": "asym",
  "T_eff": 2083,
  "num_links": 58,
  "models": {
    "LSTM": {
      "forecast": {
        "rmse_mean": 2776.56298828125,
        "mae_mean": 2682.198486328125,
        "mape_mean": 1301.9647054014536,
        "smape_mean": 141.8054962158203
      },
      "operational": {
        "overload_rate": 0.1331716522919529,
        "sla_violation_rate": 0.1331716522919529,
        "over_provisioning_cost": 512583136.0,
        "asymmetric_op_cost": 632314240.0,
        "u_max_mean": 68021636825088.0,
        "u_max_max": 2027143227768832.0
      }
    },
    "LSTM_CQR": {
      "forecast": {
        "rmse_mean": null,
        "mae_mean": null,
        "mape_mean": null,
        "smape_mean": null
      },
      "operational": {
        "overload_rate": 0.0015064479282202393,
        "sla_violation_rate": 0.0015064479282202393,
        "over_provisioning_cost": 740496921.8930806,
        "asymmetric_op_cost": 740525660.2610577,
        "u_max_mean": 0.3110176008455739,
        "u_max_max": 1.4650780162088517
      },
      "calibration": {
        "method": "cqr",
        "target_alpha": 0.05,
        "qhat_mean": 1035.6413635118254,
        "qhat_per_link": [
          1938.2293701171875,
          261.1575012207031,
          8825.9541015625,
          -563.61328125,
          726.9158325195312,
          48.81494140625,
          3517.958251953125,
          1366.45654296875,
          7218.31396484375,
          -200.77508544921875,
          -602.2131958007812,
          -752.4782104492188,
          -3667.217529296875,
          -112.54901123046875,
          -711.9329833984375,
          -1410.23876953125,
          577.6859130859375,
          297.87310791015625,
          443.84228515625,
          -2519.62353515625,
          2382.26220703125,
          3305.208984375,
          274.00341796875,
          -1647.931640625,
          286.2199401855469,
          91.24884033203125,
          -339.4688720703125,
          3290.9423828125,
          -4008.510009765625,
          22.828628540039062,
          15.460651397705078,
          -1109.6365966796875,
          615.5633544921875,
          19.47142791748047,
          324.8145751953125,
          12951.37890625,
          15983.0595703125,
          233.74530029296875,
          2.152470350265503,
          261.8410339355469,
          255.27621459960938,
          -0.49363017082214355,
          -18.814781188964844,
          5610.26171875,
          56.873565673828125,
          -21.18017578125,
          0.5018863677978516,
          1624.10546875,
          -89.4342041015625,
          0.3552039861679077,
          27.567970275878906,
          2841.106689453125,
          118.31997680664062,
          182.4479217529297,
          -7.967405319213867,
          20.273273468017578,
          828.0645751953125,
          1002.7200317382812
        ],
        "coverage_overall": 0.905052394590031,
        "mean_width": 5422.32763671875
      }
    },
    "LSTM_ACI": {
      "forecast": {
        "rmse_mean": null,
        "mae_mean": null,
        "mape_mean": null,
        "smape_mean": null
      },
      "operational": {
        "overload_rate": 0.00010760342344430281,
        "sla_violation_rate": 0.00010760342344430281,
        "over_provisioning_cost": 724096922.4099826,
        "asymmetric_op_cost": 724097130.0909613,
        "u_max_mean": 0.32171126724934707,
        "u_max_max": 1.4749043513146298
      },
      "calibration": {
        "method": "aci",
        "target_alpha": 0.05,
        "gamma": 0.005,
        "window": 500,
        "qhat_mean": 854.6291174421023,
        "alpha_final_mean": 0.059802413793103595,
        "coverage_overall": 0.937523796910954,
        "mean_width": 5035.70703125
      }
    }
  },
  "calibration": "both",
  "target_alpha": 0.05
}