{
  "seed": 2048,
  "dataset": "abilene",
  "loss": "asym",
  "T_eff": 9606,
  "num_links": 54,
  "models": {
    "LSTM": {
      "forecast": {
        "rmse_mean": 170.90380859375,
        "mae_mean": 118.24669647216797,
        "mape_mean": 61.792303756431295,
        "smape_mean": 41.92518615722656
      },
      "operational": {
        "overload_rate": 0.0512237721794249,
        "sla_violation_rate": 0.0512237721794249,
        "over_provisioning_cost": 436350208.0,
        "asymmetric_op_cost": 470330336.0,
        "u_max_mean": 2.086974620819092,
        "u_max_max": 6.467092990875244
      }
    },
    "LSTM_CQR": {
      "forecast": {
        "rmse_mean": null,
        "mae_mean": null,
        "mape_mean": null,
        "smape_mean": null
      },
      "operational": {
        "overload_rate": 0.04020442470369599,
        "sla_violation_rate": 0.04020442470369599,
        "over_provisioning_cost": 609036095.578005,
        "asymmetric_op_cost": 636068154.7818395,
        "u_max_mean": 1.8107698671860157,
        "u_max_max": 6.305016430635626
      },
      "calibration": {
        "method": "cqr",
        "target_alpha": 0.1,
        "qhat_mean": 45.53268129185394,
        "qhat_per_link": [
          0.5031000375747681,
          0.7061915397644043,
          44.84123992919922,
          10.844823837280273,
          70.11888122558594,
          73.5367431640625,
          79.85731506347656,
          89.6937255859375,
          23.429855346679688,
          25.074172973632812,
          47.464271545410156,
          6.171772003173828,
          31.909339904785156,
          14.030651092529297,
          156.6024169921875,
          32.608123779296875,
          35.85479736328125,
          -6.390588760375977,
          104.08242797851562,
          35.873069763183594,
          64.50531005859375,
          122.1507568359375,
          57.94511413574219,
          67.2369613647461,
          -0.5502777099609375,
          6.990028381347656,
          27.755126953125,
          12.504995346069336,
          70.68325805664062,
          75.765380859375,
          0.5747347474098206,
          0.7331972122192383,
          26.85999298095703,
          49.07966613769531,
          22.825332641601562,
          142.28851318359375,
          20.53314208984375,
          26.730567932128906,
          16.993610382080078,
          -17.855819702148438,
          62.13678741455078,
          53.549835205078125,
          12.26601791381836,
          16.252906799316406,
          99.32147216796875,
          49.007110595703125,
          130.83413696289062,
          98.23553466796875,
          8.647346496582031,
          7.149961471557617,
          27.069244384765625,
          17.487258911132812,
          121.30203247070312,
          84.94322204589844
        ],
        "coverage_overall": 0.8267267371473076,
        "mean_width": 241.93780517578125
      }
    },
    "LSTM_ACI": {
      "forecast": {
        "rmse_mean": null,
        "mae_mean": null,
        "mape_mean": null,
        "smape_mean": null
      },
      "operational": {
        "overload_rate": 0.0005243636307554691,
        "sla_violation_rate": 0.0005243636307554691,
        "over_provisioning_cost": 863395248.8400327,
        "asymmetric_op_cost": 863802743.4831296,
        "u_max_mean": 1.0988063406391864,
        "u_max_max": 1.9898816385049343
      },
      "calibration": {
        "method": "aci",
        "target_alpha": 0.1,
        "gamma": 0.005,
        "window": 500,
        "qhat_mean": 101.36407043315747,
        "alpha_final_mean": 0.09837107407407418,
        "coverage_overall": 0.8945180866896462,
        "mean_width": 308.9258728027344
      }
    }
  },
  "calibration": "both",
  "target_alpha": 0.1
}