{
  "seed": 42,
  "dataset": "abilene",
  "loss": "pinball",
  "T_eff": 9606,
  "num_links": 54,
  "models": {
    "LSTM": {
      "forecast": {
        "rmse_mean": 75.60694122314453,
        "mae_mean": 41.50358963012695,
        "mape_mean": 22.03940451586688,
        "smape_mean": 18.79549217224121
      },
      "operational": {
        "overload_rate": 0.008767668355426007,
        "sla_violation_rate": 0.008767668355426007,
        "over_provisioning_cost": 950634368.0,
        "asymmetric_op_cost": 953335296.0,
        "u_max_mean": 1.270477294921875,
        "u_max_max": 3.5624561309814453
      }
    }
  }
}