{
  "seed": 65521,
  "dataset": "geant",
  "loss": "asym",
  "T_eff": 2083,
  "num_links": 58,
  "models": {
    "DLinear": {
      "forecast": {
        "rmse_mean": 6836.89990234375,
        "mae_mean": 6830.99072265625,
        "mape_mean": 2540.578933658271,
        "smape_mean": 135.96502685546875
      },
      "operational": {
        "overload_rate": 0.0014650619961262767,
        "sla_violation_rate": 0.0014650619961262767,
        "over_provisioning_cost": 931085440.0,
        "asymmetric_op_cost": 931553408.0,
        "u_max_mean": 0.40750783681869507,
        "u_max_max": 1.3255630731582642
      }
    },
    "iTransformer": {
      "forecast": {
        "rmse_mean": 104.77851104736328,
        "mae_mean": 76.8675308227539,
        "mape_mean": 28.282432342397755,
        "smape_mean": 24.03321075439453
      },
      "operational": {
        "overload_rate": 0.003319151753935802,
        "sla_violation_rate": 0.003319151753935802,
        "over_provisioning_cost": 67546688.0,
        "asymmetric_op_cost": 67704048.0,
        "u_max_mean": 1.1303874254226685,
        "u_max_max": 2.4118399620056152
      }
    }
  }
}