{
  "seed": 100003,
  "dataset": "geant",
  "loss": "asym",
  "T_eff": 2083,
  "num_links": 58,
  "models": {
    "LSTM": {
      "forecast": {
        "rmse_mean": 2932.664306640625,
        "mae_mean": 2882.05908203125,
        "mape_mean": 1245.1863647000544,
        "smape_mean": 133.48399353027344
      },
      "operational": {
        "overload_rate": 0.16599897362888408,
        "sla_violation_rate": 0.16599897362888408,
        "over_provisioning_cost": 454508032.0,
        "asymmetric_op_cost": 545308160.0,
        "u_max_mean": 117229781778432.0,
        "u_max_max": 2641998397833216.0
      }
    },
    "LSTM_CQR": {
      "forecast": {
        "rmse_mean": null,
        "mae_mean": null,
        "mape_mean": null,
        "smape_mean": null
      },
      "operational": {
        "overload_rate": 0.020411541708742365,
        "sla_violation_rate": 0.020411541708742365,
        "over_provisioning_cost": 431760164.97843826,
        "asymmetric_op_cost": 432823890.44824445,
        "u_max_mean": 0.7575201284918857,
        "u_max_max": 2.7387335404636026
      },
      "calibration": {
        "method": "cqr",
        "target_alpha": 0.2,
        "qhat_mean": 714.1955505969196,
        "qhat_per_link": [
          -1703.7628173828125,
          -217.12738037109375,
          2478.29052734375,
          10.861175537109375,
          -691.001708984375,
          -1960.44677734375,
          -3419.88232421875,
          2519.2802734375,
          2762.9296875,
          -2049.451171875,
          -177.78875732421875,
          35.81951904296875,
          6086.3466796875,
          -746.8367309570312,
          1190.4232177734375,
          -2170.021728515625,
          336.5762939453125,
          3.10125732421875,
          -690.2275390625,
          4889.03515625,
          4864.28173828125,
          1800.127197265625,
          333.1021423339844,
          1316.4439697265625,
          716.5347900390625,
          -41.98997497558594,
          1059.8096923828125,
          4084.662109375,
          15366.642578125,
          -232.3665771484375,
          42.86375045776367,
          845.2314453125,
          -180.933837890625,
          0.7124256491661072,
          1083.380859375,
          7207.74169921875,
          -3547.5283203125,
          -85.1572265625,
          1.1135663986206055,
          -96.08604431152344,
          -31.02813720703125,
          0.6172868013381958,
          10.91738510131836,
          4235.95654296875,
          -111.12261962890625,
          -159.26043701171875,
          2.8459982872009277,
          754.0443115234375,
          116.54092407226562,
          0.3829602003097534,
          -83.97872924804688,
          -6107.6787109375,
          239.2425079345703,
          -35.70243835449219,
          -4.947585582733154,
          1.3859672546386719,
          207.4716033935547,
          1362.9522705078125
        ],
        "coverage_overall": 0.790909993874882,
        "mean_width": 3764.329833984375
      }
    },
    "LSTM_ACI": {
      "forecast": {
        "rmse_mean": null,
        "mae_mean": null,
        "mape_mean": null,
        "smape_mean": null
      },
      "operational": {
        "overload_rate": 0.0037081795156190507,
        "sla_violation_rate": 0.0037081795156190507,
        "over_provisioning_cost": 442742543.1908263,
        "asymmetric_op_cost": 442842411.0280193,
        "u_max_mean": 0.7339057170321269,
        "u_max_max": 2.7599978614024803
      },
      "calibration": {
        "method": "aci",
        "target_alpha": 0.2,
        "gamma": 0.005,
        "window": 500,
        "qhat_mean": 636.9534558242765,
        "alpha_final_mean": 0.22713799999999998,
        "coverage_overall": 0.7544738192593574,
        "mean_width": 3550.86328125
      }
    }
  },
  "calibration": "both",
  "target_alpha": 0.2
}