{
  "seed": 3,
  "dataset": "abilene",
  "loss": "mse",
  "T_eff": 9606,
  "num_links": 54,
  "models": {
    "LSTM": {
      "forecast": {
        "rmse_mean": 168.32322692871094,
        "mae_mean": 95.9993667602539,
        "mape_mean": 46.22485300346657,
        "smape_mean": 36.386383056640625
      },
      "operational": {
        "overload_rate": 0.06584811961659764,
        "sla_violation_rate": 0.06584811961659764,
        "over_provisioning_cost": 368535488.0,
        "asymmetric_op_cost": 376583104.0,
        "u_max_mean": 2.3344945907592773,
        "u_max_max": 7.0464067459106445
      }
    }
  }
}