{
  "seed": 7,
  "dataset": "abilene",
  "loss": "asym",
  "T_eff": 9606,
  "num_links": 54,
  "models": {
    "LSTM": {
      "forecast": {
        "rmse_mean": 175.35214233398438,
        "mae_mean": 115.01791381835938,
        "mape_mean": 62.88759273952908,
        "smape_mean": 42.589508056640625
      },
      "operational": {
        "overload_rate": 0.0585243790532152,
        "sla_violation_rate": 0.0585243790532152,
        "over_provisioning_cost": 367594752.0,
        "asymmetric_op_cost": 407602208.0,
        "u_max_mean": 2.31764554977417,
        "u_max_max": 7.770023345947266
      }
    },
    "LSTM_CQR": {
      "forecast": {
        "rmse_mean": null,
        "mae_mean": null,
        "mape_mean": null,
        "smape_mean": null
      },
      "operational": {
        "overload_rate": 0.031648815169531386,
        "sla_violation_rate": 0.031648815169531386,
        "over_provisioning_cost": 594621921.3661329,
        "asymmetric_op_cost": 624980377.1515695,
        "u_max_mean": 1.7601190810695873,
        "u_max_max": 6.266980606868902
      },
      "calibration": {
        "method": "cqr",
        "target_alpha": 0.05,
        "qhat_mean": 54.38148927798978,
        "qhat_per_link": [
          0.8352884650230408,
          2.396589756011963,
          70.31876373291016,
          11.923439025878906,
          53.43256378173828,
          95.5762939453125,
          65.21502685546875,
          89.2510986328125,
          51.924530029296875,
          24.175582885742188,
          48.599769592285156,
          3.1422014236450195,
          51.263526916503906,
          16.379934310913086,
          127.6175537109375,
          72.74810791015625,
          76.45489501953125,
          -13.565025329589844,
          91.50967407226562,
          53.7968635559082,
          75.85379028320312,
          103.60525512695312,
          83.34344482421875,
          67.93605041503906,
          61.43031311035156,
          16.416976928710938,
          33.27809143066406,
          14.129544258117676,
          107.52159118652344,
          68.89675903320312,
          0.8525353670120239,
          2.175564765930176,
          24.17394256591797,
          65.37570190429688,
          41.5711669921875,
          106.36625671386719,
          44.71673583984375,
          45.02533721923828,
          8.842113494873047,
          -0.5138473510742188,
          68.12983703613281,
          69.63871002197266,
          15.713882446289062,
          28.275344848632812,
          125.31471252441406,
          125.1551513671875,
          120.29376220703125,
          69.44631958007812,
          15.420177459716797,
          18.767364501953125,
          29.960594177246094,
          30.65099334716797,
          144.77215576171875,
          111.06741333007812
        ],
        "coverage_overall": 0.8977008968160332,
        "mean_width": 295.4063720703125
      }
    },
    "LSTM_ACI": {
      "forecast": {
        "rmse_mean": null,
        "mae_mean": null,
        "mape_mean": null,
        "smape_mean": null
      },
      "operational": {
        "overload_rate": 0.00019085293913526267,
        "sla_violation_rate": 0.00019085293913526267,
        "over_provisioning_cost": 917061901.6097165,
        "asymmetric_op_cost": 917265478.2666684,
        "u_max_mean": 1.0013175907458611,
        "u_max_max": 1.7259747442103033
      },
      "calibration": {
        "method": "aci",
        "target_alpha": 0.05,
        "gamma": 0.005,
        "window": 500,
        "qhat_mean": 93.19074528305619,
        "alpha_final_mean": 0.049440722222222636,
        "coverage_overall": 0.9467154016394075,
        "mean_width": 368.5156555175781
      }
    }
  },
  "calibration": "both",
  "target_alpha": 0.05
}