{
  "seed": 17,
  "dataset": "cesnet",
  "loss": "asym_l1",
  "T_eff": 7624,
  "num_links": 20,
  "models": {
    "LSTM": {
      "forecast": {
        "rmse_mean": 45.22019577026367,
        "mae_mean": 39.73727035522461,
        "mape_mean": 215.12255249023437,
        "smape_mean": 78.3627700805664
      },
      "operational": {
        "overload_rate": 0.026823189926547746,
        "sla_violation_rate": 0.026823189926547746,
        "over_provisioning_cost": 15922375.0,
        "asymmetric_op_cost": 17365030.0,
        "u_max_mean": 5.051458835601807,
        "u_max_max": 8.96204662322998
      }
    }
  }
}