{
  "seed": 271828,
  "dataset": "abilene",
  "loss": "asym",
  "T_eff": 9606,
  "num_links": 54,
  "models": {
    "LSTM": {
      "forecast": {
        "rmse_mean": 163.8302764892578,
        "mae_mean": 105.59651947021484,
        "mape_mean": 57.27132295679163,
        "smape_mean": 40.287113189697266
      },
      "operational": {
        "overload_rate": 0.0632995581465288,
        "sla_violation_rate": 0.0632995581465288,
        "over_provisioning_cost": 423795520.0,
        "asymmetric_op_cost": 458805856.0,
        "u_max_mean": 2.2607169151306152,
        "u_max_max": 7.633989334106445
      }
    },
    "LSTM_CQR": {
      "forecast": {
        "rmse_mean": null,
        "mae_mean": null,
        "mape_mean": null,
        "smape_mean": null
      },
      "operational": {
        "overload_rate": 0.032996352588274304,
        "sla_violation_rate": 0.032996352588274304,
        "over_provisioning_cost": 610701703.6474172,
        "asymmetric_op_cost": 637697317.8876249,
        "u_max_mean": 1.734401229366887,
        "u_max_max": 6.968934929182161
      },
      "calibration": {
        "method": "cqr",
        "target_alpha": 0.2,
        "qhat_mean": 25.06472365061442,
        "qhat_per_link": [
          0.6923400163650513,
          0.19994568824768066,
          15.700584411621094,
          4.882724761962891,
          44.40568542480469,
          34.663177490234375,
          42.82438659667969,
          45.663970947265625,
          24.95452880859375,
          8.444381713867188,
          32.163352966308594,
          3.5617504119873047,
          22.414505004882812,
          6.077524185180664,
          87.26605224609375,
          33.040283203125,
          34.22918701171875,
          -18.69283676147461,
          61.655792236328125,
          20.36780548095703,
          47.07568359375,
          49.021484375,
          34.57890319824219,
          51.15680694580078,
          12.243240356445312,
          5.423282623291016,
          12.4912109375,
          5.032169342041016,
          39.363861083984375,
          21.50189208984375,
          0.6970704793930054,
          0.23296856880187988,
          11.438995361328125,
          14.848220825195312,
          12.049423217773438,
          69.72463989257812,
          3.6973419189453125,
          15.736862182617188,
          6.432708740234375,
          -25.806381225585938,
          46.045562744140625,
          39.11369323730469,
          8.576534271240234,
          6.654109954833984,
          81.48446655273438,
          41.01123046875,
          65.70747375488281,
          33.214202880859375,
          5.333343505859375,
          -6.077857971191406,
          14.397552490234375,
          7.6104278564453125,
          53.511871337890625,
          65.45693969726562
        ],
        "coverage_overall": 0.786580146667592,
        "mean_width": 243.7316436767578
      }
    },
    "LSTM_ACI": {
      "forecast": {
        "rmse_mean": null,
        "mae_mean": null,
        "mape_mean": null,
        "smape_mean": null
      },
      "operational": {
        "overload_rate": 0.0019200962361487033,
        "sla_violation_rate": 0.0019200962361487033,
        "over_provisioning_cost": 819459759.991274,
        "asymmetric_op_cost": 820150379.9928952,
        "u_max_mean": 1.3021403005495287,
        "u_max_max": 4.1836950807245215
      },
      "calibration": {
        "method": "aci",
        "target_alpha": 0.2,
        "gamma": 0.005,
        "window": 500,
        "qhat_mean": 33.0124241511027,
        "alpha_final_mean": 0.1846298703703704,
        "coverage_overall": 0.7892424487781556,
        "mean_width": 270.16143798828125
      }
    }
  },
  "calibration": "both",
  "target_alpha": 0.2
}