{
  "forecasting": {
    "SARIMA": {
      "rmse_mean": 27.975589493141342,
      "rmse_median": 25.472359099118826,
      "rmse_p90": 45.14390856253152,
      "mae_mean": 22.971003398331373,
      "mae_median": 19.775222737412392,
      "mae_p90": 37.32321387036464,
      "mape_mean": 50.344891161071644,
      "mape_median": 39.48721701655853,
      "mape_p90": 77.09945471065257,
      "smape_mean": 39.003713600688464,
      "smape_median": 33.03804247186948,
      "smape_p90": 65.35351524597124,
      "mape_pct_excluded_mean": 0.30720776538620403,
      "mape_pct_excluded_median": 0.0,
      "mape_pct_excluded_p90": 0.0,
      "mape_threshold": 1.0
    },
    "LSTM": {
      "rmse_mean": 16.58765983581543,
      "rmse_median": 17.32146453857422,
      "rmse_p90": 20.46383285522461,
      "mae_mean": 12.198444366455078,
      "mae_median": 12.606489181518555,
      "mae_p90": 14.898218154907227,
      "mape_mean": 25.068060835202534,
      "mape_median": 22.663338661193848,
      "mape_p90": 34.2335090637207,
      "smape_mean": 22.109939575195312,
      "smape_median": 20.38175392150879,
      "smape_p90": 26.507396697998047,
      "mape_pct_excluded_mean": 0.2947845804988662,
      "mape_pct_excluded_median": 0.0,
      "mape_pct_excluded_p90": 0.0,
      "mape_threshold": 1.0
    }
  },
  "capacity_planning": {
    "SARIMA": {
      "u_max_per_link": [
        2.3040550272466627,
        2.1384181894940806,
        2.4402397635903155,
        2.0403012481442264,
        3.47361385268846,
        4.704185221307128,
        2.1279161112923988,
        2.5802131543457283,
        2.914525012760941,
        1.619027414437377,
        1.861569278663967,
        1.64987160765877,
        2.942976209512122,
        3.58667646250562,
        2.43466723256063,
        3.2868585520242917,
        2.4600107361943624,
        1.4917188431580242,
        1.2601561765587392,
        4.1410428828080965,
        8.456040417772009,
        1.9184331636347136,
        2.240752383110046,
        3.157757431915836,
        2.14745484591471,
        1.6250371555024457,
        2.173980844488194,
        2.098020155443865,
        2.226498166706921,
        2.0506100872883306,
        6.5077823028124,
        2.135571964111664,
        6.689388240424308,
        2.1026473081695634,
        1.6885817471132014,
        4.871842987338393,
        1.7107524811110615,
        2.390471957470252,
        1.6960021245892993,
        2.008383254913342,
        2.6649669800565343,
        2.1281960481175313,
        2.276138846906343,
        1.7080213921173648,
        1.9043133569809567,
        2.015314708630398,
        1.2113290700845547,
        3.857362779001445
      ],
      "f_over_per_link": [
        0.43945578231292515,
        0.11564625850340136,
        0.1782312925170068,
        0.20952380952380953,
        0.8299319727891157,
        0.8612244897959184,
        0.2693877551020408,
        0.42993197278911566,
        0.5020408163265306,
        0.1782312925170068,
        0.12244897959183673,
        0.12244897959183673,
        0.7551020408163265,
        0.3877551020408163,
        0.1469387755102041,
        0.7591836734693878,
        0.09115646258503401,
        0.014965986394557823,
        0.006802721088435374,
        0.8843537414965986,
        0.9442176870748299,
        0.24081632653061225,
        0.4054421768707483,
        0.5306122448979592,
        0.14829931972789115,
        0.06666666666666667,
        0.3251700680272109,
        0.28843537414965986,
        0.11020408163265306,
        0.24081632653061225,
        0.7346938775510204,
        0.1346938775510204,
        0.9605442176870749,
        0.17687074829931973,
        0.053061224489795916,
        0.37551020408163266,
        0.23809523809523808,
        0.14829931972789115,
        0.1251700680272109,
        0.12244897959183673,
        0.6843537414965987,
        0.21360544217687075,
        0.1891156462585034,
        0.09523809523809523,
        0.38503401360544215,
        0.14965986394557823,
        0.005442176870748299,
        0.7210884353741497
      ],
      "u_max_mean": 2.6899936495557832,
      "u_max_max": 8.456040417772009,
      "u_max_median": 2.160717845201452,
      "f_over_mean": 0.3357993197278912,
      "f_over_max": 0.9605442176870749,
      "links_over_110": 48,
      "links_over_100": 48
    },
    "LSTM": {
      "u_max_per_link": [
        1.7400702238082886,
        2.0195651054382324,
        2.1100845336914062,
        1.942033290863037,
        1.5332807302474976,
        1.679956078529358,
        1.6747336387634277,
        2.2706029415130615,
        2.3434154987335205,
        1.3378046751022339,
        1.7973692417144775,
        1.6120444536209106,
        1.7273659706115723,
        2.5221776962280273,
        2.282294273376465,
        1.8580944538116455,
        2.3362879753112793,
        1.6697684526443481,
        1.6440054178237915,
        1.7864161729812622,
        1.5514286756515503,
        1.5833637714385986,
        1.8424063920974731,
        2.076080799102783,
        2.137218713760376,
        1.5985316038131714,
        1.7865314483642578,
        2.002089738845825,
        2.3353235721588135,
        1.7195522785186768,
        2.6765525341033936,
        2.0324277877807617,
        1.664514183998108,
        1.982876181602478,
        1.7936997413635254,
        4.226756572723389,
        1.6684274673461914,
        2.129074811935425,
        1.6797226667404175,
        1.813232421875,
        1.751334547996521,
        2.0291826725006104,
        2.1189723014831543,
        1.611767053604126,
        1.417844295501709,
        1.9368618726730347,
        1.633628010749817,
        2.174128293991089
      ],
      "f_over_per_link": [
        0.11428571428571428,
        0.07891156462585033,
        0.07891156462585033,
        0.13877551020408163,
        0.10204081632653061,
        0.0653061224489796,
        0.07210884353741497,
        0.20952380952380953,
        0.1673469387755102,
        0.0326530612244898,
        0.08979591836734693,
        0.09931972789115646,
        0.09251700680272108,
        0.11564625850340136,
        0.09931972789115646,
        0.08979591836734693,
        0.07346938775510205,
        0.04081632653061224,
        0.08027210884353742,
        0.11020408163265306,
        0.08163265306122448,
        0.06802721088435375,
        0.14285714285714285,
        0.1360544217687075,
        0.14829931972789115,
        0.05986394557823129,
        0.11428571428571428,
        0.21360544217687075,
        0.1619047619047619,
        0.08299319727891157,
        0.18095238095238095,
        0.10748299319727891,
        0.06258503401360545,
        0.10748299319727891,
        0.08163265306122448,
        0.23537414965986395,
        0.1836734693877551,
        0.08027210884353742,
        0.10748299319727891,
        0.04625850340136054,
        0.13333333333333333,
        0.16870748299319727,
        0.10612244897959183,
        0.05170068027210884,
        0.06258503401360545,
        0.12108843537414966,
        0.05170068027210884,
        0.13197278911564625
      ],
      "u_max_mean": 1.93460214138031,
      "u_max_max": 4.226756572723389,
      "u_max_median": 1.8053008317947388,
      "f_over_mean": 0.10793650793650794,
      "f_over_max": 0.23537414965986395,
      "links_over_110": 48,
      "links_over_100": 48
    },