{
  "per_link": {
    "rmse": [
      19.707242965698242,
      14.404899597167969,
      18.88701629638672,
      24.736371994018555,
      18.623106002807617,
      16.145883560180664,
      19.08128547668457,
      15.642122268676758,
      13.48787784576416,
      15.956236839294434,
      22.63630485534668,
      20.796226501464844,
      18.606910705566406,
      13.441224098205566,
      17.36625862121582,
      16.72158432006836,
      8.586498260498047,
      16.93971824645996,
      17.241376876831055,
      10.945446014404297,
      14.713666915893555,
      19.023456573486328,
      18.76807403564453,
      13.426907539367676,
      20.321378707885742,
      19.504276275634766,
      19.217823028564453,
      14.148941040039062,
      15.144139289855957,
      21.67160415649414,
      3.8707406520843506,
      16.346603393554688,
      18.227386474609375,
      17.276668548583984,
      12.920340538024902,
      2.964204788208008,
      16.343976974487305,
      19.04355239868164,
      17.598134994506836,
      17.915504455566406,
      19.557920455932617,
      15.515559196472168,
      15.0399751663208,
      17.738067626953125,
      21.889469146728516,
      11.748038291931152,
      18.755870819091797,
      17.56178855895996
    ],
    "mae": [
      14.551154136657715,
      10.52220630645752,
      13.215266227722168,
      17.793018341064453,
      14.265992164611816,
      11.908744812011719,
      14.068737030029297,
      11.690461158752441,
      9.790788650512695,
      11.999994277954102,
      17.19831085205078,
      15.750410079956055,
      14.002030372619629,
      9.221128463745117,
      12.42226791381836,
      12.363574028015137,
      5.964250564575195,
      12.234053611755371,
      13.024674415588379,
      7.908415794372559,
      11.11474609375,
      13.593301773071289,
      14.199418067932129,
      10.34860897064209,
      14.679804801940918,
      14.258735656738281,
      14.332420349121094,
      10.59183120727539,
      10.247064590454102,
      15.32138442993164,
      2.920745372772217,
      11.471574783325195,
      13.972207069396973,
      12.615291595458984,
      9.403621673583984,
      2.1760332584381104,
      12.581003189086914,
      13.202747344970703,
      13.193360328674316,
      13.321120262145996,
      14.716861724853516,
      11.46603775024414,
      11.382852554321289,
      13.146200180053711,
      16.575777053833008,
      8.593098640441895,
      13.606316566467285,
      12.597685813903809
    ],
    "mape": [
      19.3195858001709,
      33.68979263305664,
      23.38140106201172,
      19.260751724243164,
      21.60649871826172,
      25.299898147583008,
      21.138084411621094,
      21.744524002075195,
      21.46378517150879,
      22.931238174438477,
      18.361230850219727,
      16.735727310180664,
      18.75875473022461,
      41.207130432128906,
      28.311004638671875,
      20.257661819458008,
      49.8748893737793,
      34.09271240234375,
      20.92755126953125,
      24.50946807861328,
      30.873409271240234,
      23.81414031982422,
      21.039518356323242,
      34.562034606933594,
      21.759050369262695,
      24.71976661682129,
      18.93075942993164,
      22.953678131103516,
      22.226675033569336,
      18.44925880432129,
      46.07848358154297,
      21.458126068115234,
      22.39543914794922,
      21.268766403198242,
      25.485774993896484,
      50.052703857421875,
      17.158212661743164,
      29.27418327331543,
      18.086748123168945,
      24.322969436645508,
      19.88424301147461,
      24.115272521972656,
      20.74372100830078,
      23.49042510986328,
      18.147796630859375,
      22.983091354370117,
      30.362276077270508,
      25.758705139160156
    ]
  },
  "aggregated": {
    "rmse_mean": 16.58765983581543,
    "rmse_median": 17.32146453857422,
    "rmse_p90": 20.46383285522461,
    "mae_mean": 12.198444366455078,
    "mae_median": 12.606489181518555,
    "mae_p90": 14.898218154907227,
    "mape_mean": 25.068060835202534,
    "mape_median": 22.663338661193848,
    "mape_p90": 34.2335090637207,
    "smape_mean": 22.109939575195312,
    "smape_median": 20.38175392150879,
    "smape_p90": 26.507396697998047,
    "mape_pct_excluded_mean": 0.2947845804988662,
    "mape_pct_excluded_median": 0.0,
    "mape_pct_excluded_p90": 0.0,
    "mape_threshold": 1.0
  }
}