{
  "per_link": {
    "rmse": [
      25.069717215209582,
      24.674255745399503,
      27.534349058640977,
      25.875000983028073,
      43.5644386070904,
      38.41567468523084,
      29.803347778594297,
      16.06137490667622,
      15.404433745318956,
      33.890805748880084,
      33.4630234585916,
      26.717103716833268,
      31.461592442524765,
      16.62780552130197,
      21.385620343883392,
      28.865333494661304,
      15.092141895709242,
      51.46272103904949,
      55.17071580499039,
      20.899321068996024,
      48.82933845856073,
      30.525515399805784,
      21.871524286302854,
      16.71079843518966,
      23.123968536756202,
      41.16393737351811,
      22.372527484572394,
      14.31049864593839,
      17.536665930068462,
      26.188918746514215,
      5.534869337934294,
      22.12209500681594,
      62.05808249374747,
      19.33299221386389,
      22.89368734164104,
      3.034210470651258,
      16.912832924319975,
      27.58785736281732,
      20.755772380674472,
      34.10592093351231,
      28.223321585666696,
      16.93410632132973,
      17.663370001912888,
      34.642116149234674,
      37.34943874809887,
      14.131566086556234,
      89.39318488763135,
      26.08040086653889
    ],
    "mae": [
      19.308429986921148,
      20.24980535154482,
      22.610642343961167,
      19.198957456589252,
      35.57208499464792,
      31.2902928378727,
      24.30598039742935,
      11.9586165124431,
      11.222198303492396,
      28.35025965013446,
      27.450816576759454,
      21.854033882852097,
      24.71473211901493,
      12.619092000642443,
      16.886715652624492,
      23.045629838554444,
      12.666532810717971,
      45.96305953604566,
      49.617219880946315,
      17.100681313856395,
      41.409181247036905,
      25.364664871680255,
      17.42137882048623,
      13.004283113062435,
      18.292062687838392,
      34.705446515538426,
      17.060612221846227,
      10.774305733459203,
      13.848990088208303,
      20.271682428777392,
      4.425120086597097,
      17.966944615187636,
      53.91041601686096,
      15.077585782298922,
      19.726125873716533,
      2.257480384247769,
      13.04001436108833,
      22.362268972738843,
      16.83687055147008,
      28.067400119980526,
      21.671820533535634,
      12.912459023641086,
      14.172110933968572,
      28.572260714825333,
      31.16585571063349,
      11.148550428609065,
      81.3321702344136,
      19.824319601108247
    ],
    "mape": [
      24.180306895403707,
      79.44705036757973,
      45.910298870399146,
      21.711765555262524,
      43.27308625963304,
      49.828474128478206,
      40.46962266663755,
      20.982180641894825,
      22.88091390088103,
      66.02792012921395,
      32.45015262175943,
      25.583428871994762,
      27.666395864212834,
      66.65528094614143,
      43.58949194804062,
      31.165914568847615,
      145.21842924229387,
      147.803404270892,
      90.41256319976405,
      43.02296762520391,
      72.20088803592866,
      56.43760100599472,
      26.333963685979338,
      41.98567130172483,
      29.997026691663585,
      76.09334228625518,
      24.113484141763696,
      23.469309523362398,
      34.6449501615342,
      26.846244064168328,
      52.96231186061709,
      38.50481136647952,
      63.99693389152529,
      28.194196484509966,
      61.29726290141446,
      53.164334352189094,
      17.852941107359385,
      59.21395409574339,
      24.98780009111967,
      62.41586067772463,
      25.64629408456222,
      29.235638307605093,
      27.689550454217727,
      62.028381934530074,
      36.68935862738116,
      33.426290815436936,
      224.83238858734205,
      34.014336618771864
    ]
  },
  "aggregated": {
    "rmse_mean": 27.975589493141342,
    "rmse_median": 25.472359099118826,
    "rmse_p90": 45.14390856253152,
    "mae_mean": 22.971003398331373,
    "mae_median": 19.775222737412392,
    "mae_p90": 37.32321387036464,
    "mape_mean": 50.344891161071644,
    "mape_median": 39.48721701655853,
    "mape_p90": 77.09945471065257,
    "smape_mean": 39.003713600688464,
    "smape_median": 33.03804247186948,
    "smape_p90": 65.35351524597124,
    "mape_pct_excluded_mean": 0.30720776538620403,
    "mape_pct_excluded_median": 0.0,
    "mape_pct_excluded_p90": 0.0,
    "mape_threshold": 1.0
  }
}