{
  "seed": 256,
  "dataset": "cesnet",
  "loss": "asym_l1",
  "T_eff": 7624,
  "num_links": 20,
  "models": {
    "DLinear": {
      "forecast": {
        "rmse_mean": 90.03785705566406,
        "mae_mean": 80.95700073242188,
        "mape_mean": 358.27440414428713,
        "smape_mean": 108.81839752197266
      },
      "operational": {
        "overload_rate": 9.837355718782791e-05,
        "sla_violation_rate": 9.837355718782791e-05,
        "over_provisioning_cost": 91951104.0,
        "asymmetric_op_cost": 92013416.0,
        "u_max_mean": 0.9748649597167969,
        "u_max_max": 1.2783284187316895
      }
    },
    "iTransformer": {
      "forecast": {
        "rmse_mean": 99.1552505493164,
        "mae_mean": 79.67427062988281,
        "mape_mean": 337.285587310791,
        "smape_mean": 104.532958984375
      },
      "operational": {
        "overload_rate": 5.902413431269675e-05,
        "sla_violation_rate": 5.902413431269675e-05,
        "over_provisioning_cost": 102508512.0,
        "asymmetric_op_cost": 102543672.0,
        "u_max_mean": 0.8677865862846375,
        "u_max_max": 1.1947389841079712
      }
    }
  }
}