{
  "seed": 1,
  "dataset": "abilene",
  "loss": "asym_l1",
  "T_eff": 9606,
  "num_links": 54,
  "models": {
    "DLinear": {
      "forecast": {
        "rmse_mean": 227.33453369140625,
        "mae_mean": 140.11764526367188,
        "mape_mean": 56.37552261352539,
        "smape_mean": 38.88233947753906
      },
      "operational": {
        "overload_rate": 0.0,
        "sla_violation_rate": 0.0,
        "over_provisioning_cost": 1929511424.0,
        "asymmetric_op_cost": 1929511424.0,
        "u_max_mean": 0.7215937972068787,
        "u_max_max": 0.9486057162284851
      }
    },
    "iTransformer": {
      "forecast": {
        "rmse_mean": 169.4444580078125,
        "mae_mean": 77.96575927734375,
        "mape_mean": 40.483372882560445,
        "smape_mean": 28.163366317749023
      },
      "operational": {
        "overload_rate": 0.0,
        "sla_violation_rate": 0.0,
        "over_provisioning_cost": 3198763776.0,
        "asymmetric_op_cost": 3198763776.0,
        "u_max_mean": 0.4344363510608673,
        "u_max_max": 0.7696305513381958
      }
    }
  }
}