{
  "ratios": [
    "1:1",
    "2:1",
    "5:1",
    "10:1",
    "20:1",
    "100:1"
  ],
  "models": [
    "DLinear",
    "iTransformer"
  ],
  "per_model": {
    "DLinear": [
      {
        "ratio": "1:1",
        "alpha": 1.0,
        "beta": 1.0,
        "overload_rate": 0.00014863395562958334,
        "over_provisioning_cost": 987586172.8,
        "asymmetric_op_cost": 987593158.4,
        "rmse_mean": 45.82623729705811,
        "overload_rate_values": [
          0.00019663636153330094,
          0.00012723529275684178,
          0.00013687433008690555,
          0.0005224358232894565,
          0.00011566844796076526,
          0.00012337967782481628,
          9.639037330063772e-05,
          0.0001445855599509566,
          0.00014265775248494382,
          0.000109885025562727,
          0.000109885025562727,
          0.00010217379569867599,
          0.0001445855599509566,
          0.000109885025562727,
          0.00016000801967905862,
          0.0001445855599509566,
          0.00012723529275684178,
          0.0001561524047470331,
          0.00013301871515488005,
          6.940106877645916e-05
        ]
      },
      {
        "ratio": "2:1",
        "alpha": 2.0,
        "beta": 1.0,
        "overload_rate": 2.2362566605747954e-05,
        "over_provisioning_cost": 1064949443.2,
        "asymmetric_op_cost": 1064949868.8,
        "rmse_mean": 47.35464916229248,
        "overload_rate_values": [
          2.12058821261403e-05,
          2.698930452417856e-05,
          1.9278074660127545e-05,
          1.5422459728102035e-05,
          1.349465226208928e-05,
          3.662834185424233e-05,
          1.5422459728102035e-05,
          1.735026719411479e-05,
          3.662834185424233e-05,
          2.5061497058165806e-05,
          1.9278074660127545e-05,
          1.9278074660127545e-05,
          2.8917111990191315e-05,
          3.470053438822958e-05,
          1.5422459728102035e-05,
          1.735026719411479e-05,
          3.277272692221682e-05,
          1.349465226208928e-05,
          1.9278074660127545e-05,
          1.9278074660127545e-05
        ]
      },
      {
        "ratio": "5:1",
        "alpha": 5.0,
        "beta": 1.0,
        "overload_rate": 8.00040098395293e-06,
        "over_provisioning_cost": 1188116409.6,
        "asymmetric_op_cost": 1188116742.4,
        "rmse_mean": 62.35353527069092,
        "overload_rate_values": [
          1.5422459728102035e-05,
          5.783422398038263e-06,
          9.639037330063772e-06,
          7.711229864051018e-06,
          5.783422398038263e-06,
          7.711229864051018e-06,
          9.639037330063772e-06,
          1.1566844796076525e-05,
          7.711229864051018e-06,
          1.1566844796076525e-05,
          5.783422398038263e-06,
          1.1566844796076525e-05,
          3.855614932025509e-06,
          5.783422398038263e-06,
          5.783422398038263e-06,
          7.711229864051018e-06,
          9.639037330063772e-06,
          5.783422398038263e-06,
          7.711229864051018e-06,
          3.855614932025509e-06
        ]
      },
      {
        "ratio": "10:1",
        "alpha": 10.0,
        "beta": 1.0,
        "overload_rate": 5.205080158234436e-06,
        "over_provisioning_cost": 1315265414.4,
        "asymmetric_op_cost": 1315265856.0,
        "rmse_mean": 89.21585884094239,
        "overload_rate_values": [
          3.855614932025509e-06,
          3.855614932025509e-06,
          5.783422398038263e-06,
          3.855614932025509e-06,
          7.711229864051018e-06,
          5.783422398038263e-06,
          3.855614932025509e-06,
          1.1566844796076525e-05,
          3.855614932025509e-06,
          9.639037330063772e-06,
          3.855614932025509e-06,
          3.855614932025509e-06,
          7.711229864051018e-06,
          3.855614932025509e-06,
          3.855614932025509e-06,
          3.855614932025509e-06,
          3.855614932025509e-06,
          3.855614932025509e-06,
          5.783422398038263e-06,
          3.855614932025509e-06
        ]
      },
      {
        "ratio": "20:1",
        "alpha": 20.0,
        "beta": 1.0,
        "overload_rate": 5.0122994116331605e-06,
        "over_provisioning_cost": 1472606169.6,
        "asymmetric_op_cost": 1472606899.2,
        "rmse_mean": 131.63075103759766,
        "overload_rate_values": [
          3.855614932025509e-06,
          3.855614932025509e-06,
          3.855614932025509e-06,
          3.855614932025509e-06,
          5.783422398038263e-06,
          5.783422398038263e-06,
          1.9278074660127544e-06,
          9.639037330063772e-06,
          7.711229864051018e-06,
          7.711229864051018e-06,
          3.855614932025509e-06,
          3.855614932025509e-06,
          5.783422398038263e-06,
          3.855614932025509e-06,
          3.855614932025509e-06,
          3.855614932025509e-06,
          0.0,
          3.855614932025509e-06,
          1.1566844796076525e-05,
          5.783422398038263e-06
        ]
      },
      {
        "ratio": "100:1",
        "alpha": 100.0,
        "beta": 1.0,
        "overload_rate": 6.747326131044641e-07,
        "over_provisioning_cost": 1961776140.8,
        "asymmetric_op_cost": 1961776928.0,
        "rmse_mean": 287.90637969970703,
        "overload_rate_values": [
          0.0,
          0.0,
          0.0,
          0.0,
          1.9278074660127544e-06,
          1.9278074660127544e-06,
          0.0,
          0.0,
          0.0,
          1.9278074660127544e-06,
          0.0,
          0.0,
          0.0,
          0.0,
          0.0,
          0.0,
          0.0,
          0.0,
          7.711229864051018e-06,
          0.0
        ]
      }
    ],
    "iTransformer": [
      {
        "ratio": "1:1",
        "alpha": 1.0,
        "beta": 1.0,
        "overload_rate": 7.354585482838657e-05,
        "over_provisioning_cost": 1064639257.6,
        "asymmetric_op_cost": 1064644032.0,
        "rmse_mean": 48.66595516204834,
        "overload_rate_values": [
          5.397860904835712e-05,
          9.446256583462497e-05,
          0.00012145187035880353,
          0.00018892513166924994,
          0.0001445855599509566,
          0.00016579144207709687,
          7.325668370848466e-05,
          0.0001522967898150076,
          2.5061497058165806e-05,
          2.12058821261403e-05,
          3.662834185424233e-05,
          6.168983891240814e-05,
          3.470053438822958e-05,
          1.9278074660127545e-05,
          4.048395678626784e-05,
          9.831818076665047e-05,
          5.205080158234437e-05,
          3.084491945620407e-05,
          2.12058821261403e-05,
          3.470053438822958e-05
        ]
      },
      {
        "ratio": "2:1",
        "alpha": 2.0,
        "beta": 1.0,
        "overload_rate": 3.238716542901428e-05,
        "over_provisioning_cost": 1119795132.8,
        "asymmetric_op_cost": 1119800374.4,
        "rmse_mean": 49.92554988861084,
        "overload_rate_values": [
          4.048395678626784e-05,
          1.5422459728102035e-05,
          1.5422459728102035e-05,
          0.00016386363461108413,
          7.711229864051018e-06,
          2.698930452417856e-05,
          1.5422459728102035e-05,
          2.12058821261403e-05,
          3.084491945620407e-05,
          0.0,
          5.783422398038263e-06,
          3.470053438822958e-05,
          2.8917111990191315e-05,
          7.711229864051018e-06,
          1.735026719411479e-05,
          0.00016193582714507136,
          5.783422398038263e-06,
          5.783422398038263e-06,
          9.639037330063772e-06,
          3.277272692221682e-05
        ]
      },
      {
        "ratio": "5:1",
        "alpha": 5.0,
        "beta": 1.0,
        "overload_rate": 6.747326131044641e-07,
        "over_provisioning_cost": 1257500544.0,
        "asymmetric_op_cost": 1257500563.2,
        "rmse_mean": 57.083022880554196,