{
  "seed": 31337,
  "dataset": "geant",
  "loss": "asym_l1",
  "T_eff": 2083,
  "num_links": 58,
  "models": {
    "LSTM": {
      "forecast": {
        "rmse_mean": 3343.850830078125,
        "mae_mean": 3313.4306640625,
        "mape_mean": 1289.6863104063889,
        "smape_mean": 127.8292465209961
      },
      "operational": {
        "overload_rate": 0.15576837121525652,
        "sla_violation_rate": 0.15576837121525652,
        "over_provisioning_cost": 474564896.0,
        "asymmetric_op_cost": 2684044288.0,
        "u_max_mean": 83746225127424.0,
        "u_max_max": 2452580139532288.0
      }
    }
  }
}