{
  "seed": 17,
  "dataset": "abilene",
  "loss": "asym",
  "T_eff": 9606,
  "num_links": 54,
  "models": {
    "LSTM": {
      "forecast": {
        "rmse_mean": 154.01197814941406,
        "mae_mean": 98.12589263916016,
        "mape_mean": 54.85651339424981,
        "smape_mean": 38.771087646484375
      },
      "operational": {
        "overload_rate": 0.06289857419359814,
        "sla_violation_rate": 0.06289857419359814,
        "over_provisioning_cost": 456458560.0,
        "asymmetric_op_cost": 488295008.0,
        "u_max_mean": 2.181342601776123,
        "u_max_max": 7.101405143737793
      }
    },
    "LSTM_CQR": {
      "forecast": {
        "rmse_mean": null,
        "mae_mean": null,
        "mape_mean": null,
        "smape_mean": null
      },
      "operational": {
        "overload_rate": 0.03615602902506921,
        "sla_violation_rate": 0.03615602902506921,
        "over_provisioning_cost": 642606806.6516525,
        "asymmetric_op_cost": 669164796.5287191,
        "u_max_mean": 1.7672895186495614,
        "u_max_max": 6.84997828777791
      },
      "calibration": {
        "method": "cqr",
        "target_alpha": 0.1,
        "qhat_mean": 46.63952888162048,
        "qhat_per_link": [
          0.6786841750144958,
          0.8592855930328369,
          65.52290344238281,
          12.026679992675781,
          57.321739196777344,
          88.51434326171875,
          73.86418151855469,
          82.2967529296875,
          25.789108276367188,
          18.830001831054688,
          53.52436828613281,
          3.769866943359375,
          35.278839111328125,
          13.741878509521484,
          117.90274047851562,
          72.32583618164062,
          72.81887817382812,
          -8.32427978515625,
          104.10256958007812,
          34.92870330810547,
          50.266204833984375,
          104.00732421875,
          82.406494140625,
          59.649803161621094,
          26.4345703125,
          12.84716796875,
          28.668960571289062,
          8.808221817016602,
          94.33624267578125,
          62.59637451171875,
          0.577237069606781,
          1.0011093616485596,
          19.83734893798828,
          48.275787353515625,
          28.043136596679688,
          126.51336669921875,
          15.94482421875,
          34.183135986328125,
          10.638164520263672,
          -8.288436889648438,
          69.42903137207031,
          61.56719970703125,
          9.886825561523438,
          23.24181365966797,
          100.05508422851562,
          53.316375732421875,
          111.71170043945312,
          58.571929931640625,
          13.700450897216797,
          5.409372329711914,
          30.564666748046875,
          19.985572814941406,
          112.03680419921875,
          116.53761291503906
        ],
        "coverage_overall": 0.8466390604637534,
        "mean_width": 248.38558959960938
      }
    },
    "LSTM_ACI": {
      "forecast": {
        "rmse_mean": null,
        "mae_mean": null,
        "mape_mean": null,
        "smape_mean": null
      },
      "operational": {
        "overload_rate": 0.0005436417054155967,
        "sla_violation_rate": 0.0005436417054155967,
        "over_provisioning_cost": 937561137.6940557,
        "asymmetric_op_cost": 937947582.9491636,
        "u_max_mean": 1.0578294535265913,
        "u_max_max": 1.9990317862215787
      },
      "calibration": {
        "method": "aci",
        "target_alpha": 0.1,
        "gamma": 0.005,
        "window": 500,
        "qhat_mean": 90.5300110887598,
        "alpha_final_mean": 0.09673222222222232,
        "coverage_overall": 0.8944756749253938,
        "mean_width": 311.57373046875
      }
    }
  },
  "calibration": "both",
  "target_alpha": 0.1
}