{
  "seed": 7,
  "dataset": "geant",
  "loss": "asym",
  "T_eff": 2083,
  "num_links": 58,
  "models": {
    "LSTM": {
      "forecast": {
        "rmse_mean": 2084.40966796875,
        "mae_mean": 2022.6351318359375,
        "mape_mean": 726.5432162449277,
        "smape_mean": 127.68895721435547
      },
      "operational": {
        "overload_rate": 0.18882745377191384,
        "sla_violation_rate": 0.18882745377191384,
        "over_provisioning_cost": 315246912.0,
        "asymmetric_op_cost": 478105568.0,
        "u_max_mean": 97444763271168.0,
        "u_max_max": 1690948622876672.0
      }
    },
    "LSTM_CQR": {
      "forecast": {
        "rmse_mean": null,
        "mae_mean": null,
        "mape_mean": null,
        "smape_mean": null
      },
      "operational": {
        "overload_rate": 0.002954955551508931,
        "sla_violation_rate": 0.002954955551508931,
        "over_provisioning_cost": 405011855.4439343,
        "asymmetric_op_cost": 405085277.278613,
        "u_max_mean": 0.5411825675448751,
        "u_max_max": 1.71627122241808
      },
      "calibration": {
        "method": "cqr",
        "target_alpha": 0.05,
        "qhat_mean": 167.01558347817124,
        "qhat_per_link": [
          1653.042724609375,
          591.5557861328125,
          7027.318359375,
          746.0680541992188,
          -1208.281005859375,
          449.3453369140625,
          1884.7418212890625,
          1567.689208984375,
          -1402.42822265625,
          -601.3539428710938,
          1187.4677734375,
          -29.2564697265625,
          -3069.857421875,
          54.76774597167969,
          -1422.2611083984375,
          -2371.74169921875,
          196.71054077148438,
          84.65322875976562,
          -221.94528198242188,
          -2219.73779296875,
          -6529.73779296875,
          5691.12646484375,
          357.6871643066406,
          76.01611328125,
          460.4141845703125,
          46.471893310546875,
          677.5921630859375,
          -221.64663696289062,
          -1624.7166748046875,
          183.48391723632812,
          2.2234668731689453,
          1521.9976806640625,
          319.5519714355469,
          -5.333560466766357,
          1333.63330078125,
          -2602.668212890625,
          -4.3758544921875,
          141.82582092285156,
          0.8442457914352417,
          100.75921630859375,
          -1.3033447265625,
          0.6179460287094116,
          -226.60202026367188,
          -1133.18115234375,
          -272.022705078125,
          89.70404052734375,
          7.657707214355469,
          72.69781494140625,
          57.144168853759766,
          0.590306282043457,
          49.5747184753418,
          10888.154296875,
          -447.9925537109375,
          136.64385986328125,
          2.8783531188964844,
          10.225074768066406,
          597.9476318359375,
          -2967.476806640625
        ],
        "coverage_overall": 0.9455278361779264,
        "mean_width": 4047.0888671875
      }
    },
    "LSTM_ACI": {
      "forecast": {
        "rmse_mean": null,
        "mae_mean": null,
        "mape_mean": null,
        "smape_mean": null
      },
      "operational": {
        "overload_rate": 0.00016554372837585048,
        "sla_violation_rate": 0.00016554372837585048,
        "over_provisioning_cost": 369892063.56345737,
        "asymmetric_op_cost": 369892593.5248908,
        "u_max_mean": 0.5494576106602483,
        "u_max_max": 1.4886975510213887
      },
      "calibration": {
        "method": "aci",
        "target_alpha": 0.05,
        "gamma": 0.005,
        "window": 500,
        "qhat_mean": -220.99592819707146,
        "alpha_final_mean": 0.06845750000000017,
        "coverage_overall": 0.9387405433145165,
        "mean_width": 3305.19970703125
      }
    }
  },
  "calibration": "both",
  "target_alpha": 0.05
}