{
  "seed": 99,
  "dataset": "abilene",
  "loss": "asym",
  "T_eff": 9606,
  "num_links": 54,
  "models": {
    "DLinear": {
      "forecast": {
        "rmse_mean": 75.35453033447266,
        "mae_mean": 35.16683578491211,
        "mape_mean": 15.566406965255737,
        "smape_mean": 13.551716804504395
      },
      "operational": {
        "overload_rate": 1.1566844796076525e-05,
        "sla_violation_rate": 1.1566844796076525e-05,
        "over_provisioning_cost": 1248372224.0,
        "asymmetric_op_cost": 1248372736.0,
        "u_max_mean": 0.8991407752037048,
        "u_max_max": 1.0993037223815918
      }
    },
    "iTransformer": {
      "forecast": {
        "rmse_mean": 60.252750396728516,
        "mae_mean": 23.55110740661621,
        "mape_mean": 12.145635728482846,
        "smape_mean": 10.613432884216309
      },
      "operational": {
        "overload_rate": 0.0,
        "sla_violation_rate": 0.0,
        "over_provisioning_cost": 1446516480.0,
        "asymmetric_op_cost": 1446516480.0,
        "u_max_mean": 0.772783637046814,
        "u_max_max": 0.9652664661407471
      }
    }
  }
}