{
  "seed": 99,
  "dataset": "abilene",
  "loss": "asym",
  "T_eff": 9606,
  "num_links": 54,
  "models": {
    "LSTM": {
      "forecast": {
        "rmse_mean": 169.52813720703125,
        "mae_mean": 109.30300903320312,
        "mape_mean": 58.95828515511972,
        "smape_mean": 40.28662109375
      },
      "operational": {
        "overload_rate": 0.056920443241492584,
        "sla_violation_rate": 0.056920443241492584,
        "over_provisioning_cost": 506313280.0,
        "asymmetric_op_cost": 538318592.0,
        "u_max_mean": 2.0628063678741455,
        "u_max_max": 6.957607746124268
      }
    }
  }
}