{
  "seed": 123,
  "dataset": "cesnet",
  "loss": "asym_l1",
  "T_eff": 7624,
  "num_links": 20,
  "models": {
    "LSTM": {
      "forecast": {
        "rmse_mean": 32.348304748535156,
        "mae_mean": 23.06636619567871,
        "mape_mean": 123.88174953460694,
        "smape_mean": 59.7086296081543
      },
      "operational": {
        "overload_rate": 0.108151888772298,
        "sla_violation_rate": 0.108151888772298,
        "over_provisioning_cost": 7196529.0,
        "asymmetric_op_cost": 7648255.0,
        "u_max_mean": 8.983072280883789,
        "u_max_max": 23.720643997192383
      }
    }
  }
}