{
  "seed": 99,
  "dataset": "geant",
  "loss": "asym",
  "T_eff": 2083,
  "num_links": 58,
  "models": {
    "LSTM": {
      "forecast": {
        "rmse_mean": 2776.56298828125,
        "mae_mean": 2682.198486328125,
        "mape_mean": 1301.9647054014536,
        "smape_mean": 141.8054962158203
      },
      "operational": {
        "overload_rate": 0.1331716522919529,
        "sla_violation_rate": 0.1331716522919529,
        "over_provisioning_cost": 512583136.0,
        "asymmetric_op_cost": 632314240.0,
        "u_max_mean": 68021636825088.0,
        "u_max_max": 2027143227768832.0
      }
    },
    "LSTM_CQR": {
      "forecast": {
        "rmse_mean": null,
        "mae_mean": null,
        "mape_mean": null,
        "smape_mean": null
      },
      "operational": {
        "overload_rate": 0.002226563146655189,
        "sla_violation_rate": 0.002226563146655189,
        "over_provisioning_cost": 725862155.4629172,
        "asymmetric_op_cost": 725910990.8715571,
        "u_max_mean": 0.31881464254582076,
        "u_max_max": 1.4820849285347586
      },
      "calibration": {
        "method": "cqr",
        "target_alpha": 0.1,
        "qhat_mean": 914.4733820806804,
        "qhat_per_link": [
          1863.5001220703125,
          100.3717041015625,
          8680.2705078125,
          -621.5551147460938,
          460.70703125,
          -4.59710693359375,
          3412.267578125,
          1266.24169921875,
          6994.8583984375,
          -345.9913635253906,
          -658.1240844726562,
          -809.4154663085938,
          -3847.98779296875,
          -213.10926818847656,
          -754.6710205078125,
          -1993.7841796875,
          552.9586181640625,
          286.3365173339844,
          334.4453125,
          -2621.345458984375,
          2047.1866455078125,
          3213.986328125,
          254.58526611328125,
          -1809.6954345703125,
          258.0614318847656,
          82.43618774414062,
          -404.730224609375,
          3212.403076171875,
          -4284.208984375,
          -46.69425964355469,
          11.08993911743164,
          -1154.7412109375,
          584.4586791992188,
          18.51628303527832,
          211.974365234375,
          12729.462890625,
          15810.693359375,
          222.91639709472656,
          1.008932113647461,
          194.06045532226562,
          224.09954833984375,
          -0.6019247174263,
          -55.51575469970703,
          4925.70556640625,
          21.07818603515625,
          -40.69554138183594,
          0.29823780059814453,
          1545.069580078125,
          -101.43425750732422,
          0.20329375565052032,
          20.325162887573242,
          2223.50146484375,
          105.727294921875,
          177.8757781982422,
          -9.18336009979248,
          17.524709701538086,
          808.0557861328125,
          -56.724365234375
        ],
        "coverage_overall": 0.8507209429370768,
        "mean_width": 5179.9921875
      }
    },
    "LSTM_ACI": {
      "forecast": {
        "rmse_mean": null,
        "mae_mean": null,
        "mape_mean": null,
        "smape_mean": null
      },
      "operational": {
        "overload_rate": 0.00019037528763222805,
        "sla_violation_rate": 0.00019037528763222805,
        "over_provisioning_cost": 717182041.3086146,
        "asymmetric_op_cost": 717182405.3229636,
        "u_max_mean": 0.32918985041576226,
        "u_max_max": 1.6291486651908953
      },
      "calibration": {
        "method": "aci",
        "target_alpha": 0.1,
        "gamma": 0.005,
        "window": 500,
        "qhat_mean": 758.7048942662518,
        "alpha_final_mean": 0.11536244827586212,
        "coverage_overall": 0.8769016835797175,
        "mean_width": 4892.72802734375
      }
    }
  },
  "calibration": "both",
  "target_alpha": 0.1
}