{
  "seed": 3,
  "dataset": "geant",
  "loss": "asym",
  "T_eff": 2083,
  "num_links": 58,
  "models": {
    "LSTM": {
      "forecast": {
        "rmse_mean": 10210.4619140625,
        "mae_mean": 10179.5859375,
        "mape_mean": 3767.3967354215424,
        "smape_mean": 157.9895782470703
      },
      "operational": {
        "overload_rate": 0.037760524442531494,
        "sla_violation_rate": 0.037760524442531494,
        "over_provisioning_cost": 1582893440.0,
        "asymmetric_op_cost": 1692973056.0,
        "u_max_mean": 0.5861402153968811,
        "u_max_max": 11.955582618713379
      }
    }
  }
}