{
  "seed": 3,
  "dataset": "geant",
  "loss": "asym",
  "T_eff": 2083,
  "num_links": 58,
  "models": {
    "DLinear": {
      "forecast": {
        "rmse_mean": 17860.14453125,
        "mae_mean": 17853.82421875,
        "mape_mean": 6377.407863978682,
        "smape_mean": 161.4837646484375
      },
      "operational": {
        "overload_rate": 0.0,
        "sla_violation_rate": 0.0,
        "over_provisioning_cost": 2483971072.0,
        "asymmetric_op_cost": 2483971072.0,
        "u_max_mean": 0.2127225548028946,
        "u_max_max": 0.7753314971923828
      }
    },
    "iTransformer": {
      "forecast": {
        "rmse_mean": 197.20816040039062,
        "mae_mean": 151.87905883789062,
        "mape_mean": 55.224506312403186,
        "smape_mean": 38.16110610961914
      },
      "operational": {
        "overload_rate": 0.00010760342344430281,
        "sla_violation_rate": 0.00010760342344430281,
        "over_provisioning_cost": 122465504.0,
        "asymmetric_op_cost": 122469296.0,
        "u_max_mean": 0.7754232883453369,
        "u_max_max": 1.7046319246292114
      }
    }
  }
}