{
  "seed": 456,
  "dataset": "abilene",
  "loss": "asym",
  "T_eff": 9606,
  "num_links": 54,
  "models": {
    "LSTM": {
      "forecast": {
        "rmse_mean": 180.14219665527344,
        "mae_mean": 122.85610961914062,
        "mape_mean": 59.50428971537837,
        "smape_mean": 42.339359283447266
      },
      "operational": {
        "overload_rate": 0.05402680423500744,
        "sla_violation_rate": 0.05402680423500744,
        "over_provisioning_cost": 412959808.0,
        "asymmetric_op_cost": 449723232.0,
        "u_max_mean": 2.1866235733032227,
        "u_max_max": 7.455743789672852
      }
    },
    "LSTM_CQR": {
      "forecast": {
        "rmse_mean": null,
        "mae_mean": null,
        "mape_mean": null,
        "smape_mean": null
      },
      "operational": {
        "overload_rate": 0.03029163871345841,
        "sla_violation_rate": 0.03029163871345841,
        "over_provisioning_cost": 677605114.8227788,
        "asymmetric_op_cost": 697552771.3846112,
        "u_max_mean": 1.6492100372085001,
        "u_max_max": 6.195400178702946
      },
      "calibration": {
        "method": "cqr",
        "target_alpha": 0.05,
        "qhat_mean": 53.71482400320195,
        "qhat_per_link": [
          1.275726079940796,
          2.21359920501709,
          61.16657257080078,
          15.026147842407227,
          80.70404052734375,
          87.14321899414062,
          95.59413146972656,
          80.61886596679688,
          14.812690734863281,
          10.009674072265625,
          66.92121887207031,
          6.900394916534424,
          24.957691192626953,
          25.182132720947266,
          166.4249267578125,
          86.3118896484375,
          37.955291748046875,
          11.874834060668945,
          101.238037109375,
          77.56892395019531,
          40.329742431640625,
          73.88491821289062,
          110.15799713134766,
          57.624290466308594,
          26.868499755859375,
          10.930957794189453,
          31.372390747070312,
          16.728561401367188,
          81.12100219726562,
          57.99822998046875,
          1.34213125705719,
          1.9577445983886719,
          38.944793701171875,
          73.36619567871094,
          52.6431884765625,
          122.77180480957031,
          34.11100769042969,
          38.45429992675781,
          25.086284637451172,
          56.06971740722656,
          111.32221984863281,
          64.73698425292969,
          21.405052185058594,
          25.49132537841797,
          114.63095092773438,
          36.352020263671875,
          121.72679138183594,
          72.1358642578125,
          15.23974609375,
          18.425796508789062,
          27.2034912109375,
          12.040718078613281,
          98.74069213867188,
          155.48507690429688
        ],
        "coverage_overall": 0.8859374156584233,
        "mean_width": 299.6269226074219
      }
    },
    "LSTM_ACI": {
      "forecast": {
        "rmse_mean": null,
        "mae_mean": null,
        "mape_mean": null,
        "smape_mean": null
      },
      "operational": {
        "overload_rate": 0.0002024197839313392,
        "sla_violation_rate": 0.0002024197839313392,
        "over_provisioning_cost": 938627880.9328862,
        "asymmetric_op_cost": 938917196.8546506,
        "u_max_mean": 1.014307861426207,
        "u_max_max": 1.625645422202024
      },
      "calibration": {
        "method": "aci",
        "target_alpha": 0.05,
        "gamma": 0.005,
        "window": 500,
        "qhat_mean": 86.91588352344654,
        "alpha_final_mean": 0.0545380370370374,
        "coverage_overall": 0.9469216770382708,
        "mean_width": 356.9576416015625
      }
    }
  },
  "calibration": "both",
  "target_alpha": 0.05
}