{
  "seed": 456,
  "dataset": "geant",
  "loss": "asym",
  "T_eff": 2083,
  "num_links": 58,
  "models": {
    "DLinear": {
      "forecast": {
        "rmse_mean": 11479.3349609375,
        "mae_mean": 11466.6376953125,
        "mape_mean": 4420.738719479791,
        "smape_mean": 153.42906188964844
      },
      "operational": {
        "overload_rate": 0.0,
        "sla_violation_rate": 0.0,
        "over_provisioning_cost": 1659572480.0,
        "asymmetric_op_cost": 1659572480.0,
        "u_max_mean": 0.25218307971954346,
        "u_max_max": 0.8199319243431091
      }
    },
    "iTransformer": {
      "forecast": {
        "rmse_mean": 223.34922790527344,
        "mae_mean": 179.3677215576172,
        "mape_mean": 63.8367118506596,
        "smape_mean": 42.7819938659668
      },
      "operational": {
        "overload_rate": 4.138593209396262e-05,
        "sla_violation_rate": 4.138593209396262e-05,
        "over_provisioning_cost": 131005976.0,
        "asymmetric_op_cost": 131008064.0,
        "u_max_mean": 0.734647274017334,
        "u_max_max": 1.4667750597000122
      }
    }
  }
}