{
  "seed": 13,
  "dataset": "abilene",
  "loss": "asym_l1",
  "T_eff": 9606,
  "num_links": 54,
  "models": {
    "DLinear": {
      "forecast": {
        "rmse_mean": 54.89668273925781,
        "mae_mean": 28.67178726196289,
        "mape_mean": 16.002607619320905,
        "smape_mean": 14.026515007019043
      },
      "operational": {
        "overload_rate": 5.783422398038263e-06,
        "sla_violation_rate": 5.783422398038263e-06,
        "over_provisioning_cost": 1186866944.0,
        "asymmetric_op_cost": 1186867072.0,
        "u_max_mean": 0.8704152703285217,
        "u_max_max": 1.0199204683303833
      }
    },
    "iTransformer": {
      "forecast": {
        "rmse_mean": 77.65434265136719,
        "mae_mean": 33.64937210083008,
        "mape_mean": 17.801335237644338,
        "smape_mean": 14.609245300292969
      },
      "operational": {
        "overload_rate": 0.0,
        "sla_violation_rate": 0.0,
        "over_provisioning_cost": 1580839168.0,
        "asymmetric_op_cost": 1580839168.0,
        "u_max_mean": 0.6605082154273987,
        "u_max_max": 0.8236598372459412
      }
    }
  }
}