{
  "seed": 42,
  "dataset": "abilene",
  "loss": "asym",
  "T_eff": 9606,
  "num_links": 54,
  "models": {
    "LSTM": {
      "forecast": {
        "rmse_mean": 168.55882263183594,
        "mae_mean": 106.52420043945312,
        "mape_mean": 55.123260745295774,
        "smape_mean": 38.84762954711914
      },
      "operational": {
        "overload_rate": 0.05428705824291916,
        "sla_violation_rate": 0.05428705824291916,
        "over_provisioning_cost": 476168192.0,
        "asymmetric_op_cost": 507604768.0,
        "u_max_mean": 2.1260461807250977,
        "u_max_max": 7.5528693199157715
      }
    },
    "LSTM_CQR": {
      "forecast": {
        "rmse_mean": null,
        "mae_mean": null,
        "mape_mean": null,
        "smape_mean": null
      },
      "operational": {
        "overload_rate": 0.041278213462265095,
        "sla_violation_rate": 0.041278213462265095,
        "over_provisioning_cost": 614697053.6834127,
        "asymmetric_op_cost": 640546560.7758886,
        "u_max_mean": 1.8201470106737376,
        "u_max_max": 6.681269220145955
      },
      "calibration": {
        "method": "cqr",
        "target_alpha": 0.2,
        "qhat_mean": 33.19594569780208,
        "qhat_per_link": [
          0.6325079202651978,
          -0.147324800491333,
          37.25355529785156,
          7.801158905029297,
          55.889892578125,
          47.4071044921875,
          53.085693359375,
          60.519287109375,
          -14.441696166992188,
          8.901878356933594,
          44.984310150146484,
          4.9574174880981445,
          18.90176773071289,
          8.35708999633789,
          135.51910400390625,
          6.236724853515625,
          6.36370849609375,
          -6.384407043457031,
          67.31442260742188,
          44.10842514038086,
          33.08807373046875,
          71.19735717773438,
          86.66012573242188,
          40.21648406982422,
          -28.758438110351562,
          4.235771179199219,
          11.540534973144531,
          7.174959182739258,
          63.19828796386719,
          41.9195556640625,
          0.6478064060211182,
          -0.12749958038330078,
          13.763450622558594,
          37.25694274902344,
          15.69049072265625,
          119.59518432617188,
          18.015823364257812,
          28.28009033203125,
          14.575706481933594,
          7.870849609375,
          77.18391418457031,
          50.05055236816406,
          7.023323059082031,
          11.620697021484375,
          84.34941101074219,
          4.9773712158203125,
          120.08238220214844,
          46.094573974609375,
          6.109375,
          -7.85276985168457,
          9.313308715820312,
          6.118927001953125,
          84.064697265625,
          120.14312744140625
        ],
        "coverage_overall": 0.7565294838873852,
        "mean_width": 221.1196746826172
      }
    },
    "LSTM_ACI": {
      "forecast": {
        "rmse_mean": null,
        "mae_mean": null,
        "mape_mean": null,
        "smape_mean": null
      },
      "operational": {
        "overload_rate": 0.0016232138863827392,
        "sla_violation_rate": 0.0016232138863827392,
        "over_provisioning_cost": 809568293.9058572,
        "asymmetric_op_cost": 810265600.366438,
        "u_max_mean": 1.318247408648567,
        "u_max_max": 4.382195296089296
      },
      "calibration": {
        "method": "aci",
        "target_alpha": 0.2,
        "gamma": 0.005,
        "window": 500,
        "qhat_mean": 68.36210812462701,
        "alpha_final_mean": 0.1834446666666667,
        "coverage_overall": 0.7892096760512334,
        "mean_width": 260.0307312011719
      }
    }
  },
  "calibration": "both",
  "target_alpha": 0.2
}