{
  "seed": 2,
  "dataset": "geant",
  "loss": "asym",
  "T_eff": 2083,
  "num_links": 58,
  "models": {
    "LSTM": {
      "forecast": {
        "rmse_mean": 3319.271240234375,
        "mae_mean": 3276.9560546875,
        "mape_mean": 1178.9862640643942,
        "smape_mean": 133.40142822265625
      },
      "operational": {
        "overload_rate": 0.2858774645322562,
        "sla_violation_rate": 0.2858774645322562,
        "over_provisioning_cost": 305444928.0,
        "asymmetric_op_cost": 1018705088.0,
        "u_max_mean": 210488797429760.0,
        "u_max_max": 2641998397833216.0
      }
    },
    "LSTM_CQR": {
      "forecast": {
        "rmse_mean": null,
        "mae_mean": null,
        "mape_mean": null,
        "smape_mean": null
      },
      "operational": {
        "overload_rate": 0.008177860181767013,
        "sla_violation_rate": 0.008177860181767013,
        "over_provisioning_cost": 266512275.28683078,
        "asymmetric_op_cost": 266874241.61289108,
        "u_max_mean": 0.7185622137475858,
        "u_max_max": 2.243690453868367
      },
      "calibration": {
        "method": "cqr",
        "target_alpha": 0.1,
        "qhat_mean": 984.0658713517518,
        "qhat_per_link": [
          563.4505615234375,
          -35.79376220703125,
          2605.248291015625,
          66.94259643554688,
          600.1761474609375,
          3126.938720703125,
          8408.421875,
          2097.064697265625,
          3389.27197265625,
          325.86224365234375,
          1044.858642578125,
          1794.606201171875,
          -149.86331176757812,
          2380.021484375,
          -439.42059326171875,
          2357.61767578125,
          490.3185119628906,
          35.13346862792969,
          1511.0545654296875,
          650.3934326171875,
          -1603.0955810546875,
          -1685.84228515625,
          342.24359130859375,
          2014.4764404296875,
          775.7391967773438,
          69.96670532226562,
          1184.712158203125,
          152.81057739257812,
          3381.38916015625,
          141.033203125,
          46.49570083618164,
          -402.9986877441406,
          383.7916259765625,
          17.149505615234375,
          1355.658935546875,
          1398.92333984375,
          6218.71337890625,
          -111.58250427246094,
          11.042806625366211,
          1876.0831298828125,
          -8.78375244140625,
          0.2399967908859253,
          123.29927825927734,
          5771.25830078125,
          -33.3800048828125,
          124.58824157714844,
          2.985137939453125,
          67.0638427734375,
          -48.67230987548828,
          2.94864559173584,
          -28.063077926635742,
          3766.700927734375,
          -12.31402587890625,
          6.174365997314453,
          -2.7310190200805664,
          38.27464294433594,
          684.808837890625,
          232.40869140625
        ],
        "coverage_overall": 0.9071299683811479,
        "mean_width": 3348.073974609375
      }
    },
    "LSTM_ACI": {
      "forecast": {
        "rmse_mean": null,
        "mae_mean": null,
        "mape_mean": null,
        "smape_mean": null
      },
      "operational": {
        "overload_rate": 0.0008856589468108001,
        "sla_violation_rate": 0.0008856589468108001,
        "over_provisioning_cost": 254005159.8689927,
        "asymmetric_op_cost": 254016242.2152413,
        "u_max_mean": 0.6638605973513294,
        "u_max_max": 1.9990058280975862
      },
      "calibration": {
        "method": "aci",
        "target_alpha": 0.1,
        "gamma": 0.005,
        "window": 500,
        "qhat_mean": 640.9159344850943,
        "alpha_final_mean": 0.13729351724137936,
        "coverage_overall": 0.8791448010992103,
        "mean_width": 2724.04296875
      }
    }
  },
  "calibration": "both",
  "target_alpha": 0.1
}