{
  "seed": 8191,
  "dataset": "geant",
  "loss": "asym",
  "T_eff": 2083,
  "num_links": 58,
  "models": {
    "LSTM": {
      "forecast": {
        "rmse_mean": 2445.93798828125,
        "mae_mean": 2344.8251953125,
        "mape_mean": 868.4716419022659,
        "smape_mean": 129.73829650878906
      },
      "operational": {
        "overload_rate": 0.0654394358269737,
        "sla_violation_rate": 0.0654394358269737,
        "over_provisioning_cost": 491321728.0,
        "asymmetric_op_cost": 513426720.0,
        "u_max_mean": 0.7955476641654968,
        "u_max_max": 7.71043062210083
      }
    },
    "LSTM_CQR": {
      "forecast": {
        "rmse_mean": null,
        "mae_mean": null,
        "mape_mean": null,
        "smape_mean": null
      },
      "operational": {
        "overload_rate": 0.0074908537090072344,
        "sla_violation_rate": 0.0074908537090072344,
        "over_provisioning_cost": 317370172.7501229,
        "asymmetric_op_cost": 317738392.3878697,
        "u_max_mean": 0.6826676903699758,
        "u_max_max": 2.2895693809716477
      },
      "calibration": {
        "method": "cqr",
        "target_alpha": 0.1,
        "qhat_mean": -154.54112370363598,
        "qhat_per_link": [
          1113.706787109375,
          185.793701171875,
          -3633.9921875,
          241.49046325683594,
          1038.8905029296875,
          -839.1064453125,
          -8750.1083984375,
          -1694.8712158203125,
          1739.6297607421875,
          5077.2412109375,
          -61.2314453125,
          -966.8189086914062,
          -463.85107421875,
          -2582.42041015625,
          -468.4718017578125,
          5903.46826171875,
          278.3121032714844,
          -58.88218688964844,
          1246.99267578125,
          -2237.705810546875,
          2265.395751953125,
          410.0150451660156,
          373.18505859375,
          -5556.27685546875,
          666.5335693359375,
          63.16009521484375,
          1568.4677734375,
          -930.204345703125,
          7462.185546875,
          -402.3165283203125,
          35.18745422363281,
          -1127.733642578125,
          189.6732177734375,
          5.574820518493652,
          1528.280517578125,
          -7842.9033203125,
          -153.11370849609375,
          -97.33645629882812,
          9.456436157226562,
          -1570.531494140625,
          79.55599975585938,
          0.46162956953048706,
          44.97783279418945,
          5109.11279296875,
          255.6222686767578,
          188.64773559570312,
          5.5534515380859375,
          792.3871459960938,
          -25.729476928710938,
          -1.1172864437103271,
          152.93666076660156,
          -6072.0693359375,
          383.6389465332031,
          -15.063789367675781,
          15.633438110351562,
          10.29924201965332,
          -126.6097412109375,
          -1726.38720703125
        ],
        "coverage_overall": 0.9270448789047627,
        "mean_width": 3883.145751953125
      }
    },
    "LSTM_ACI": {
      "forecast": {
        "rmse_mean": null,
        "mae_mean": null,
        "mape_mean": null,
        "smape_mean": null
      },
      "operational": {
        "overload_rate": 0.0009849851838363104,
        "sla_violation_rate": 0.0009849851838363104,
        "over_provisioning_cost": 301798286.56308734,
        "asymmetric_op_cost": 301809776.2587985,
        "u_max_mean": 0.6441264976848289,
        "u_max_max": 2.2625700727508957
      },
      "calibration": {
        "method": "aci",
        "target_alpha": 0.1,
        "gamma": 0.005,
        "window": 500,
        "qhat_mean": -356.59147768287824,
        "alpha_final_mean": 0.12749182758620695,
        "coverage_overall": 0.8780108265598358,
        "mean_width": 3452.764404296875
      }
    }
  },
  "calibration": "both",
  "target_alpha": 0.1
}