{
  "num_seeds": 5,
  "seeds": [
    42,
    123,
    456,
    789,
    1024
  ],
  "dataset": "abilene",
  "loss": "asym_l1",
  "per_seed": [
    {
      "seed": 42,
      "dataset": "abilene",
      "loss": "asym_l1",
      "T_eff": 9606,
      "num_links": 54,
      "models": {
        "LSTM": {
          "forecast": {
            "rmse_mean": 99.84223175048828,
            "mae_mean": 36.33720779418945,
            "mape_mean": 14.228038019604153,
            "smape_mean": 14.311738967895508
          },
          "operational": {
            "overload_rate": 0.016743007842320773,
            "sla_violation_rate": 0.016743007842320773,
            "over_provisioning_cost": 713367040.0,
            "asymmetric_op_cost": 716936064.0,
            "u_max_mean": 1.4959806203842163,
            "u_max_max": 3.6393134593963623
          }
        }
      }
    },
    {
      "seed": 123,
      "dataset": "abilene",
      "loss": "asym_l1",
      "T_eff": 9606,
      "num_links": 54,
      "models": {
        "LSTM": {
          "forecast": {
            "rmse_mean": 94.46286010742188,
            "mae_mean": 35.017242431640625,
            "mape_mean": 14.361238285347268,
            "smape_mean": 14.015076637268066
          },
          "operational": {
            "overload_rate": 0.014429638883105467,
            "sla_violation_rate": 0.014429638883105467,
            "over_provisioning_cost": 747109568.0,
            "asymmetric_op_cost": 749183296.0,
            "u_max_mean": 1.4385454654693604,
            "u_max_max": 3.532355785369873
          }
        }
      }
    },
    {
      "seed": 456,
      "dataset": "abilene",
      "loss": "asym_l1",
      "T_eff": 9606,
      "num_links": 54,
      "models": {
        "LSTM": {
          "forecast": {
            "rmse_mean": 88.40497589111328,
            "mae_mean": 35.08176803588867,
            "mape_mean": 14.667136713310525,
            "smape_mean": 14.777044296264648
          },
          "operational": {
            "overload_rate": 0.015717414270401988,
            "sla_violation_rate": 0.015717414270401988,
            "over_provisioning_cost": 820074880.0,
            "asymmetric_op_cost": 821807040.0,
            "u_max_mean": 1.43342924118042,
            "u_max_max": 3.7393949031829834
          }
        }
      }
    },
    {
      "seed": 789,
      "dataset": "abilene",
      "loss": "asym_l1",
      "T_eff": 9606,
      "num_links": 54,
      "models": {
        "LSTM": {
          "forecast": {
            "rmse_mean": 94.57347106933594,
            "mae_mean": 37.46871566772461,
            "mape_mean": 15.188105971724898,
            "smape_mean": 14.956903457641602
          },
          "operational": {
            "overload_rate": 0.017955598738442793,
            "sla_violation_rate": 0.017955598738442793,
            "over_provisioning_cost": 695659072.0,
            "asymmetric_op_cost": 698796096.0,
            "u_max_mean": 1.5022059679031372,
            "u_max_max": 3.960731267929077
          }
        }
      }
    },
    {
      "seed": 1024,
      "dataset": "abilene",
      "loss": "asym_l1",
      "T_eff": 9606,
      "num_links": 54,
      "models": {
        "LSTM": {
          "forecast": {
            "rmse_mean": 92.57550048828125,
            "mae_mean": 35.765682220458984,
            "mape_mean": 14.003764187848127,
            "smape_mean": 14.21137809753418
          },
          "operational": {
            "overload_rate": 0.017317494467192572,
            "sla_violation_rate": 0.017317494467192572,
            "over_provisioning_cost": 799660608.0,
            "asymmetric_op_cost": 801453888.0,
            "u_max_mean": 1.4126280546188354,
            "u_max_max": 3.8933908939361572
          }
        }
      }
    }
  ],
  "models": {
    "LSTM": {
      "forecast": {
        "rmse_mean": {
          "mean": 93.97180786132813,
          "std": 3.687934381935703,
          "min": 88.40497589111328,
          "max": 99.84223175048828,
          "values": [
            99.84223175048828,
            94.46286010742188,
            88.40497589111328,
            94.57347106933594,
            92.57550048828125
          ]
        },
        "mae_mean": {
          "mean": 35.93412322998047,
          "std": 0.9069733474400713,
          "min": 35.017242431640625,
          "max": 37.46871566772461,
          "values": [
            36.33720779418945,
            35.017242431640625,
            35.08176803588867,
            37.46871566772461,
            35.765682220458984
          ]
        },
        "mape_mean": {
          "mean": 14.489656635566996,
          "std": 0.4099652904373656,
          "min": 14.003764187848127,
          "max": 15.188105971724898,
          "values": [
            14.228038019604153,
            14.361238285347268,
            14.667136713310525,
            15.188105971724898,
            14.003764187848127
          ]
        },
        "smape_mean": {
          "mean": 14.4544282913208,
          "std": 0.35469025784568725,
          "min": 14.015076637268066,
          "max": 14.956903457641602,
          "values": [
            14.311738967895508,
            14.015076637268066,
            14.777044296264648,
            14.956903457641602,
            14.21137809753418
          ]
        }
      },
      "operational": {
        "overload_rate": {
          "mean": 0.016432630840292718,
          "std": 0.0012427598531331,
          "min": 0.014429638883105467,
          "max": 0.017955598738442793,
          "values": [
            0.016743007842320773,
            0.014429638883105467,
            0.015717414270401988,
            0.017955598738442793,
            0.017317494467192572
          ]
        },
        "sla_violation_rate": {
          "mean": 0.016432630840292718,
          "std": 0.0012427598531331,
          "min": 0.014429638883105467,
          "max": 0.017955598738442793,
          "values": [
            0.016743007842320773,
            0.014429638883105467,
            0.015717414270401988,
            0.017955598738442793,
            0.017317494467192572
          ]
        },
        "over_provisioning_cost": {
          "mean": 755174233.6,
          "std": 48054273.771677434,
          "min": 695659072.0,
          "max": 820074880.0,
          "values": [
            713367040.0,
            747109568.0,
            820074880.0,
            695659072.0,
            799660608.0
          ]
        },
        "asymmetric_op_cost": {
          "mean": 757635276.8,
          "std": 47387755.757984534,
          "min": 698796096.0,
          "max": 821807040.0,
          "values": [
            716936064.0,
            749183296.0,
            821807040.0,
            698796096.0,
            801453888.0
          ]
        },
        "u_max_mean": {
          "mean": 1.4565578699111938,
          "std": 0.035852784989462524,
          "min": 1.4126280546188354,
          "max": 1.5022059679031372,
          "values": [
            1.4959806203842163,
            1.4385454654693604,
            1.43342924118042,
            1.5022059679031372,
            1.4126280546188354
          ]
        },
        "u_max_max": {
          "mean": 3.7530372619628904,
          "std": 0.15789583493994672,
          "min": 3.532355785369873,
          "max": 3.960731267929077,
          "values": [
            3.6393134593963623,
            3.532355785369873,
            3.7393949031829834,
            3.960731267929077,
            3.8933908939361572
          ]
        }
      }
    }
  }
}