{
  "seed": 123,
  "dataset": "geant",
  "loss": "asym",
  "T_eff": 2083,
  "num_links": 58,
  "models": {
    "LSTM": {
      "forecast": {
        "rmse_mean": 2637.07275390625,
        "mae_mean": 2594.047607421875,
        "mape_mean": 1057.934678603863,
        "smape_mean": 118.82240295410156
      },
      "operational": {
        "overload_rate": 0.12160014567848097,
        "sla_violation_rate": 0.12160014567848097,
        "over_provisioning_cost": 429429408.0,
        "asymmetric_op_cost": 501418880.0,
        "u_max_mean": 26013547364352.0,
        "u_max_max": 1093671411777536.0
      }
    }
  }
}