{
  "seed": 99,
  "dataset": "abilene",
  "loss": "asym_l1",
  "T_eff": 9606,
  "num_links": 54,
  "models": {
    "DLinear": {
      "forecast": {
        "rmse_mean": 78.093994140625,
        "mae_mean": 43.58080291748047,
        "mape_mean": 22.445112952479608,
        "smape_mean": 18.92732810974121
      },
      "operational": {
        "overload_rate": 0.0,
        "sla_violation_rate": 0.0,
        "over_provisioning_cost": 1340772096.0,
        "asymmetric_op_cost": 1340772096.0,
        "u_max_mean": 0.8246192932128906,
        "u_max_max": 0.9837270975112915
      }
    },
    "iTransformer": {
      "forecast": {
        "rmse_mean": 96.15997314453125,
        "mae_mean": 46.9896240234375,
        "mape_mean": 25.096805448885316,
        "smape_mean": 19.349966049194336
      },
      "operational": {
        "overload_rate": 0.0,
        "sla_violation_rate": 0.0,
        "over_provisioning_cost": 1467086080.0,
        "asymmetric_op_cost": 1467086080.0,
        "u_max_mean": 0.73459792137146,
        "u_max_max": 0.894843339920044
      }
    }
  }
}