{
  "seed": 99,
  "dataset": "abilene",
  "loss": "asym_l1",
  "T_eff": 9606,
  "num_links": 54,
  "models": {
    "LSTM": {
      "forecast": {
        "rmse_mean": 177.21690368652344,
        "mae_mean": 149.49050903320312,
        "mape_mean": 85.97820147761593,
        "smape_mean": 52.02177047729492
      },
      "operational": {
        "overload_rate": 0.032795860611808975,
        "sla_violation_rate": 0.032795860611808975,
        "over_provisioning_cost": 697377856.0,
        "asymmetric_op_cost": 763260992.0,
        "u_max_mean": 1.6488678455352783,
        "u_max_max": 5.863845348358154
      }
    }
  }
}