{
  "seed": 42,
  "dataset": "geant",
  "loss": "asym",
  "T_eff": 2083,
  "num_links": 58,
  "models": {
    "LSTM": {
      "forecast": {
        "rmse_mean": 3589.273193359375,
        "mae_mean": 3544.595458984375,
        "mape_mean": 1427.6997861862183,
        "smape_mean": 136.87232971191406
      },
      "operational": {
        "overload_rate": 0.07038919330541163,
        "sla_violation_rate": 0.07038919330541163,
        "over_provisioning_cost": 554785536.0,
        "asymmetric_op_cost": 650998016.0,
        "u_max_mean": 80502442688512.0,
        "u_max_max": 2641998397833216.0
      }
    },
    "LSTM_CQR": {
      "forecast": {
        "rmse_mean": null,
        "mae_mean": null,
        "mape_mean": null,
        "smape_mean": null
      },
      "operational": {
        "overload_rate": 0.003790951379806976,
        "sla_violation_rate": 0.003790951379806976,
        "over_provisioning_cost": 395952290.1388253,
        "asymmetric_op_cost": 396085550.44798267,
        "u_max_mean": 0.598441031297603,
        "u_max_max": 1.6890968622511995
      },
      "calibration": {
        "method": "cqr",
        "target_alpha": 0.05,
        "qhat_mean": 819.9651037413498,
        "qhat_per_link": [
          1157.884765625,
          712.6502075195312,
          4299.95556640625,
          663.723876953125,
          2384.3662109375,
          -447.1397399902344,
          410.3203125,
          -739.2844848632812,
          1554.8367919921875,
          2095.090576171875,
          667.6651611328125,
          947.0530395507812,
          -952.2242431640625,
          3975.091552734375,
          1446.755859375,
          3312.3505859375,
          -51.04766845703125,
          -155.11874389648438,
          669.626220703125,
          762.1947021484375,
          2022.006103515625,
          156.21807861328125,
          367.5209655761719,
          6685.423828125,
          -417.7093505859375,
          24.48028564453125,
          736.9493408203125,
          1323.9033203125,
          -2991.228515625,
          185.9146728515625,
          31.055683135986328,
          2500.95654296875,
          205.78536987304688,
          24.950069427490234,
          1117.9920654296875,
          5910.61279296875,
          1154.17236328125,
          9.724365234375,
          3.9101486206054688,
          -1023.15673828125,
          32.83648681640625,
          0.8045161962509155,
          -46.761009216308594,
          329.7509765625,
          -532.654296875,
          180.64808654785156,
          6.427171230316162,
          1027.1766357421875,
          132.7191619873047,
          1.653004765510559,
          71.69210052490234,
          4040.637451171875,
          -322.046630859375,
          3.6074981689453125,
          8.32837200164795,
          16.58247947692871,
          173.04544067382812,
          1689.296630859375
        ],
        "coverage_overall": 0.9333107090237887,
        "mean_width": 4147.80419921875
      }
    },
    "LSTM_ACI": {
      "forecast": {
        "rmse_mean": null,
        "mae_mean": null,
        "mape_mean": null,
        "smape_mean": null
      },
      "operational": {
        "overload_rate": 0.0004883539987087589,
        "sla_violation_rate": 0.0004883539987087589,
        "over_provisioning_cost": 389805272.5559205,
        "asymmetric_op_cost": 389809422.4395579,
        "u_max_mean": 0.5795301624107606,
        "u_max_max": 1.5443620309621233
      },
      "calibration": {
        "method": "aci",
        "target_alpha": 0.05,
        "gamma": 0.005,
        "window": 500,
        "qhat_mean": 640.3120974775019,
        "alpha_final_mean": 0.06286708620689671,
        "coverage_overall": 0.9378134984356118,
        "mean_width": 3720.822265625
      }
    }
  },
  "calibration": "both",
  "target_alpha": 0.05
}