{
  "ratios": [
    "1:1",
    "2:1",
    "5:1",
    "10:1",
    "20:1",
    "100:1"
  ],
  "models": [
    "LSTM"
  ],
  "per_model": {
    "LSTM": [
      {
        "ratio": "1:1",
        "alpha": 1.0,
        "beta": 1.0,
        "overload_rate": 0.2912675683281739,
        "over_provisioning_cost": 143821227.4,
        "asymmetric_op_cost": 190111208.0,
        "rmse_mean": 1334.0231048583985,
        "overload_rate_values": [
          0.17993775555813069,
          0.28163954508583444,
          0.2569073120664824,
          0.30710017051004024,
          0.2513284884202162,
          0.29736619928154023,
          0.26617776085552997,
          0.34903239690764315,
          0.13111891006009238,
          0.32742066316817586,
          0.19213005115301207,
          0.4028092770705382,
          0.13148310626251924,
          0.3716787789494595,
          0.42363467810022015,
          0.3430893770589501,
          0.2875163474431771,
          0.3709338321717682,
          0.19712947174996276,
          0.4569172446901849
        ]
      },
      {
        "ratio": "2:1",
        "alpha": 2.0,
        "beta": 1.0,
        "overload_rate": 0.26894523813465326,
        "over_provisioning_cost": 159722124.0,
        "asymmetric_op_cost": 233472198.4,
        "rmse_mean": 1336.0891052246093,
        "overload_rate_values": [
          0.2899415630638833,
          0.299849355207178,
          0.27117718145248065,
          0.22636449418113794,
          0.2920605227870942,
          0.20712831294386413,
          0.3031685069611138,
          0.34693826874368866,
          0.15182015329349247,
          0.1964259109043654,
          0.12186501564388233,
          0.15835913056433856,
          0.3201864022381512,
          0.34734385087820946,
          0.20223649577035774,
          0.3149138344893804,
          0.28264936182892714,
          0.41748472859105734,
          0.24882050093532207,
          0.38017117221514063
        ]
      },
      {
        "ratio": "5:1",
        "alpha": 5.0,
        "beta": 1.0,
        "overload_rate": 0.2367676759315973,
        "over_provisioning_cost": 219712003.2,
        "asymmetric_op_cost": 402478148.8,
        "rmse_mean": 1718.720785522461,
        "overload_rate_values": [
          0.23962454682404358,
          0.1930653732183356,
          0.25311636068667537,
          0.27540682371248365,
          0.1866753853030278,
          0.07239227241875941,
          0.276549075438277,
          0.34215405499362656,
          0.21316238184316388,
          0.1451487410399457,
          0.20470309732315792,
          0.10133759332527688,
          0.37911996953995397,
          0.34647474630423625,
          0.19802340788319234,
          0.3207244193553727,
          0.2460062575529326,
          0.34205472875660103,
          0.20771599317959838,
          0.19189828993328586
        ]
      },
      {
        "ratio": "10:1",
        "alpha": 10.0,
        "beta": 1.0,
        "overload_rate": 0.1606519112023441,
        "over_provisioning_cost": 254718391.2,
        "asymmetric_op_cost": 464998539.2,
        "rmse_mean": 1712.1692443847655,
        "overload_rate_values": [
          0.08916185210323307,
          0.022522224245534458,
          0.08567715662092142,
          0.22029731653616302,
          0.15282169285016636,
          0.07980863144999752,
          0.1647408412932276,
          0.309823364841823,
          0.14182131209959112,
          0.15605807273991426,
          0.1253331567533564,
          0.06275762742728491,
          0.2022778817024517,
          0.15451851606601885,
          0.2456917244690185,
          0.26756832817388715,
          0.17653583194000697,
          0.2548297382753654,
          0.15439435826973696,
          0.14639859618918338
        ]
      },
      {
        "ratio": "20:1",
        "alpha": 20.0,
        "beta": 1.0,
        "overload_rate": 0.11815559455030045,
        "over_provisioning_cost": 324191948.0,
        "asymmetric_op_cost": 699851838.4,
        "rmse_mean": 2041.5872009277343,
        "overload_rate_values": [
          0.04770142533150132,
          0.18660916781167747,
          0.02843213534855232,
          0.22225900971741686,
          0.12549042329531346,
          0.04011952257188736,
          0.09306868409290314,
          0.2574618835565415,
          0.1051699306371778,
          0.03278593540483719,
          0.1216746403562501,
          0.03822404688198388,
          0.05721191252669393,
          0.16445941695498867,
          0.20563841938848146,
          0.19028423858162133,
          0.15288791034151672,
          0.1455791547337229,
          0.06936282218948135,
          0.07869121128346053
        ]
      },
      {
        "ratio": "100:1",
        "alpha": 100.0,
        "beta": 1.0,
        "overload_rate": 0.08092977635042296,
        "over_provisioning_cost": 563581641.6,
        "asymmetric_op_cost": 1682796537.6,
        "rmse_mean": 3384.420819091797,
        "overload_rate_values": [
          0.12196434188090784,
          0.0838147896766931,
          0.06838611419206383,
          0.07347658383962123,
          0.036386511497011935,
          0.023598258479977485,
          0.14000033108745674,
          0.16394623139702352,
          0.049207873259721556,
          0.018466402900326122,
          0.038820004304136936,
          0.048156670584534905,
          0.11881901104176669,
          0.07376628536427897,
          0.06985117618819012,
          0.15576837121525652,
          0.13755028390749416,
          0.07571970135911402,
          0.06834472825996987,
          0.05255185657291374
        ]
      }
    ]
  },
  "mse_baseline": {
    "LSTM": {
      "overload_rate": 0.1863881669342957,
      "over_provisioning_cost": 326443222.4,
      "asymmetric_op_cost": 363919019.2,
      "rmse_mean": 2300.0138305664063
    }
  }
}