{
  "ratios": [
    "1:1",
    "2:1",
    "5:1",
    "10:1",
    "20:1",
    "100:1"
  ],
  "models": [
    "DLinear",
    "iTransformer"
  ],
  "per_model": {
    "DLinear": [
      {
        "ratio": "1:1",
        "alpha": 1.0,
        "beta": 1.0,
        "overload_rate": 0.053107255781614716,
        "over_provisioning_cost": 45524390.0,
        "asymmetric_op_cost": 46722890.6,
        "rmse_mean": 176.40017395019532,
        "overload_rate_values": [
          0.052816726538315095,
          0.0663168175873657,
          0.03964772294601619,
          0.04949757478437929,
          0.06082076580528747,
          0.03928352674358932,
          0.06701210124654428,
          0.060920092042312975,
          0.08263115201880576,
          0.050225967189233035,
          0.033630208419554025,
          0.04686542950320327,
          0.05270912311487079,
          0.06339497078153195,
          0.03511182478851789,
          0.06154088102372242,
          0.035004221365073585,
          0.06887446819077259,
          0.04790835499197113,
          0.047933186551227504
        ]
      },
      {
        "ratio": "2:1",
        "alpha": 2.0,
        "beta": 1.0,
        "overload_rate": 0.013682189150264043,
        "over_provisioning_cost": 57629062.6,
        "asymmetric_op_cost": 58060304.8,
        "rmse_mean": 131.38301124572754,
        "overload_rate_values": [
          0.019095469068154354,
          0.013111063287367358,
          0.015254854569834622,
          0.008244077673117354,
          0.02863078782260334,
          0.013789792573708345,
          0.014013276607015743,
          0.00980846590626914,
          0.01626467131292731,
          0.012515105865214296,
          0.008186137368185806,
          0.020080454251990662,
          0.009618090618636914,
          0.012647540847914977,
          0.009667753737149669,
          0.010851391395037,
          0.01613223633022663,
          0.013044845796017017,
          0.012217127154137766,
          0.010470640819772543
        ]
      },
      {
        "ratio": "5:1",
        "alpha": 5.0,
        "beta": 1.0,
        "overload_rate": 0.004918304170046519,
        "over_provisioning_cost": 68830388.6,
        "asymmetric_op_cost": 69092994.6,
        "rmse_mean": 162.62459487915038,
        "overload_rate_values": [
          0.0036336848378499182,
          0.005098746833976195,
          0.005363616799377555,
          0.0055705464598473685,
          0.005744367374642012,
          0.005107024020394988,
          0.0035343586008244076,
          0.004883539987087589,
          0.004527620971079511,
          0.004221365073584187,
          0.005272567748770838,
          0.005413279917890311,
          0.00416342476865264,
          0.0057857533067359745,
          0.005231181816676875,
          0.0038323373119009386,
          0.0056450411376165015,
          0.004469680666147963,
          0.0051235783932325725,
          0.005744367374642012
        ]
      },
      {
        "ratio": "10:1",
        "alpha": 10.0,
        "beta": 1.0,
        "overload_rate": 0.0034991805585445394,
        "over_provisioning_cost": 82909903.6,
        "asymmetric_op_cost": 83146473.6,
        "rmse_mean": 189.13077621459962,
        "overload_rate_values": [
          0.0018871985034846954,
          0.0016554372837585048,
          0.002400384061449832,
          0.002607313721919645,
          0.002971509924346516,
          0.0020610194182793386,
          0.0026155909083384376,
          0.0023258893836806994,
          0.003095667720628404,
          0.0066796894399655665,
          0.0022679490787491517,
          0.021131656927177313,
          0.001969970367672621,
          0.0026486996540136076,
          0.001969970367672621,
          0.001895475689903488,
          0.002301057824424322,
          0.0019948019269289984,
          0.002574204976244475,
          0.0029301239922525533
        ]
      },
      {
        "ratio": "20:1",
        "alpha": 20.0,
        "beta": 1.0,
        "overload_rate": 0.005432317446653534,
        "over_provisioning_cost": 105655805.2,
        "asymmetric_op_cost": 106677483.2,
        "rmse_mean": 254.54883193969727,
        "overload_rate_values": [
          0.0023589981293558695,
          0.0023424437565182843,
          0.0017299319615276375,
          0.019037528763222806,
          0.0035757445329183705,
          0.011132815733275944,
          0.005222904630258082,
          0.003426755177380105,
          0.003426755177380105,
          0.0017547635207840152,
          0.006481036965914546,
          0.0009932623702551028,
          0.0029301239922525533,
          0.0014650619961262767,
          0.001167083285049746,
          0.002259671892330359,
          0.011290082275233003,
          0.008210968927442185,
          0.0009684308109987254,
          0.018871985034846956
        ]
      },
      {
        "ratio": "100:1",
        "alpha": 100.0,
        "beta": 1.0,
        "overload_rate": 0.01629612462131872,
        "over_provisioning_cost": 219016473.6,
        "asymmetric_op_cost": 257832557.6,
        "rmse_mean": 700.8582397460938,
        "overload_rate_values": [
          0.017820782359660305,
          0.017771119241147548,
          0.018358799476881817,
          0.01842501696823216,
          0.01892164815335971,
          0.02334994288741371,
          0.01724965649676362,
          0.01791183141026702,
          0.0008939361332295926,
          0.01974108960882017,
          0.00046352243945238134,
          0.02249739268627808,
          0.031006340324796794,
          0.0018127038257155627,
          0.017431754597977054,
          0.030195176055755127,
          0.0004055821345208337,
          0.018044266392967703,
          0.020154948929759796,
          0.013466982303375436
        ]
      }
    ],
    "iTransformer": [
      {
        "ratio": "1:1",
        "alpha": 1.0,
        "beta": 1.0,
        "overload_rate": 0.00210364692833612,
        "over_provisioning_cost": 72992011.0,
        "asymmetric_op_cost": 72999557.6,
        "rmse_mean": 51.438303756713864,
        "overload_rate_values": [
          0.0014567848097074843,
          0.0005959574221530617,
          0.0014485076232886916,
          0.0007946098962040823,
          0.0003807505752644561,
          0.0007035608455973646,
          0.0027563030774579106,
          0.00036419620242687106,
          0.0004883539987087589,
          0.0013491813862631815,
          0.0005794030493154767,
          0.001978247554091413,
          0.01761385269919049,
          0.0018375353849719403,
          0.0005711258628966841,
          0.0004966311851275514,
          0.0007201152184349496,
          0.0047676593772244934,
          0.00259075934908206,
          0.0005794030493154767
        ]
      },
      {
        "ratio": "2:1",
        "alpha": 2.0,
        "beta": 1.0,
        "overload_rate": 0.0006311354644329301,
        "over_provisioning_cost": 78736416.0,
        "asymmetric_op_cost": 78738420.8,
        "rmse_mean": 59.64772205352783,
        "overload_rate_values": [
          0.00015726654195705796,
          0.0006456205406658169,
          0.00036419620242687106,
          0.0026900855861075705,
          0.0008111642690416674,
          0.0010925886072806132,
          0.00033936464317049347,
          0.00024003840614498319,
          9.104905060671777e-05,
          0.0003890277616832486,
          0.0004221365073584187,
          0.00025659277898256827,
          0.0005545714900590991,
          0.0007780555233664972,
          0.00019037528763222805,
          0.0019368616219974507,
          0.00022348403330739816,
          0.0004221365073584187,
          0.00019037528763222805,
          0.0008277186418792524
        ]
      },
      {
        "ratio": "5:1",
        "alpha": 5.0,
        "beta": 1.0,
        "overload_rate": 7.283924048537421e-05,
        "over_provisioning_cost": 86510382.4,