{
  "seed": 1,
  "dataset": "cesnet",
  "loss": "asym",
  "T_eff": 7624,
  "num_links": 20,
  "models": {
    "DLinear": {
      "forecast": {
        "rmse_mean": 29.95100975036621,
        "mae_mean": 22.645288467407227,
        "mape_mean": 108.69868125915528,
        "smape_mean": 57.26631546020508
      },
      "operational": {
        "overload_rate": 0.0010296432318992654,
        "sla_violation_rate": 0.0010296432318992654,
        "over_provisioning_cost": 43792264.0,
        "asymmetric_op_cost": 43851468.0,
        "u_max_mean": 1.8929493427276611,
        "u_max_max": 3.2047088146209717
      }
    },
    "iTransformer": {
      "forecast": {
        "rmse_mean": 29.010019302368164,
        "mae_mean": 19.649364471435547,
        "mape_mean": 74.10858364105225,
        "smape_mean": 46.89142608642578
      },
      "operational": {
        "overload_rate": 0.0011673662119622247,
        "sla_violation_rate": 0.0011673662119622247,
        "over_provisioning_cost": 46069896.0,
        "asymmetric_op_cost": 46128692.0,
        "u_max_mean": 1.9891881942749023,
        "u_max_max": 3.1065263748168945
      }
    }
  }
}