{
  "seed": 2,
  "dataset": "geant",
  "loss": "asym",
  "T_eff": 2083,
  "num_links": 58,
  "models": {
    "DLinear": {
      "forecast": {
        "rmse_mean": 14818.970703125,
        "mae_mean": 14808.0810546875,
        "mape_mean": 4896.867262281221,
        "smape_mean": 156.46458435058594
      },
      "operational": {
        "overload_rate": 0.0,
        "sla_violation_rate": 0.0,
        "over_provisioning_cost": 2100151808.0,
        "asymmetric_op_cost": 2100151808.0,
        "u_max_mean": 0.24460746347904205,
        "u_max_max": 0.921598494052887
      }
    },
    "iTransformer": {
      "forecast": {
        "rmse_mean": 138.44264221191406,
        "mae_mean": 108.58129119873047,
        "mape_mean": 40.010607111042944,
        "smape_mean": 30.809419631958008
      },
      "operational": {
        "overload_rate": 0.00010760342344430281,
        "sla_violation_rate": 0.00010760342344430281,
        "over_provisioning_cost": 113105152.0,
        "asymmetric_op_cost": 113111584.0,
        "u_max_mean": 0.8117398619651794,
        "u_max_max": 1.7146821022033691
      }
    }
  }
}