{
  "seed": 7,
  "dataset": "cesnet",
  "loss": "asym",
  "T_eff": 7624,
  "num_links": 20,
  "models": {
    "DLinear": {
      "forecast": {
        "rmse_mean": 24.034679412841797,
        "mae_mean": 13.979408264160156,
        "mape_mean": 53.27473373413086,
        "smape_mean": 38.86249923706055
      },
      "operational": {
        "overload_rate": 0.00304302203567681,
        "sla_violation_rate": 0.00304302203567681,
        "over_provisioning_cost": 33006440.0,
        "asymmetric_op_cost": 33034170.0,
        "u_max_mean": 2.566077709197998,
        "u_max_max": 6.463903427124023
      }
    },
    "iTransformer": {
      "forecast": {
        "rmse_mean": 23.643495559692383,
        "mae_mean": 13.15284252166748,
        "mape_mean": 41.07574434280396,
        "smape_mean": 35.621253967285156
      },
      "operational": {
        "overload_rate": 0.004656348373557188,
        "sla_violation_rate": 0.004656348373557188,
        "over_provisioning_cost": 34701040.0,
        "asymmetric_op_cost": 34734860.0,
        "u_max_mean": 2.8279290199279785,
        "u_max_max": 6.545929431915283
      }
    }
  }
}