{
  "seed": 17,
  "dataset": "abilene",
  "loss": "asym",
  "T_eff": 9606,
  "num_links": 54,
  "models": {
    "LSTM": {
      "forecast": {
        "rmse_mean": 154.01197814941406,
        "mae_mean": 98.12589263916016,
        "mape_mean": 54.85651339424981,
        "smape_mean": 38.771087646484375
      },
      "operational": {
        "overload_rate": 0.06289857419359814,
        "sla_violation_rate": 0.06289857419359814,
        "over_provisioning_cost": 456458560.0,
        "asymmetric_op_cost": 488295008.0,
        "u_max_mean": 2.181342601776123,
        "u_max_max": 7.101405143737793
      }
    },
    "LSTM_CQR": {
      "forecast": {
        "rmse_mean": null,
        "mae_mean": null,
        "mape_mean": null,
        "smape_mean": null
      },
      "operational": {
        "overload_rate": 0.0396164434265621,
        "sla_violation_rate": 0.0396164434265621,
        "over_provisioning_cost": 637094191.6573077,
        "asymmetric_op_cost": 664493889.0513974,
        "u_max_mean": 1.8076324618765651,
        "u_max_max": 7.1316232331905995
      },
      "calibration": {
        "method": "cqr",
        "target_alpha": 0.2,
        "qhat_mean": 35.68772936971099,
        "qhat_per_link": [
          0.38101768493652344,
          -0.1323564052581787,
          52.74256896972656,
          9.342464447021484,
          48.92218017578125,
          69.46279907226562,
          60.97621154785156,
          60.973175048828125,
          16.384689331054688,
          9.844184875488281,
          43.889827728271484,
          1.8776397705078125,
          27.493370056152344,
          9.657184600830078,
          94.22482299804688,
          52.9835205078125,
          56.288818359375,
          -13.521503448486328,
          83.452392578125,
          27.711471557617188,
          38.06132507324219,
          85.23611450195312,
          69.24198913574219,
          49.04289245605469,
          15.045059204101562,
          10.07498550415039,
          20.7825927734375,
          6.792995452880859,
          77.61073303222656,
          43.291717529296875,
          0.2772775888442993,
          0.00976252555847168,
          12.818878173828125,
          34.46600341796875,
          15.44818115234375,
          105.8009033203125,
          3.2371368408203125,
          26.244163513183594,
          6.211948394775391,
          -17.615478515625,
          56.73756408691406,
          51.41679382324219,
          6.370487213134766,
          16.609012603759766,
          82.70387268066406,
          32.843017578125,
          98.16386413574219,
          42.614532470703125,
          8.679283142089844,
          -1.1755104064941406,
          22.78326416015625,
          12.321487426757812,
          82.17391967773438,
          99.86213684082031
        ],
        "coverage_overall": 0.7717206067195657,
        "mean_width": 226.48199462890625
      }
    },
    "LSTM_ACI": {
      "forecast": {
        "rmse_mean": null,
        "mae_mean": null,
        "mape_mean": null,
        "smape_mean": null
      },
      "operational": {
        "overload_rate": 0.0014709170965677316,
        "sla_violation_rate": 0.0014709170965677316,
        "over_provisioning_cost": 906606206.2135526,
        "asymmetric_op_cost": 907099591.4131757,
        "u_max_mean": 1.171223683437214,
        "u_max_max": 3.623788708416868
      },
      "calibration": {
        "method": "aci",
        "target_alpha": 0.2,
        "gamma": 0.005,
        "window": 500,
        "qhat_mean": 72.01682763629489,
        "alpha_final_mean": 0.1851854259259259,
        "coverage_overall": 0.7892385931632236,
        "mean_width": 261.124267578125
      }
    }
  },
  "calibration": "both",
  "target_alpha": 0.2
}