{
  "seed": 7,
  "dataset": "cesnet",
  "loss": "asym",
  "T_eff": 7624,
  "num_links": 20,
  "models": {
    "LSTM": {
      "forecast": {
        "rmse_mean": 37.70008850097656,
        "mae_mean": 30.830249786376953,
        "mape_mean": 178.1235237121582,
        "smape_mean": 70.53817749023438
      },
      "operational": {
        "overload_rate": 0.033342077649527804,
        "sla_violation_rate": 0.033342077649527804,
        "over_provisioning_cost": 13685505.0,
        "asymmetric_op_cost": 14620644.0,
        "u_max_mean": 5.3429646492004395,
        "u_max_max": 9.61988639831543
      }
    },
    "LSTM_CQR": {
      "forecast": {
        "rmse_mean": null,
        "mae_mean": null,
        "mape_mean": null,
        "smape_mean": null
      },
      "operational": {
        "overload_rate": 0.011234260230849948,
        "sla_violation_rate": 0.011234260230849948,
        "over_provisioning_cost": 20238157.790657006,
        "asymmetric_op_cost": 20712040.039163552,
        "u_max_mean": 4.000041420199279,
        "u_max_max": 6.884809251560123
      },
      "calibration": {
        "method": "cqr",
        "target_alpha": 0.1,
        "qhat_mean": 15.70916291475296,
        "qhat_per_link": [
          55.42229080200195,
          35.76679992675781,
          42.14752197265625,
          17.602359771728516,
          2.9933810234069824,
          8.822612762451172,
          28.84033203125,
          33.80799865722656,
          10.502843856811523,
          5.712921142578125,
          14.628271102905273,
          3.586620330810547,
          9.542235374450684,
          10.655009269714355,
          5.824875831604004,
          10.554180145263672,
          7.81304407119751,
          4.548142433166504,
          3.2516369819641113,
          2.1601808071136475
        ],
        "coverage_overall": 0.86150314795383,
        "mean_width": 93.06103515625
      }
    },
    "LSTM_ACI": {
      "forecast": {
        "rmse_mean": null,
        "mae_mean": null,
        "mape_mean": null,
        "smape_mean": null
      },
      "operational": {
        "overload_rate": 0.007115687303252885,
        "sla_violation_rate": 0.007115687303252885,
        "over_provisioning_cost": 27625757.554338418,
        "asymmetric_op_cost": 27877061.51202961,
        "u_max_mean": 3.375854726315134,
        "u_max_max": 6.728213333516595
      },
      "calibration": {
        "method": "aci",
        "target_alpha": 0.1,
        "gamma": 0.005,
        "window": 500,
        "qhat_mean": 14.573779487609864,
        "alpha_final_mean": 0.09675004999999999,
        "coverage_overall": 0.8933565057712487,
        "mean_width": 93.08252716064453
      }
    }
  },
  "calibration": "both",
  "target_alpha": 0.1
}