{
  "seed": 123,
  "dataset": "abilene",
  "loss": "asym_l1",
  "T_eff": 9606,
  "num_links": 54,
  "models": {
    "DLinear": {
      "forecast": {
        "rmse_mean": 256.961669921875,
        "mae_mean": 151.50494384765625,
        "mape_mean": 59.20117037384598,
        "smape_mean": 40.257347106933594
      },
      "operational": {
        "overload_rate": 0.0,
        "sla_violation_rate": 0.0,
        "over_provisioning_cost": 2069009280.0,
        "asymmetric_op_cost": 2069009280.0,
        "u_max_mean": 0.7032040953636169,
        "u_max_max": 0.9258497953414917
      }
    },
    "iTransformer": {
      "forecast": {
        "rmse_mean": 211.9442138671875,
        "mae_mean": 95.69945526123047,
        "mape_mean": 48.29354692388464,
        "smape_mean": 31.80500602722168
      },
      "operational": {
        "overload_rate": 0.0,
        "sla_violation_rate": 0.0,
        "over_provisioning_cost": 3340599808.0,
        "asymmetric_op_cost": 3340599808.0,
        "u_max_mean": 0.4303106963634491,
        "u_max_max": 0.7739008069038391
      }
    }
  }
}