{
  "seed": 123,
  "dataset": "abilene",
  "loss": "asym_l1",
  "T_eff": 9606,
  "num_links": 54,
  "models": {
    "LSTM": {
      "forecast": {
        "rmse_mean": 289.6973876953125,
        "mae_mean": 257.5285339355469,
        "mape_mean": 144.19333390836363,
        "smape_mean": 69.05921173095703
      },
      "operational": {
        "overload_rate": 0.025248494382369042,
        "sla_violation_rate": 0.025248494382369042,
        "over_provisioning_cost": 851310592.0,
        "asymmetric_op_cost": 1103426432.0,
        "u_max_mean": 1.4696108102798462,
        "u_max_max": 5.854815483093262
      }
    }
  }
}