{
  "seed": 2048,
  "dataset": "geant",
  "loss": "asym",
  "T_eff": 2083,
  "num_links": 58,
  "models": {
    "LSTM": {
      "forecast": {
        "rmse_mean": 3191.3603515625,
        "mae_mean": 3145.763916015625,
        "mape_mean": 1232.9397145961893,
        "smape_mean": 132.38467407226562
      },
      "operational": {
        "overload_rate": 0.3139950667968944,
        "sla_violation_rate": 0.3139950667968944,
        "over_provisioning_cost": 280895552.0,
        "asymmetric_op_cost": 590390272.0,
        "u_max_mean": 260022571368448.0,
        "u_max_max": 2452580139532288.0
      }
    }
  }
}