{
  "num_seeds": 5,
  "seeds": [
    42,
    123,
    456,
    789,
    1024
  ],
  "dataset": "abilene",
  "loss": "asym",
  "per_seed": [
    {
      "seed": 42,
      "dataset": "abilene",
      "loss": "asym",
      "T_eff": 9606,
      "num_links": 54,
      "models": {
        "LSTM": {
          "forecast": {
            "rmse_mean": 91.59615325927734,
            "mae_mean": 44.77739334106445,
            "mape_mean": 22.36649054951138,
            "smape_mean": 19.39851951599121
          },
          "operational": {
            "overload_rate": 0.014391082733785211,
            "sla_violation_rate": 0.014391082733785211,
            "over_provisioning_cost": 834845632.0,
            "asymmetric_op_cost": 838268672.0,
            "u_max_mean": 1.3368487358093262,
            "u_max_max": 3.362154245376587
          }
        }
      }
    },
    {
      "seed": 123,
      "dataset": "abilene",
      "loss": "asym",
      "T_eff": 9606,
      "num_links": 54,
      "models": {
        "LSTM": {
          "forecast": {
            "rmse_mean": 90.62821960449219,
            "mae_mean": 47.34568786621094,
            "mape_mean": 23.378437448430944,
            "smape_mean": 19.519588470458984
          },
          "operational": {
            "overload_rate": 0.011551422336348423,
            "sla_violation_rate": 0.011551422336348423,
            "over_provisioning_cost": 819856512.0,
            "asymmetric_op_cost": 822408960.0,
            "u_max_mean": 1.2851725816726685,
            "u_max_max": 3.3500101566314697
          }
        }
      }
    },
    {
      "seed": 456,
      "dataset": "abilene",
      "loss": "asym",
      "T_eff": 9606,
      "num_links": 54,
      "models": {
        "LSTM": {
          "forecast": {
            "rmse_mean": 88.69976806640625,
            "mae_mean": 46.00516128540039,
            "mape_mean": 22.294679491608232,
            "smape_mean": 20.44363784790039
          },
          "operational": {
            "overload_rate": 0.010651136249720469,
            "sla_violation_rate": 0.010651136249720469,
            "over_provisioning_cost": 835951552.0,
            "asymmetric_op_cost": 837343552.0,
            "u_max_mean": 1.3268994092941284,
            "u_max_max": 3.3329949378967285
          }
        }
      }
    },
    {
      "seed": 789,
      "dataset": "abilene",
      "loss": "asym",
      "T_eff": 9606,
      "num_links": 54,
      "models": {
        "LSTM": {
          "forecast": {
            "rmse_mean": 85.0548324584961,
            "mae_mean": 44.98677444458008,
            "mape_mean": 23.486486540900337,
            "smape_mean": 20.838016510009766
          },
          "operational": {
            "overload_rate": 0.012754374195140384,
            "sla_violation_rate": 0.012754374195140384,
            "over_provisioning_cost": 840946816.0,
            "asymmetric_op_cost": 843008000.0,
            "u_max_mean": 1.3186554908752441,
            "u_max_max": 3.4585564136505127
          }
        }
      }
    },
    {
      "seed": 1024,
      "dataset": "abilene",
      "loss": "asym",
      "T_eff": 9606,
      "num_links": 54,
      "models": {
        "LSTM": {
          "forecast": {
            "rmse_mean": 96.66049194335938,
            "mae_mean": 49.16586685180664,
            "mape_mean": 22.325304552360816,
            "smape_mean": 21.042251586914062
          },
          "operational": {
            "overload_rate": 0.012077713774569907,
            "sla_violation_rate": 0.012077713774569907,
            "over_provisioning_cost": 805176640.0,
            "asymmetric_op_cost": 807221440.0,
            "u_max_mean": 1.3120923042297363,
            "u_max_max": 3.1214492321014404
          }
        }
      }
    }
  ],
  "models": {
    "LSTM": {
      "forecast": {
        "rmse_mean": {
          "mean": 90.52789306640625,
          "std": 3.7962204275570435,
          "min": 85.0548324584961,
          "max": 96.66049194335938,
          "values": [
            91.59615325927734,
            90.62821960449219,
            88.69976806640625,
            85.0548324584961,
            96.66049194335938
          ]
        },
        "mae_mean": {
          "mean": 46.4561767578125,
          "std": 1.6318408189704259,
          "min": 44.77739334106445,
          "max": 49.16586685180664,
          "values": [
            44.77739334106445,
            47.34568786621094,
            46.00516128540039,
            44.98677444458008,
            49.16586685180664
          ]
        },
        "mape_mean": {
          "mean": 22.770279716562346,
          "std": 0.5422272962919081,
          "min": 22.294679491608232,
          "max": 23.486486540900337,
          "values": [
            22.36649054951138,
            23.378437448430944,
            22.294679491608232,
            23.486486540900337,
            22.325304552360816
          ]
        },
        "smape_mean": {
          "mean": 20.248402786254882,
          "std": 0.6737104527654235,
          "min": 19.39851951599121,
          "max": 21.042251586914062,
          "values": [
            19.39851951599121,
            19.519588470458984,
            20.44363784790039,
            20.838016510009766,
            21.042251586914062
          ]
        }
      },
      "operational": {
        "overload_rate": {
          "mean": 0.012285145857912877,
          "std": 0.0012574983922517176,
          "min": 0.010651136249720469,
          "max": 0.014391082733785211,
          "values": [
            0.014391082733785211,
            0.011551422336348423,
            0.010651136249720469,
            0.012754374195140384,
            0.012077713774569907
          ]
        },
        "sla_violation_rate": {
          "mean": 0.012285145857912877,
          "std": 0.0012574983922517176,
          "min": 0.010651136249720469,
          "max": 0.014391082733785211,
          "values": [
            0.014391082733785211,
            0.011551422336348423,
            0.010651136249720469,
            0.012754374195140384,
            0.012077713774569907
          ]
        },
        "over_provisioning_cost": {
          "mean": 827355430.4,
          "std": 13136625.973784192,
          "min": 805176640.0,
          "max": 840946816.0,
          "values": [
            834845632.0,
            819856512.0,
            835951552.0,
            840946816.0,
            805176640.0
          ]
        },
        "asymmetric_op_cost": {
          "mean": 829650124.8,
          "std": 13171039.270290047,
          "min": 807221440.0,
          "max": 843008000.0,
          "values": [
            838268672.0,
            822408960.0,
            837343552.0,
            843008000.0,
            807221440.0
          ]
        },
        "u_max_mean": {
          "mean": 1.3159337043762207,
          "std": 0.017470525870786426,
          "min": 1.2851725816726685,
          "max": 1.3368487358093262,
          "values": [
            1.3368487358093262,
            1.2851725816726685,
            1.3268994092941284,
            1.3186554908752441,
            1.3120923042297363
          ]
        },
        "u_max_max": {
          "mean": 3.3250329971313475,
          "std": 0.11076108541489972,
          "min": 3.1214492321014404,
          "max": 3.4585564136505127,
          "values": [
            3.362154245376587,
            3.3500101566314697,
            3.3329949378967285,
            3.4585564136505127,
            3.1214492321014404
          ]
        }
      }
    }
  }
}