{
  "seed": 456,
  "dataset": "abilene",
  "loss": "pinball",
  "T_eff": 9606,
  "num_links": 54,
  "models": {
    "LSTM": {
      "forecast": {
        "rmse_mean": 80.7491226196289,
        "mae_mean": 44.51139831542969,
        "mape_mean": 24.512502829233807,
        "smape_mean": 19.56251335144043
      },
      "operational": {
        "overload_rate": 0.006959384952306043,
        "sla_violation_rate": 0.006959384952306043,
        "over_provisioning_cost": 946925888.0,
        "asymmetric_op_cost": 948834880.0,
        "u_max_mean": 1.2318381071090698,
        "u_max_max": 3.1394569873809814
      }
    }
  }
}