{
  "seed": 456,
  "dataset": "abilene",
  "loss": "asym_l1",
  "T_eff": 9606,
  "num_links": 54,
  "models": {
    "LSTM": {
      "forecast": {
        "rmse_mean": 206.6142578125,
        "mae_mean": 153.63450622558594,
        "mape_mean": 87.79818390033863,
        "smape_mean": 50.41506576538086
      },
      "operational": {
        "overload_rate": 0.03955475358764969,
        "sla_violation_rate": 0.03955475358764969,
        "over_provisioning_cost": 594294848.0,
        "asymmetric_op_cost": 656300480.0,
        "u_max_mean": 1.8443812131881714,
        "u_max_max": 6.662358283996582
      }
    }
  }
}