{
  "seed": 8191,
  "dataset": "abilene",
  "loss": "asym",
  "T_eff": 9606,
  "num_links": 54,
  "models": {
    "LSTM": {
      "forecast": {
        "rmse_mean": 185.3628692626953,
        "mae_mean": 145.2214813232422,
        "mape_mean": 81.2525901441221,
        "smape_mean": 48.07451248168945
      },
      "operational": {
        "overload_rate": 0.04426245941965284,
        "sla_violation_rate": 0.04426245941965284,
        "over_provisioning_cost": 585015680.0,
        "asymmetric_op_cost": 688206080.0,
        "u_max_mean": 1.873099684715271,
        "u_max_max": 6.692301273345947
      }
    }
  }
}