{
  "seed": 65521,
  "dataset": "abilene",
  "loss": "mse",
  "T_eff": 9606,
  "num_links": 54,
  "models": {
    "DLinear": {
      "forecast": {
        "rmse_mean": 44.82935333251953,
        "mae_mean": 18.848093032836914,
        "mape_mean": 9.367309901449415,
        "smape_mean": 8.990670204162598
      },
      "operational": {
        "overload_rate": 0.0001561524047470331,
        "sla_violation_rate": 0.0001561524047470331,
        "over_provisioning_cost": 980634368.0,
        "asymmetric_op_cost": 980641472.0,
        "u_max_mean": 1.0028430223464966,
        "u_max_max": 1.2073887586593628
      }
    },
    "iTransformer": {
      "forecast": {
        "rmse_mean": 47.90798568725586,
        "mae_mean": 18.494691848754883,
        "mape_mean": 8.95057624799234,
        "smape_mean": 8.70777416229248
      },
      "operational": {
        "overload_rate": 3.084491945620407e-05,
        "sla_violation_rate": 3.084491945620407e-05,
        "over_provisioning_cost": 1150505728.0,
        "asymmetric_op_cost": 1150505984.0,
        "u_max_mean": 0.9381158351898193,
        "u_max_max": 1.130859136581421
      }
    }
  }
}