{
  "num_seeds": 20,
  "seeds": [
    1,
    100003,
    1024,
    123,
    13,
    17,
    2,
    2048,
    256,
    271828,
    3,
    31337,
    42,
    456,
    512,
    65521,
    7,
    789,
    8191,
    99
  ],
  "dataset": "geant",
  "loss": "asym",
  "per_seed": {},
  "models": {
    "LSTM": {
      "forecast": {
        "rmse_mean": {
          "mean": 1766.5323638916016,
          "std": 414.51290797789187,
          "min": 903.2691040039062,
          "max": 2450.5126953125,
          "values": [
            903.2691040039062,
            1479.0557861328125,
            1473.882080078125,
            1594.4234619140625,
            1802.449462890625,
            1502.6455078125,
            2009.946533203125,
            927.7867431640625,
            2044.3367919921875,
            1819.8826904296875,
            2450.5126953125,
            2384.921142578125,
            2238.16162109375,
            1309.70458984375,
            2070.01806640625,
            1676.8936767578125,
            1972.2093505859375,
            1974.7889404296875,
            2070.576416015625,
            1625.1826171875
          ]
        },
        "mae_mean": {
          "mean": 1734.326351928711,
          "std": 417.105127980669,
          "min": 863.1193237304688,
          "max": 2430.37939453125,
          "values": [
            863.1193237304688,
            1446.4315185546875,
            1438.644287109375,
            1560.561279296875,
            1762.9678955078125,
            1470.9443359375,
            1983.7901611328125,
            898.0875244140625,
            2010.995361328125,
            1758.00048828125,
            2430.37939453125,
            2358.556640625,
            2205.1552734375,
            1277.1025390625,
            2039.9906005859375,
            1644.5155029296875,
            1942.08740234375,
            1950.5145263671875,
            2045.3028564453125,
            1599.380126953125
          ]
        },
        "mape_mean": {
          "mean": 640.0829471111299,
          "std": 142.96336549280838,
          "min": 312.42334796642433,
          "max": 840.7884653683367,
          "values": [
            312.42334796642433,
            653.8051490125985,
            496.5359469775496,
            654.613561580921,
            703.4694960528407,
            593.2661935378766,
            642.7404037015192,
            331.18922858402647,
            621.8757330795814,
            644.9627874966326,
            824.2383358725186,
            840.7884653683367,
            741.07269402208,
            463.7532889596347,
            738.7001764363256,
            562.8325731014384,
            747.7463667968224,
            708.967425033964,
            794.3867634082662,
            724.2910052332385
          ]
        },
        "smape_mean": {
          "mean": 118.17585754394531,
          "std": 8.289590080263025,
          "min": 99.13387298583984,
          "max": 131.6798858642578,
          "values": [
            99.13387298583984,
            117.843505859375,
            110.16028594970703,
            113.25900268554688,
            118.36933898925781,
            112.67189025878906,
            118.09403991699219,
            100.50291442871094,
            131.6798858642578,
            116.80276489257812,
            125.06277465820312,
            128.53094482421875,
            128.5772705078125,
            120.79291534423828,
            122.90875244140625,
            122.59917449951172,
            115.8868637084961,
            125.98027038574219,
            120.25084686279297,
            114.40983581542969
          ]
        }
      },
      "operational": {
        "overload_rate": {
          "mean": 0.2363293989107223,
          "std": 0.07529417828538033,
          "min": 0.10183422451040443,
          "max": 0.3866273776217988,
          "values": [
            0.10183422451040443,
            0.18804112106212856,
            0.18305825483801547,
            0.18138626318141937,
            0.16236528879103415,
            0.16466634661545848,
            0.27452116476567284,
            0.19891734401642194,
            0.3866273776217988,
            0.20546459847368684,
            0.35078716042842717,
            0.32508649659807637,
            0.2703825715562766,
            0.2662357011604615,
            0.28209479033886803,
            0.3529723376429884,
            0.20005131855579653,
            0.27145032860430085,
            0.21599317959839093,
            0.14465210985481816
          ]
        },
        "sla_violation_rate": {
          "mean": 0.2363293989107223,
          "std": 0.07529417828538033,
          "min": 0.10183422451040443,
          "max": 0.3866273776217988,
          "values": [
            0.10183422451040443,
            0.18804112106212856,
            0.18305825483801547,
            0.18138626318141937,
            0.16236528879103415,
            0.16466634661545848,
            0.27452116476567284,
            0.19891734401642194,
            0.3866273776217988,
            0.20546459847368684,
            0.35078716042842717,
            0.32508649659807637,
            0.2703825715562766,
            0.2662357011604615,
            0.28209479033886803,
            0.3529723376429884,
            0.20005131855579653,
            0.27145032860430085,
            0.21599317959839093,
            0.14465210985481816
          ]
        },
        "over_provisioning_cost": {
          "mean": 228131707.2,
          "std": 49125051.22955323,
          "min": 131067536.0,
          "max": 303988608.0,
          "values": [
            175020896.0,
            208855040.0,
            246538816.0,
            237449200.0,
            232439552.0,
            215708032.0,
            223541184.0,
            131647440.0,
            131067536.0,
            207012736.0,
            273522560.0,
            281116160.0,
            303988608.0,
            177953968.0,
            250880864.0,
            180905792.0,
            285213088.0,
            258366848.0,
            298917632.0,
            242488192.0
          ]
        },
        "asymmetric_op_cost": {
          "mean": 408108718.4,
          "std": 131499406.49835292,
          "min": 201593920.0,
          "max": 736174400.0,
          "values": [
            201593920.0,
            309897984.0,
            285481216.0,
            381422464.0,
            391689472.0,
            289753088.0,
            505705600.0,
            236498752.0,
            736174400.0,
            404436992.0,
            678317824.0,
            502956672.0,
            451529472.0,
            278536800.0,
            487746016.0,
            426596512.0,
            390708992.0,
            447677632.0,
            431684352.0,
            323766208.0
          ]
        },
        "u_max_mean": {
          "mean": 105431996261990.4,
          "std": 84198647971931.3,
          "min": 4320323174400.0,
          "max": 381248509837312.0,
          "values": [
            4320323174400.0,
            67663812362240.0,
            29189698748416.0,
            46389799157760.0,
            62661265981440.0,
            35995181383680.0,
            221240325308416.0,
            51377472536576.0,
            381248509837312.0,
            91706921844736.0,
            163581932863488.0,
            137089895104512.0,
            103053915062272.0,
            30823835238400.0,
            183565945929728.0,
            147910100516864.0,
            70753563181056.0,
            128766214930432.0,
            65500205809664.0,
            85801006268416.0
          ]
        },
        "u_max_max": {
          "mean": 1757749411053568.0,
          "std": 726555646736848.5,
          "min": 250578743590912.0,
          "max": 2885700479352832.0,