{
  "seed": 1024,
  "dataset": "abilene",
  "loss": "asym",
  "T_eff": 9606,
  "num_links": 54,
  "models": {
    "DLinear": {
      "forecast": {
        "rmse_mean": 66.85354614257812,
        "mae_mean": 36.59138870239258,
        "mape_mean": 17.417359740645797,
        "smape_mean": 14.906352996826172
      },
      "operational": {
        "overload_rate": 5.783422398038263e-06,
        "sla_violation_rate": 5.783422398038263e-06,
        "over_provisioning_cost": 1194822656.0,
        "asymmetric_op_cost": 1194822912.0,
        "u_max_mean": 0.8981460928916931,
        "u_max_max": 1.0530060529708862
      }
    },
    "iTransformer": {
      "forecast": {
        "rmse_mean": 61.72063446044922,
        "mae_mean": 24.791587829589844,
        "mape_mean": 12.4351855913798,
        "smape_mean": 10.808692932128906
      },
      "operational": {
        "overload_rate": 1.9278074660127544e-06,
        "sla_violation_rate": 1.9278074660127544e-06,
        "over_provisioning_cost": 1211063040.0,
        "asymmetric_op_cost": 1211063040.0,
        "u_max_mean": 0.8721697926521301,
        "u_max_max": 1.010780692100525
      }
    }
  }
}