{
  "seed": 1024,
  "dataset": "abilene",
  "loss": "asym",
  "T_eff": 9606,
  "num_links": 54,
  "models": {
    "LSTM": {
      "forecast": {
        "rmse_mean": 165.09158325195312,
        "mae_mean": 112.85697174072266,
        "mape_mean": 58.60410322966399,
        "smape_mean": 40.70307922363281
      },
      "operational": {
        "overload_rate": 0.05647511971684364,
        "sla_violation_rate": 0.05647511971684364,
        "over_provisioning_cost": 491937152.0,
        "asymmetric_op_cost": 520081664.0,
        "u_max_mean": 2.090841054916382,
        "u_max_max": 7.066014289855957
      }
    }
  }
}