{
  "seed": 1024,
  "dataset": "cesnet",
  "loss": "asym_l1",
  "T_eff": 7624,
  "num_links": 20,
  "models": {
    "DLinear": {
      "forecast": {
        "rmse_mean": 47.65163803100586,
        "mae_mean": 40.03993225097656,
        "mape_mean": 168.80842399597168,
        "smape_mean": 76.92020416259766
      },
      "operational": {
        "overload_rate": 0.0003410283315844701,
        "sla_violation_rate": 0.0003410283315844701,
        "over_provisioning_cost": 64499196.0,
        "asymmetric_op_cost": 64562892.0,
        "u_max_mean": 1.3282616138458252,
        "u_max_max": 2.4057769775390625
      }
    },
    "iTransformer": {
      "forecast": {
        "rmse_mean": 50.13835906982422,
        "mae_mean": 38.696529388427734,
        "mape_mean": 156.40210494995117,
        "smape_mean": 72.02613067626953
      },
      "operational": {
        "overload_rate": 0.00029512067156348376,
        "sla_violation_rate": 0.00029512067156348376,
        "over_provisioning_cost": 66979416.0,
        "asymmetric_op_cost": 67035040.0,
        "u_max_mean": 1.2951327562332153,
        "u_max_max": 1.711705207824707
      }
    }
  }
}