{
  "seed": 123,
  "dataset": "abilene",
  "loss": "asym",
  "T_eff": 9606,
  "num_links": 54,
  "models": {
    "LSTM": {
      "forecast": {
        "rmse_mean": 166.41021728515625,
        "mae_mean": 105.49747467041016,
        "mape_mean": 52.244028621249726,
        "smape_mean": 38.61003112792969
      },
      "operational": {
        "overload_rate": 0.061971298802446,
        "sla_violation_rate": 0.061971298802446,
        "over_provisioning_cost": 360477120.0,
        "asymmetric_op_cost": 376822944.0,
        "u_max_mean": 2.3044421672821045,
        "u_max_max": 7.2560200691223145
      }
    }
  }
}