{
  "seed": 789,
  "dataset": "geant",
  "loss": "asym",
  "T_eff": 2083,
  "num_links": 58,
  "models": {
    "LSTM": {
      "forecast": {
        "rmse_mean": 3045.797119140625,
        "mae_mean": 3007.984375,
        "mape_mean": 1208.5847223544943,
        "smape_mean": 130.9803466796875
      },
      "operational": {
        "overload_rate": 0.12582151075206516,
        "sla_violation_rate": 0.12582151075206516,
        "over_provisioning_cost": 481296000.0,
        "asymmetric_op_cost": 512965728.0,
        "u_max_mean": 31869615734784.0,
        "u_max_max": 994049108475904.0
      }
    },
    "LSTM_CQR": {
      "forecast": {
        "rmse_mean": null,
        "mae_mean": null,
        "mape_mean": null,
        "smape_mean": null
      },
      "operational": {
        "overload_rate": 0.009940900888969822,
        "sla_violation_rate": 0.009940900888969822,
        "over_provisioning_cost": 324367612.4250735,
        "asymmetric_op_cost": 324711579.90469587,
        "u_max_mean": 0.7959625306068356,
        "u_max_max": 3.2684555567327047
      },
      "calibration": {
        "method": "cqr",
        "target_alpha": 0.05,
        "qhat_mean": 830.9522686127958,
        "qhat_per_link": [
          2780.882080078125,
          457.2135009765625,
          -5212.75,
          277.45794677734375,
          -500.35284423828125,
          -629.5802612304688,
          10854.4013671875,
          2584.201171875,
          2127.47802734375,
          9073.28125,
          618.834228515625,
          63.9219970703125,
          -1174.1793212890625,
          1228.2515869140625,
          2074.674072265625,
          116.532470703125,
          210.3675537109375,
          7.47247314453125,
          2337.9501953125,
          3290.8310546875,
          -4201.68017578125,
          4196.33740234375,
          403.9564514160156,
          2353.391845703125,
          31.5250244140625,
          42.194976806640625,
          1463.113525390625,
          -2708.376708984375,
          3947.0009765625,
          184.718505859375,
          35.11284255981445,
          915.9403076171875,
          387.104248046875,
          6.834903717041016,
          1639.2423095703125,
          9641.81640625,
          -2641.90625,
          24.239227294921875,
          13.133310317993164,
          4015.616455078125,
          303.2196044921875,
          1.4021148681640625,
          -1.1988449096679688,
          194.46536254882812,
          952.540283203125,
          84.63674926757812,
          8.209012031555176,
          1180.0770263671875,
          140.21124267578125,
          2.1732943058013916,
          22.35189437866211,
          -878.9718627929688,
          -783.2364501953125,
          297.7911682128906,
          -5.064871311187744,
          7.943328857421875,
          750.9779052734375,
          -4418.49951171875
        ],
        "coverage_overall": 0.9436406376744417,
        "mean_width": 4204.08203125
      }
    },
    "LSTM_ACI": {
      "forecast": {
        "rmse_mean": null,
        "mae_mean": null,
        "mape_mean": null,
        "smape_mean": null
      },
      "operational": {
        "overload_rate": 0.0009187676924859702,
        "sla_violation_rate": 0.0009187676924859702,
        "over_provisioning_cost": 296836127.0388087,
        "asymmetric_op_cost": 296844460.6543573,
        "u_max_mean": 0.7471527456523233,
        "u_max_max": 2.0378534057072084
      },
      "calibration": {
        "method": "aci",
        "target_alpha": 0.05,
        "gamma": 0.005,
        "window": 500,
        "qhat_mean": 494.3073398553092,
        "alpha_final_mean": 0.06406529310344845,
        "coverage_overall": 0.9381859718244574,
        "mean_width": 3479.8076171875
      }
    }
  },
  "calibration": "both",
  "target_alpha": 0.05
}