{
  "seed": 271828,
  "dataset": "geant",
  "loss": "asym",
  "T_eff": 2083,
  "num_links": 58,
  "models": {
    "DLinear": {
      "forecast": {
        "rmse_mean": 3067.029541015625,
        "mae_mean": 3059.622314453125,
        "mape_mean": 1100.085317628137,
        "smape_mean": 120.79590606689453
      },
      "operational": {
        "overload_rate": 0.0002648699654013608,
        "sla_violation_rate": 0.0002648699654013608,
        "over_provisioning_cost": 467816896.0,
        "asymmetric_op_cost": 467819168.0,
        "u_max_mean": 0.5348407030105591,
        "u_max_max": 1.6152760982513428
      }
    },
    "iTransformer": {
      "forecast": {
        "rmse_mean": 114.175048828125,
        "mae_mean": 86.72084045410156,
        "mape_mean": 28.84269642829895,
        "smape_mean": 25.447120666503906
      },
      "operational": {
        "overload_rate": 0.014733391825450692,
        "sla_violation_rate": 0.014733391825450692,
        "over_provisioning_cost": 53097312.0,
        "asymmetric_op_cost": 53639804.0,
        "u_max_mean": 1.365549921989441,
        "u_max_max": 4.553256034851074
      }
    }
  }
}