{
  "seed": 17,
  "dataset": "abilene",
  "loss": "asym_l1",
  "T_eff": 9606,
  "num_links": 54,
  "models": {
    "DLinear": {
      "forecast": {
        "rmse_mean": 195.01844787597656,
        "mae_mean": 117.43175506591797,
        "mape_mean": 50.28446646089907,
        "smape_mean": 36.263126373291016
      },
      "operational": {
        "overload_rate": 0.0,
        "sla_violation_rate": 0.0,
        "over_provisioning_cost": 1773051136.0,
        "asymmetric_op_cost": 1773051136.0,
        "u_max_mean": 0.750058114528656,
        "u_max_max": 0.9616298079490662
      }
    },
    "iTransformer": {
      "forecast": {
        "rmse_mean": 186.86257934570312,
        "mae_mean": 91.84261322021484,
        "mape_mean": 47.0655348389237,
        "smape_mean": 31.31833839416504
      },
      "operational": {
        "overload_rate": 0.0,
        "sla_violation_rate": 0.0,
        "over_provisioning_cost": 2237124352.0,
        "asymmetric_op_cost": 2237124352.0,
        "u_max_mean": 0.5333039164543152,
        "u_max_max": 0.8007983565330505
      }
    }
  }
}