{
  "seed": 42,
  "dataset": "geant",
  "loss": "asym",
  "T_eff": 2083,
  "num_links": 58,
  "models": {
    "LSTM": {
      "forecast": {
        "rmse_mean": 3589.273193359375,
        "mae_mean": 3544.595458984375,
        "mape_mean": 1427.6997861862183,
        "smape_mean": 136.87232971191406
      },
      "operational": {
        "overload_rate": 0.07038919330541163,
        "sla_violation_rate": 0.07038919330541163,
        "over_provisioning_cost": 554785536.0,
        "asymmetric_op_cost": 650998016.0,
        "u_max_mean": 80502442688512.0,
        "u_max_max": 2641998397833216.0
      }
    },
    "LSTM_CQR": {
      "forecast": {
        "rmse_mean": null,
        "mae_mean": null,
        "mape_mean": null,
        "smape_mean": null
      },
      "operational": {
        "overload_rate": 0.010834837022199414,
        "sla_violation_rate": 0.010834837022199414,
        "over_provisioning_cost": 356783823.1718539,
        "asymmetric_op_cost": 357256003.02406776,
        "u_max_mean": 0.6739693767084836,
        "u_max_max": 2.1836482190506366
      },
      "calibration": {
        "method": "cqr",
        "target_alpha": 0.2,
        "qhat_mean": 495.1993451735069,
        "qhat_per_link": [
          849.9337158203125,
          434.55828857421875,
          3910.675048828125,
          601.0552368164062,
          1897.48291015625,
          -549.3656616210938,
          -610.4188842773438,
          -1446.309814453125,
          1312.921142578125,
          1808.6143798828125,
          376.8917236328125,
          790.9133911132812,
          -1063.918701171875,
          3810.261474609375,
          1019.4158935546875,
          2750.13134765625,
          -97.03329467773438,
          -185.26348876953125,
          450.72021484375,
          446.041259765625,
          874.414306640625,
          70.21141052246094,
          319.8226013183594,
          4006.0615234375,
          -486.7476806640625,
          4.2274627685546875,
          501.43798828125,
          742.6318969726562,
          -3798.947265625,
          47.679290771484375,
          14.814998626708984,
          2300.2001953125,
          114.79278564453125,
          22.434724807739258,
          886.5638427734375,
          5474.4873046875,
          347.32769775390625,
          -82.86228942871094,
          1.4591803550720215,
          -1322.744384765625,
          -41.85223388671875,
          0.6641340255737305,
          -126.68075561523438,
          -2255.984619140625,
          -693.9122314453125,
          159.80020141601562,
          2.7030277252197266,
          869.21826171875,
          84.7921371459961,
          1.2603232860565186,
          60.70107650756836,
          3690.02294921875,
          -383.23443603515625,
          -35.72169494628906,
          5.909404277801514,
          9.327468872070312,
          21.2283935546875,
          808.7488403320312
        ],
        "coverage_overall": 0.7924081646166835,
        "mean_width": 3498.272705078125
      }
    },
    "LSTM_ACI": {
      "forecast": {
        "rmse_mean": null,
        "mae_mean": null,
        "mape_mean": null,
        "smape_mean": null
      },
      "operational": {
        "overload_rate": 0.003319151753935802,
        "sla_violation_rate": 0.003319151753935802,
        "over_provisioning_cost": 367105872.96837795,
        "asymmetric_op_cost": 367265931.64885986,
        "u_max_mean": 0.6547753548241723,
        "u_max_max": 1.9582863468511706
      },
      "calibration": {
        "method": "aci",
        "target_alpha": 0.2,
        "gamma": 0.005,
        "window": 500,
        "qhat_mean": 446.2328064318361,
        "alpha_final_mean": 0.2285173620689655,
        "coverage_overall": 0.754647640174152,
        "mean_width": 3314.607666015625
      }
    }
  },
  "calibration": "both",
  "target_alpha": 0.2
}