{
  "seed": 271828,
  "dataset": "abilene",
  "loss": "asym",
  "T_eff": 9606,
  "num_links": 54,
  "models": {
    "DLinear": {
      "forecast": {
        "rmse_mean": 91.32913970947266,
        "mae_mean": 51.07691192626953,
        "mape_mean": 21.997624618035776,
        "smape_mean": 18.326515197753906
      },
      "operational": {
        "overload_rate": 3.855614932025509e-06,
        "sla_violation_rate": 3.855614932025509e-06,
        "over_provisioning_cost": 1355795712.0,
        "asymmetric_op_cost": 1355795840.0,
        "u_max_mean": 0.8511958122253418,
        "u_max_max": 1.016636848449707
      }
    },
    "iTransformer": {
      "forecast": {
        "rmse_mean": 70.90975189208984,
        "mae_mean": 30.82740020751953,
        "mape_mean": 16.31210943504616,
        "smape_mean": 13.482407569885254
      },
      "operational": {
        "overload_rate": 0.0,
        "sla_violation_rate": 0.0,
        "over_provisioning_cost": 1442983424.0,
        "asymmetric_op_cost": 1442983424.0,
        "u_max_mean": 0.7204169034957886,
        "u_max_max": 0.911846935749054
      }
    }
  }
}