{
  "seed": 789,
  "dataset": "abilene",
  "loss": "asym",
  "T_eff": 9606,
  "num_links": 54,
  "models": {
    "LSTM": {
      "forecast": {
        "rmse_mean": 162.9257049560547,
        "mae_mean": 110.9205093383789,
        "mape_mean": 56.406700487490056,
        "smape_mean": 39.745635986328125
      },
      "operational": {
        "overload_rate": 0.054555023480694936,
        "sla_violation_rate": 0.054555023480694936,
        "over_provisioning_cost": 526395584.0,
        "asymmetric_op_cost": 556359680.0,
        "u_max_mean": 2.0499768257141113,
        "u_max_max": 7.777365684509277
      }
    },
    "LSTM_CQR": {
      "forecast": {
        "rmse_mean": null,
        "mae_mean": null,
        "mape_mean": null,
        "smape_mean": null
      },
      "operational": {
        "overload_rate": 0.03767514130828726,
        "sla_violation_rate": 0.03767514130828726,
        "over_provisioning_cost": 694814305.4061948,
        "asymmetric_op_cost": 716117487.7736913,
        "u_max_mean": 1.7284305820161707,
        "u_max_max": 6.5414832325424666
      },
      "calibration": {
        "method": "cqr",
        "target_alpha": 0.2,
        "qhat_mean": 36.51582932472229,
        "qhat_per_link": [
          1.121018648147583,
          0.1361997127532959,
          44.77394104003906,
          6.019523620605469,
          56.341453552246094,
          83.87393188476562,
          52.86000061035156,
          70.16397094726562,
          2.6977005004882812,
          1.7986373901367188,
          48.88661193847656,
          5.282354354858398,
          27.390823364257812,
          17.95738983154297,
          106.60104370117188,
          27.348388671875,
          20.687896728515625,
          -9.544479370117188,
          85.1527099609375,
          48.07971954345703,
          50.89239501953125,
          64.16500854492188,
          98.6207275390625,
          57.16612243652344,
          27.37615966796875,
          8.769645690917969,
          12.3150634765625,
          10.340892791748047,
          73.5556640625,
          14.3359375,
          1.1527631282806396,
          0.1378467082977295,
          6.3162689208984375,
          48.603179931640625,
          24.840225219726562,
          94.24813842773438,
          3.684478759765625,
          9.09808349609375,
          13.015960693359375,
          4.3478240966796875,
          52.83021545410156,
          50.28938293457031,
          16.18616485595703,
          14.255813598632812,
          112.3223876953125,
          41.61810302734375,
          133.7769775390625,
          26.3074951171875,
          4.359100341796875,
          -4.589630126953125,
          19.46704864501953,
          4.71514892578125,
          55.3157958984375,
          124.38955688476562
        ],
        "coverage_overall": 0.77568803448462,
        "mean_width": 227.94969177246094
      }
    },
    "LSTM_ACI": {
      "forecast": {
        "rmse_mean": null,
        "mae_mean": null,
        "mape_mean": null,
        "smape_mean": null
      },
      "operational": {
        "overload_rate": 0.0013301871515488005,
        "sla_violation_rate": 0.0013301871515488005,
        "over_provisioning_cost": 873283859.1672994,
        "asymmetric_op_cost": 873655650.8092023,
        "u_max_mean": 1.178542555119311,
        "u_max_max": 3.498313301334049
      },
      "calibration": {
        "method": "aci",
        "target_alpha": 0.2,
        "gamma": 0.005,
        "window": 500,
        "qhat_mean": 68.56931264312179,
        "alpha_final_mean": 0.1837410185185185,
        "coverage_overall": 0.7891981092064373,
        "mean_width": 251.6089324951172
      }
    }
  },
  "calibration": "both",
  "target_alpha": 0.2
}