{
  "seed": 65521,
  "dataset": "abilene",
  "loss": "asym",
  "T_eff": 9606,
  "num_links": 54,
  "models": {
    "LSTM": {
      "forecast": {
        "rmse_mean": 155.4376983642578,
        "mae_mean": 103.19799041748047,
        "mape_mean": 58.954553568804705,
        "smape_mean": 40.03157043457031
      },
      "operational": {
        "overload_rate": 0.0526908336610606,
        "sla_violation_rate": 0.0526908336610606,
        "over_provisioning_cost": 469228128.0,
        "asymmetric_op_cost": 498493504.0,
        "u_max_mean": 2.054788589477539,
        "u_max_max": 6.4005208015441895
      }
    },
    "LSTM_CQR": {
      "forecast": {
        "rmse_mean": null,
        "mae_mean": null,
        "mape_mean": null,
        "smape_mean": null
      },
      "operational": {
        "overload_rate": 0.03751320548114219,
        "sla_violation_rate": 0.03751320548114219,
        "over_provisioning_cost": 415214755.6029111,
        "asymmetric_op_cost": 456513630.8396894,
        "u_max_mean": 1.9948222547300662,
        "u_max_max": 6.5470091874388405
      },
      "calibration": {
        "method": "cqr",
        "target_alpha": 0.05,
        "qhat_mean": 59.04661116776643,
        "qhat_per_link": [
          1.7624907493591309,
          2.683173179626465,
          67.73991394042969,
          14.546035766601562,
          73.10365295410156,
          115.08755493164062,
          74.87826538085938,
          107.74545288085938,
          15.275772094726562,
          24.656585693359375,
          60.9803466796875,
          7.438412666320801,
          40.63898468017578,
          22.14154052734375,
          164.4144287109375,
          83.409912109375,
          41.48321533203125,
          13.08001708984375,
          114.01290893554688,
          71.42214965820312,
          59.38257598876953,
          139.43508911132812,
          89.77835083007812,
          64.35078430175781,
          9.120468139648438,
          14.385955810546875,
          30.569900512695312,
          14.124356269836426,
          106.84939575195312,
          89.03192138671875,
          1.674689769744873,
          2.7580270767211914,
          33.70753479003906,
          68.04187774658203,
          54.05668640136719,
          168.4817657470703,
          40.9833984375,
          44.00885772705078,
          19.451705932617188,
          71.8810806274414,
          78.87824249267578,
          64.29594421386719,
          16.487411499023438,
          31.23180389404297,
          126.8802490234375,
          59.555694580078125,
          141.44529724121094,
          67.70085144042969,
          16.13219451904297,
          9.960176467895508,
          28.851364135742188,
          23.459075927734375,
          154.9398193359375,
          130.12364196777344
        ],
        "coverage_overall": 0.8842910680824485,
        "mean_width": 279.1883544921875
      }
    },
    "LSTM_ACI": {
      "forecast": {
        "rmse_mean": null,
        "mae_mean": null,
        "mape_mean": null,
        "smape_mean": null
      },
      "operational": {
        "overload_rate": 0.0002371203183195688,
        "sla_violation_rate": 0.0002371203183195688,
        "over_provisioning_cost": 860694665.3490964,
        "asymmetric_op_cost": 861239630.8023969,
        "u_max_mean": 1.0431357289256253,
        "u_max_max": 2.012719878632735
      },
      "calibration": {
        "method": "aci",
        "target_alpha": 0.05,
        "gamma": 0.005,
        "window": 500,
        "qhat_mean": 106.3613723648919,
        "alpha_final_mean": 0.054880611111111366,
        "coverage_overall": 0.9468927599262806,
        "mean_width": 389.9802551269531
      }
    }
  },
  "calibration": "both",
  "target_alpha": 0.05
}