{
  "seed": 31337,
  "dataset": "geant",
  "loss": "asym",
  "T_eff": 2083,
  "num_links": 58,
  "models": {
    "DLinear": {
      "forecast": {
        "rmse_mean": 1522.08935546875,
        "mae_mean": 1509.69384765625,
        "mape_mean": 584.2947730195933,
        "smape_mean": 103.24700927734375
      },
      "operational": {
        "overload_rate": 0.03568295065141457,
        "sla_violation_rate": 0.03568295065141457,
        "over_provisioning_cost": 220080608.0,
        "asymmetric_op_cost": 223023008.0,
        "u_max_mean": 0.802451491355896,
        "u_max_max": 2.3731887340545654
      }
    },
    "iTransformer": {
      "forecast": {
        "rmse_mean": 101.53445434570312,
        "mae_mean": 75.52479553222656,
        "mape_mean": 24.60821561155648,
        "smape_mean": 22.654972076416016
      },
      "operational": {
        "overload_rate": 0.008219246113860976,
        "sla_violation_rate": 0.008219246113860976,
        "over_provisioning_cost": 59924652.0,
        "asymmetric_op_cost": 60005156.0,
        "u_max_mean": 1.2822587490081787,
        "u_max_max": 4.120816230773926
      }
    }
  }
}