{
  "per_link": {
    "rmse": [
      18.610708236694336,
      24.565608978271484,
      15.245901107788086,
      7.327691078186035,
      26.233430862426758,
      14.565411567687988,
      19.8239688873291,
      21.039602279663086,
      20.673294067382812,
      10.989837646484375,
      17.74899673461914,
      21.606765747070312,
      11.760892868041992,
      14.445117950439453,
      17.91183853149414,
      15.909167289733887,
      17.335031509399414,
      13.565695762634277,
      20.619096755981445,
      21.67462730407715,
      4.9072489738464355,
      10.068192481994629,
      19.125757217407227,
      24.069046020507812,
      12.29976749420166,
      11.057372093200684,
      22.07514190673828,
      20.279605865478516,
      7.648237705230713,
      19.92341423034668,
      20.139041900634766,
      22.165185928344727,
      25.734106063842773,
      11.134692192077637,
      14.163971900939941,
      16.95947265625,
      21.580440521240234,
      14.471839904785156,
      11.503214836120605,
      18.427087783813477,
      9.304780960083008,
      17.930715560913086,
      7.278318881988525,
      9.144679069519043,
      12.762816429138184,
      14.80086612701416,
      22.839248657226562,
      12.953286170959473
    ],
    "mae": [
      13.754582405090332,
      18.54945182800293,
      10.490918159484863,
      5.466638565063477,
      20.082420349121094,
      10.987014770507812,
      14.844293594360352,
      15.986064910888672,
      15.320846557617188,
      7.803023815155029,
      13.172479629516602,
      16.666532516479492,
      8.324756622314453,
      10.600530624389648,
      13.487540245056152,
      10.864434242248535,
      12.472393035888672,
      9.908796310424805,
      15.478379249572754,
      16.255294799804688,
      3.5874080657958984,
      7.286729335784912,
      13.495851516723633,
      17.423948287963867,
      9.052324295043945,
      8.17935562133789,
      17.12122344970703,
      15.446603775024414,
      5.75722074508667,
      14.275839805603027,
      14.857331275939941,
      16.241249084472656,
      19.481061935424805,
      8.138897895812988,
      9.717315673828125,
      12.467487335205078,
      15.92682933807373,
      10.398904800415039,
      8.189798355102539,
      14.361112594604492,
      6.610803127288818,
      13.238903999328613,
      5.483425140380859,
      6.524040699005127,
      9.409795761108398,
      11.147912979125977,
      17.099912643432617,
      8.9711332321167
    ],
    "mape": [
      14.805139541625977,
      18.805500030517578,
      32.97212600708008,
      57.28951644897461,
      15.270437240600586,
      15.758140563964844,
      18.947355270385742,
      16.350643157958984,
      18.134702682495117,
      39.16205596923828,
      24.75552749633789,
      14.957122802734375,
      33.989288330078125,
      36.186912536621094,
      20.754661560058594,
      32.15926742553711,
      22.78493881225586,
      33.98113250732422,
      19.123924255371094,
      16.052410125732422,
      42.26420974731445,
      30.09895896911621,
      20.23857307434082,
      18.164291381835938,
      33.496376037597656,
      29.188796997070312,
      15.810235023498535,
      17.18476104736328,
      45.53995895385742,
      31.568891525268555,
      18.7189884185791,
      18.357595443725586,
      15.234394073486328,
      25.962846755981445,
      38.33985137939453,
      21.871204376220703,
      18.970806121826172,
      42.365875244140625,
      38.375877380371094,
      20.574556350708008,
      30.990421295166016,
      23.132240295410156,
      39.97462463378906,
      33.4278564453125,
      42.77769470214844,
      19.252012252807617,
      18.40339469909668,
      30.192447662353516
    ]
  },
  "aggregated": {
    "rmse_mean": 16.383337020874023,
    "rmse_median": 17.14725112915039,
    "rmse_p90": 22.36740493774414,
    "mae_mean": 12.091850280761719,
    "mae_median": 12.469940185546875,
    "mae_p90": 17.106306076049805,
    "mape_mean": 26.723302980264027,
    "mape_median": 22.958589553833008,
    "mape_p90": 40.66150016784669,
    "smape_mean": 22.496994018554688,
    "smape_median": 21.190364837646484,
    "smape_p90": 30.921611785888672,
    "mape_pct_excluded_mean": 0.15589569160997727,
    "mape_pct_excluded_median": 0.0,
    "mape_pct_excluded_p90": 0.31292517006802634,
    "mape_threshold": 1.0
  }
}