{
  "per_link": {
    "rmse": [
      25.960162653716967,
      52.76647844891917,
      19.571594677805532,
      8.221512873711184,
      33.99130551276454,
      18.63868970764969,
      27.427329309886684,
      30.18547826496072,
      21.51072161876967,
      11.42261349690151,
      23.86736097567288,
      27.566852074374296,
      24.552869533064886,
      22.853922649715788,
      26.021816374984283,
      19.24868513071146,
      19.54417838763051,
      26.412181668553313,
      21.97524302132365,
      28.42256184871749,
      9.628567046735608,
      24.695578526184867,
      26.23800936195055,
      30.65453103641894,
      14.501621596307608,
      15.200357584404918,
      28.622035441900127,
      35.56194609101236,
      7.902365766948063,
      37.708223033556585,
      22.026279268871157,
      27.909727341222048,
      44.88816123973722,
      13.72082364824901,
      19.43865473094793,
      18.451182730869643,
      23.781295688282658,
      27.761868417039285,
      11.710883987978052,
      18.444936657523016,
      15.753666971727988,
      26.529045545580175,
      9.778937312714126,
      15.365893453244418,
      14.3075877241471,
      15.782778369798372,
      23.144448155453347,
      18.319510016425088
    ],
    "mae": [
      21.29472753062905,
      44.54380960542074,
      14.100480241627452,
      6.162045117236654,
      27.57171752675131,
      15.117577626192228,
      20.939916462755964,
      24.589978392460438,
      16.271324166189736,
      8.312958748956625,
      19.24546061468817,
      21.402143601317487,
      20.538083408520528,
      18.89418107002137,
      20.055945928952646,
      15.119425401529854,
      15.373017825752163,
      22.556661704246213,
      17.084466278332037,
      22.990345167576912,
      8.0165704538526,
      19.576033426597256,
      20.491913286014295,
      25.14828960777568,
      11.425552437709944,
      12.135552582632675,
      23.030284783078873,
      28.055928976682367,
      5.938246123557597,
      30.882813688951,
      16.01140422644144,
      22.482135058606524,
      37.944546406359976,
      10.569890992539062,
      15.166513520704038,
      13.914999116948676,
      17.49579827591261,
      23.264217456366207,
      8.648625295929731,
      14.323561351890564,
      13.040929245969203,
      20.996487963555026,
      7.680595471959678,
      12.788843436595027,
      10.936528922002985,
      11.914966352977881,
      17.210266022561758,
      13.734909556503483
    ],
    "mape": [
      25.028361820982674,
      54.57401744571254,
      35.857780026003795,
      52.178223530702596,
      22.582995980197907,
      23.605919299881304,
      23.265569004690484,
      28.058629546821763,
      19.81518401829528,
      43.7241702347716,
      40.26726257280021,
      17.915956964466297,
      107.85903814421016,
      73.18861476710602,
      26.1148997943693,
      52.95473844434263,
      31.381103897718454,
      91.09378641529028,
      22.627626935151078,
      24.980731409681965,
      122.45284809661605,
      55.061080688169874,
      31.188327157884356,
      29.376159627653355,
      48.243691286295,
      49.437301272214434,
      22.56752581665174,
      28.918927411666058,
      43.58680523355565,
      88.00345062243487,
      18.648170968383408,
      27.792093786954332,
      32.97792534538021,
      34.7579179367769,
      71.06480798083021,
      25.835378151005912,
      19.38611795604394,
      133.13352580982945,
      43.783271318458034,
      20.177174328993186,
      75.60031286668973,
      31.525968992287805,
      50.73967803372178,
      77.45867228394299,
      53.87858727701435,
      20.22744517504115,
      18.044540342133512,
      39.853547537374304
    ]
  },
  "aggregated": {
    "rmse_mean": 22.666468228647176,
    "rmse_median": 22.440100959293474,
    "rmse_p90": 31.655563379322636,
    "mae_mean": 18.020638967913204,
    "mae_median": 17.1473661504469,
    "mae_p90": 25.87531798346838,
    "mape_mean": 44.39158049077497,
    "mape_median": 33.86792164107855,
    "mape_p90": 80.6221057854906,
    "smape_mean": 32.240378618092585,
    "smape_median": 30.062336797849582,
    "smape_p90": 49.030970838545585,
    "mape_pct_excluded_mean": 0.16005782734407292,
    "mape_pct_excluded_median": 0.0,
    "mape_pct_excluded_p90": 0.2850061957868638,
    "mape_threshold": 1.0
  }
}