{
  "seed": 13,
  "dataset": "geant",
  "loss": "asym",
  "T_eff": 2083,
  "num_links": 58,
  "models": {
    "DLinear": {
      "forecast": {
        "rmse_mean": 10667.7275390625,
        "mae_mean": 10665.1494140625,
        "mape_mean": 3892.4270804914936,
        "smape_mean": 149.38743591308594
      },
      "operational": {
        "overload_rate": 0.0,
        "sla_violation_rate": 0.0,
        "over_provisioning_cost": 1463581952.0,
        "asymmetric_op_cost": 1463581952.0,
        "u_max_mean": 0.3043598234653473,
        "u_max_max": 0.90786212682724
      }
    },
    "iTransformer": {
      "forecast": {
        "rmse_mean": 111.72431945800781,
        "mae_mean": 84.46630096435547,
        "mape_mean": 30.719521169004768,
        "smape_mean": 25.47208023071289
      },
      "operational": {
        "overload_rate": 0.00029797871107653084,
        "sla_violation_rate": 0.00029797871107653084,
        "over_provisioning_cost": 96393160.0,
        "asymmetric_op_cost": 96396320.0,
        "u_max_mean": 0.9157231450080872,
        "u_max_max": 1.831865906715393
      }
    }
  }
}