{
  "seed": 3,
  "dataset": "abilene",
  "loss": "asym",
  "T_eff": 9606,
  "num_links": 54,
  "models": {
    "LSTM": {
      "forecast": {
        "rmse_mean": 162.01834106445312,
        "mae_mean": 116.92061614990234,
        "mape_mean": 57.9031916724311,
        "smape_mean": 40.443878173828125
      },
      "operational": {
        "overload_rate": 0.052729389810380854,
        "sla_violation_rate": 0.052729389810380854,
        "over_provisioning_cost": 496657664.0,
        "asymmetric_op_cost": 525322112.0,
        "u_max_mean": 2.0757977962493896,
        "u_max_max": 6.773777484893799
      }
    },
    "LSTM_CQR": {
      "forecast": {
        "rmse_mean": null,
        "mae_mean": null,
        "mape_mean": null,
        "smape_mean": null
      },
      "operational": {
        "overload_rate": 0.03177412265482222,
        "sla_violation_rate": 0.03177412265482222,
        "over_provisioning_cost": 620174033.5261403,
        "asymmetric_op_cost": 647537043.2485448,
        "u_max_mean": 1.7292699103253828,
        "u_max_max": 6.03883387888266
      },
      "calibration": {
        "method": "cqr",
        "target_alpha": 0.05,
        "qhat_mean": 51.53074770282816,
        "qhat_per_link": [
          1.262590765953064,
          1.841834306716919,
          69.23487091064453,
          16.669750213623047,
          71.9225845336914,
          36.04229736328125,
          87.38729858398438,
          93.779296875,
          21.76445770263672,
          16.435745239257812,
          51.273529052734375,
          6.786096572875977,
          34.45334243774414,
          20.454133987426758,
          159.91818237304688,
          50.46051025390625,
          46.700042724609375,
          -8.622701644897461,
          112.37136840820312,
          38.344295501708984,
          68.69850158691406,
          104.69146728515625,
          87.43299865722656,
          54.239471435546875,
          26.69586181640625,
          9.840950012207031,
          25.939430236816406,
          16.959884643554688,
          87.31364440917969,
          72.20986938476562,
          1.313718557357788,
          1.9459924697875977,
          43.96491241455078,
          57.98442077636719,
          58.636260986328125,
          171.48199462890625,
          20.14263916015625,
          36.7572021484375,
          19.044240951538086,
          9.916267395019531,
          90.56649780273438,
          32.89794921875,
          18.704364776611328,
          24.966392517089844,
          118.8629150390625,
          54.19236755371094,
          125.68763732910156,
          78.39862060546875,
          9.917373657226562,
          18.372095108032227,
          29.822769165039062,
          16.149459838867188,
          130.38705444335938,
          130.04562377929688
        ],
        "coverage_overall": 0.8849098942790385,
        "mean_width": 273.6673278808594
      }
    },
    "LSTM_ACI": {
      "forecast": {
        "rmse_mean": null,
        "mae_mean": null,
        "mape_mean": null,
        "smape_mean": null
      },
      "operational": {
        "overload_rate": 0.0002795320825718494,
        "sla_violation_rate": 0.0002795320825718494,
        "over_provisioning_cost": 882579053.0318471,
        "asymmetric_op_cost": 882921767.779028,
        "u_max_mean": 1.0386564339189999,
        "u_max_max": 1.771505877080627
      },
      "calibration": {
        "method": "aci",
        "target_alpha": 0.05,
        "gamma": 0.005,
        "window": 500,
        "qhat_mean": 73.80867917449386,
        "alpha_final_mean": 0.05543153703703742,
        "coverage_overall": 0.9469987893369114,
        "mean_width": 345.13763427734375
      }
    }
  },
  "calibration": "both",
  "target_alpha": 0.05
}