{
  "seed": 99,
  "dataset": "abilene",
  "loss": "pinball",
  "T_eff": 9606,
  "num_links": 54,
  "models": {
    "LSTM": {
      "forecast": {
        "rmse_mean": 170.50921630859375,
        "mae_mean": 111.05661010742188,
        "mape_mean": 59.49180147382948,
        "smape_mean": 41.06325912475586
      },
      "operational": {
        "overload_rate": 0.05661199404693054,
        "sla_violation_rate": 0.05661199404693054,
        "over_provisioning_cost": 476753024.0,
        "asymmetric_op_cost": 514322016.0,
        "u_max_mean": 2.155400276184082,
        "u_max_max": 8.502479553222656
      }
    }
  }
}