{
  "seed": 8191,
  "dataset": "abilene",
  "loss": "asym_l1",
  "T_eff": 9606,
  "num_links": 54,
  "models": {
    "LSTM": {
      "forecast": {
        "rmse_mean": 189.20596313476562,
        "mae_mean": 89.98388671875,
        "mape_mean": 42.77520610668041,
        "smape_mean": 34.25794982910156
      },
      "operational": {
        "overload_rate": 0.0831463360091301,
        "sla_violation_rate": 0.0831463360091301,
        "over_provisioning_cost": 225774848.0,
        "asymmetric_op_cost": 249232464.0,
        "u_max_mean": 2.9931790828704834,
        "u_max_max": 9.237631797790527
      }
    }
  }
}