{
  "seed": 8191,
  "dataset": "abilene",
  "loss": "asym_l1",
  "T_eff": 9606,
  "num_links": 54,
  "models": {
    "DLinear": {
      "forecast": {
        "rmse_mean": 43.37205505371094,
        "mae_mean": 17.385011672973633,
        "mape_mean": 9.15573266700462,
        "smape_mean": 8.586284637451172
      },
      "operational": {
        "overload_rate": 9.639037330063772e-06,
        "sla_violation_rate": 9.639037330063772e-06,
        "over_provisioning_cost": 1084252416.0,
        "asymmetric_op_cost": 1084252672.0,
        "u_max_mean": 0.9337536692619324,
        "u_max_max": 1.0779321193695068
      }
    },
    "iTransformer": {
      "forecast": {
        "rmse_mean": 46.8646240234375,
        "mae_mean": 18.193620681762695,
        "mape_mean": 9.344890316327414,
        "smape_mean": 8.66019344329834
      },
      "operational": {
        "overload_rate": 0.0,
        "sla_violation_rate": 0.0,
        "over_provisioning_cost": 1241185664.0,
        "asymmetric_op_cost": 1241185664.0,
        "u_max_mean": 0.8296138644218445,
        "u_max_max": 0.9359327554702759
      }
    }
  }
}