{
  "seed": 13,
  "dataset": "cesnet",
  "loss": "asym_l1",
  "T_eff": 7624,
  "num_links": 20,
  "models": {
    "DLinear": {
      "forecast": {
        "rmse_mean": 90.23302459716797,
        "mae_mean": 81.60698699951172,
        "mape_mean": 354.01428718566893,
        "smape_mean": 108.5794906616211
      },
      "operational": {
        "overload_rate": 0.0001114900314795383,
        "sla_violation_rate": 0.0001114900314795383,
        "over_provisioning_cost": 90562400.0,
        "asymmetric_op_cost": 90636024.0,
        "u_max_mean": 0.9836508631706238,
        "u_max_max": 1.3664368391036987
      }
    },
    "iTransformer": {
      "forecast": {
        "rmse_mean": 100.69062042236328,
        "mae_mean": 81.28898620605469,
        "mape_mean": 348.1458324432373,
        "smape_mean": 105.51851654052734
      },
      "operational": {
        "overload_rate": 5.902413431269675e-05,
        "sla_violation_rate": 5.902413431269675e-05,
        "over_provisioning_cost": 103304720.0,
        "asymmetric_op_cost": 103337072.0,
        "u_max_mean": 0.8712441325187683,
        "u_max_max": 1.1982377767562866
      }
    }
  }
}