{
  "seed": 100003,
  "dataset": "abilene",
  "loss": "asym_l1",
  "T_eff": 9606,
  "num_links": 54,
  "models": {
    "DLinear": {
      "forecast": {
        "rmse_mean": 53.89854431152344,
        "mae_mean": 27.779605865478516,
        "mape_mean": 15.856156914322465,
        "smape_mean": 13.902307510375977
      },
      "operational": {
        "overload_rate": 3.855614932025509e-06,
        "sla_violation_rate": 3.855614932025509e-06,
        "over_provisioning_cost": 1163788032.0,
        "asymmetric_op_cost": 1163788288.0,
        "u_max_mean": 0.882223904132843,
        "u_max_max": 1.0339171886444092
      }
    },
    "iTransformer": {
      "forecast": {
        "rmse_mean": 80.47406768798828,
        "mae_mean": 31.69130516052246,
        "mape_mean": 16.746619092093574,
        "smape_mean": 13.967667579650879
      },
      "operational": {
        "overload_rate": 0.0,
        "sla_violation_rate": 0.0,
        "over_provisioning_cost": 1693073920.0,
        "asymmetric_op_cost": 1693073920.0,
        "u_max_mean": 0.6594635844230652,
        "u_max_max": 0.844209611415863
      }
    }
  }
}