{
  "seed": 456,
  "dataset": "cesnet",
  "loss": "asym_l1",
  "T_eff": 7624,
  "num_links": 20,
  "models": {
    "DLinear": {
      "forecast": {
        "rmse_mean": 29.749996185302734,
        "mae_mean": 21.45175552368164,
        "mape_mean": 90.13330249786377,
        "smape_mean": 52.21364212036133
      },
      "operational": {
        "overload_rate": 0.0007214060860440713,
        "sla_violation_rate": 0.0007214060860440713,
        "over_provisioning_cost": 49604528.0,
        "asymmetric_op_cost": 49646716.0,
        "u_max_mean": 1.6846262216567993,
        "u_max_max": 3.2009074687957764
      }
    },
    "iTransformer": {
      "forecast": {
        "rmse_mean": 28.644306182861328,
        "mae_mean": 19.538293838500977,
        "mape_mean": 75.26216545104981,
        "smape_mean": 47.15987014770508
      },
      "operational": {
        "overload_rate": 0.0013772298006295908,
        "sla_violation_rate": 0.0013772298006295908,
        "over_provisioning_cost": 44462488.0,
        "asymmetric_op_cost": 44532276.0,
        "u_max_mean": 2.1031181812286377,
        "u_max_max": 3.402427911758423
      }
    }
  }
}