{
  "seed": 100003,
  "dataset": "geant",
  "loss": "asym_l1",
  "T_eff": 2083,
  "num_links": 58,
  "models": {
    "DLinear": {
      "forecast": {
        "rmse_mean": 681.516357421875,
        "mae_mean": 611.7730102539062,
        "mape_mean": 130.74547978105215,
        "smape_mean": 76.0717544555664
      },
      "operational": {
        "overload_rate": 0.020154948929759796,
        "sla_violation_rate": 0.020154948929759796,
        "over_provisioning_cost": 216065664.0,
        "asymmetric_op_cost": 242705520.0,
        "u_max_mean": 0.8853380680084229,
        "u_max_max": 17.40531349182129
      }
    },
    "iTransformer": {
      "forecast": {
        "rmse_mean": 192.47653198242188,
        "mae_mean": 155.7425537109375,
        "mape_mean": 57.210010906745644,
        "smape_mean": 39.13884735107422
      },
      "operational": {
        "overload_rate": 8.277186418792524e-06,
        "sla_violation_rate": 8.277186418792524e-06,
        "over_provisioning_cost": 150670400.0,
        "asymmetric_op_cost": 150670448.0,
        "u_max_mean": 0.6188604235649109,
        "u_max_max": 1.0647798776626587
      }
    }
  }
}