{
  "seed": 123,
  "dataset": "geant",
  "loss": "asym",
  "T_eff": 2083,
  "num_links": 58,
  "models": {
    "LSTM": {
      "forecast": {
        "rmse_mean": 1884.8692626953125,
        "mae_mean": 1832.8302001953125,
        "mape_mean": 794.8715372085571,
        "smape_mean": 124.69575500488281
      },
      "operational": {
        "overload_rate": 0.2076994388067608,
        "sla_violation_rate": 0.2076994388067608,
        "over_provisioning_cost": 274796352.0,
        "asymmetric_op_cost": 383302048.0,
        "u_max_mean": 108390302875648.0,
        "u_max_max": 1690948622876672.0
      }
    },
    "LSTM_CQR": {
      "forecast": {
        "rmse_mean": null,
        "mae_mean": null,
        "mape_mean": null,
        "smape_mean": null
      },
      "operational": {
        "overload_rate": 0.012672372407171355,
        "sla_violation_rate": 0.012672372407171355,
        "over_provisioning_cost": 280662607.6470231,
        "asymmetric_op_cost": 281042679.503188,
        "u_max_mean": 0.8257741767994453,
        "u_max_max": 3.269406496306139
      },
      "calibration": {
        "method": "cqr",
        "target_alpha": 0.2,
        "qhat_mean": 12.8674888194635,
        "qhat_per_link": [
          627.938720703125,
          383.66741943359375,
          -1960.0511474609375,
          1320.5380859375,
          454.498779296875,
          -1578.30322265625,
          -1601.778076171875,
          -2286.6748046875,
          -1437.180908203125,
          1112.518310546875,
          932.527587890625,
          383.73614501953125,
          492.76214599609375,
          1413.3865966796875,
          -1526.947509765625,
          -2689.48974609375,
          283.7546081542969,
          6.596527099609375,
          979.9345703125,
          -4211.20458984375,
          -3809.4833984375,
          -1078.480712890625,
          342.20892333984375,
          -539.2747192382812,
          459.45819091796875,
          -45.80876159667969,
          1739.472412109375,
          4388.31298828125,
          -6835.6630859375,
          -265.7916564941406,
          -2.9827041625976562,
          -2201.421875,
          23.30450439453125,
          4.651238918304443,
          1681.14453125,
          -764.0125122070312,
          2978.3154296875,
          229.0639190673828,
          8.212388038635254,
          1072.216552734375,
          59.193359375,
          -1.1044244766235352,
          -12.100580215454102,
          10550.4560546875,
          460.47772216796875,
          131.3958740234375,
          3.995969772338867,
          -1204.86083984375,
          -38.38101577758789,
          0.4509715735912323,
          -12.768585205078125,
          4254.8291015625,
          -660.830078125,
          33.25566482543945,
          9.581621170043945,
          1.3592910766601562,
          -109.63929748535156,
          -1202.6676025390625
        ],
        "coverage_overall": 0.8196152763752546,
        "mean_width": 2550.70361328125
      }
    },
    "LSTM_ACI": {
      "forecast": {
        "rmse_mean": null,
        "mae_mean": null,
        "mape_mean": null,
        "smape_mean": null
      },
      "operational": {
        "overload_rate": 0.0052063502574204975,
        "sla_violation_rate": 0.0052063502574204975,
        "over_provisioning_cost": 276719355.72540987,
        "asymmetric_op_cost": 276816493.93265235,
        "u_max_mean": 0.8249919018389085,
        "u_max_max": 3.5316406712336703
      },
      "calibration": {
        "method": "aci",
        "target_alpha": 0.2,
        "gamma": 0.005,
        "window": 500,
        "qhat_mean": -117.35597011344186,
        "alpha_final_mean": 0.24203456896551728,
        "coverage_overall": 0.755922326882646,
        "mean_width": 2276.955810546875
      }
    }
  },
  "calibration": "both",
  "target_alpha": 0.2
}