{
  "seed": 789,
  "dataset": "geant",
  "loss": "asym",
  "T_eff": 2083,
  "num_links": 58,
  "models": {
    "DLinear": {
      "forecast": {
        "rmse_mean": 836.1727905273438,
        "mae_mean": 817.2366943359375,
        "mape_mean": 335.692973712395,
        "smape_mean": 90.02926635742188
      },
      "operational": {
        "overload_rate": 0.08423692618405151,
        "sla_violation_rate": 0.08423692618405151,
        "over_provisioning_cost": 110041408.0,
        "asymmetric_op_cost": 117089368.0,
        "u_max_mean": 1.2279101610183716,
        "u_max_max": 4.97619104385376
      }
    },
    "iTransformer": {
      "forecast": {
        "rmse_mean": 97.26988983154297,
        "mae_mean": 71.04739379882812,
        "mape_mean": 24.430708975627503,
        "smape_mean": 21.95961570739746
      },
      "operational": {
        "overload_rate": 0.003095667720628404,
        "sla_violation_rate": 0.003095667720628404,
        "over_provisioning_cost": 67241784.0,
        "asymmetric_op_cost": 67247080.0,
        "u_max_mean": 1.1611073017120361,
        "u_max_max": 2.6313650608062744
      }
    }
  }
}