{
  "seed": 271828,
  "dataset": "geant",
  "loss": "asym_l1",
  "T_eff": 2083,
  "num_links": 58,
  "models": {
    "LSTM": {
      "forecast": {
        "rmse_mean": 1576.609619140625,
        "mae_mean": 1532.46337890625,
        "mape_mean": 567.4335045650088,
        "smape_mean": 122.14820098876953
      },
      "operational": {
        "overload_rate": 0.07869121128346053,
        "sla_violation_rate": 0.07869121128346053,
        "over_provisioning_cost": 279069216.0,
        "asymmetric_op_cost": 469352064.0,
        "u_max_mean": 14048130236416.0,
        "u_max_max": 415114427629568.0
      }
    }
  }
}