{
  "seed": 17,
  "dataset": "cesnet",
  "loss": "asym_l1",
  "T_eff": 7624,
  "num_links": 20,
  "models": {
    "DLinear": {
      "forecast": {
        "rmse_mean": 29.774898529052734,
        "mae_mean": 21.631580352783203,
        "mape_mean": 88.94418239593506,
        "smape_mean": 52.03194046020508
      },
      "operational": {
        "overload_rate": 0.0006886149003147954,
        "sla_violation_rate": 0.0006886149003147954,
        "over_provisioning_cost": 49114536.0,
        "asymmetric_op_cost": 49155540.0,
        "u_max_mean": 1.670949935913086,
        "u_max_max": 3.030834913253784
      }
    },
    "iTransformer": {
      "forecast": {
        "rmse_mean": 28.03045082092285,
        "mae_mean": 18.822832107543945,
        "mape_mean": 69.11320238113403,
        "smape_mean": 45.0646858215332
      },
      "operational": {
        "overload_rate": 0.0015083945435466946,
        "sla_violation_rate": 0.0015083945435466946,
        "over_provisioning_cost": 44331112.0,
        "asymmetric_op_cost": 44404192.0,
        "u_max_mean": 2.1315290927886963,
        "u_max_max": 3.855283498764038
      }
    }
  }
}