{
  "seed": 7,
  "dataset": "cesnet",
  "loss": "mse",
  "T_eff": 7624,
  "num_links": 20,
  "models": {
    "DCRNN": {
      "forecast": {
        "rmse_mean": 23.667478561401367,
        "mae_mean": 13.630128860473633,
        "mape_mean": 46.24771709442139,
        "smape_mean": 36.51576614379883
      },
      "operational": {
        "overload_rate": 0.005082633788037775,
        "sla_violation_rate": 0.005082633788037775,
        "over_provisioning_cost": 30141976.0,
        "asymmetric_op_cost": 30181344.0,
        "u_max_mean": 3.0221128463745117,
        "u_max_max": 5.863621234893799
      }
    }
  }
}