{
  "seed": 8191,
  "dataset": "cesnet",
  "loss": "asym",
  "T_eff": 7624,
  "num_links": 20,
  "models": {
    "LSTM": {
      "forecast": {
        "rmse_mean": 81.11102294921875,
        "mae_mean": 77.28036499023438,
        "mape_mean": 444.81823348999023,
        "smape_mean": 108.32096862792969
      },
      "operational": {
        "overload_rate": 0.006027019937040924,
        "sla_violation_rate": 0.006027019937040924,
        "over_provisioning_cost": 26356044.0,
        "asymmetric_op_cost": 32555900.0,
        "u_max_mean": 3.1103720664978027,
        "u_max_max": 5.319329261779785
      }
    }
  }
}