{
  "seed": 1,
  "dataset": "cesnet",
  "loss": "asym_l1",
  "T_eff": 7624,
  "num_links": 20,
  "models": {
    "DLinear": {
      "forecast": {
        "rmse_mean": 24.326488494873047,
        "mae_mean": 14.578328132629395,
        "mape_mean": 54.378179454803465,
        "smape_mean": 39.03083038330078
      },
      "operational": {
        "overload_rate": 0.0015608604407135363,
        "sla_violation_rate": 0.0015608604407135363,
        "over_provisioning_cost": 39052652.0,
        "asymmetric_op_cost": 39088572.0,
        "u_max_mean": 2.0908443927764893,
        "u_max_max": 4.714367866516113
      }
    },
    "iTransformer": {
      "forecast": {
        "rmse_mean": 23.800243377685547,
        "mae_mean": 13.6415433883667,
        "mape_mean": 43.934730529785156,
        "smape_mean": 35.85715103149414
      },
      "operational": {
        "overload_rate": 0.003961175236096537,
        "sla_violation_rate": 0.003961175236096537,
        "over_provisioning_cost": 34841344.0,
        "asymmetric_op_cost": 34901364.0,
        "u_max_mean": 2.784914493560791,
        "u_max_max": 6.218841552734375
      }
    }
  }
}