{
  "seed": 456,
  "dataset": "abilene",
  "loss": "asym_l1",
  "T_eff": 9606,
  "num_links": 54,
  "models": {
    "DLinear": {
      "forecast": {
        "rmse_mean": 42.274261474609375,
        "mae_mean": 16.223464965820312,
        "mape_mean": 8.21945227958538,
        "smape_mean": 7.990060329437256
      },
      "operational": {
        "overload_rate": 3.662834185424233e-05,
        "sla_violation_rate": 3.662834185424233e-05,
        "over_provisioning_cost": 1062282752.0,
        "asymmetric_op_cost": 1062283008.0,
        "u_max_mean": 0.9581246972084045,
        "u_max_max": 1.108824372291565
      }
    },
    "iTransformer": {
      "forecast": {
        "rmse_mean": 45.504024505615234,
        "mae_mean": 16.78376579284668,
        "mape_mean": 8.34928615004928,
        "smape_mean": 8.182173728942871
      },
      "operational": {
        "overload_rate": 9.639037330063772e-06,
        "sla_violation_rate": 9.639037330063772e-06,
        "over_provisioning_cost": 1124621440.0,
        "asymmetric_op_cost": 1124621568.0,
        "u_max_mean": 0.9168033003807068,
        "u_max_max": 1.121164083480835
      }
    }
  }
}