{
  "seed": 13,
  "dataset": "abilene",
  "loss": "asym",
  "T_eff": 9606,
  "num_links": 54,
  "models": {
    "DLinear": {
      "forecast": {
        "rmse_mean": 71.24620056152344,
        "mae_mean": 34.147438049316406,
        "mape_mean": 15.001811566176238,
        "smape_mean": 13.140585899353027
      },
      "operational": {
        "overload_rate": 1.1566844796076525e-05,
        "sla_violation_rate": 1.1566844796076525e-05,
        "over_provisioning_cost": 1230650624.0,
        "asymmetric_op_cost": 1230651520.0,
        "u_max_mean": 0.9051814675331116,
        "u_max_max": 1.1159050464630127
      }
    },
    "iTransformer": {
      "forecast": {
        "rmse_mean": 54.219093322753906,
        "mae_mean": 21.562999725341797,
        "mape_mean": 11.132403647458112,
        "smape_mean": 9.925834655761719
      },
      "operational": {
        "overload_rate": 0.0,
        "sla_violation_rate": 0.0,
        "over_provisioning_cost": 1188985728.0,
        "asymmetric_op_cost": 1188985728.0,
        "u_max_mean": 0.8535250425338745,
        "u_max_max": 0.9833658933639526
      }
    }
  }
}