{
  "seed": 1,
  "dataset": "abilene",
  "loss": "asym",
  "T_eff": 9606,
  "num_links": 54,
  "models": {
    "DLinear": {
      "forecast": {
        "rmse_mean": 52.737548828125,
        "mae_mean": 30.189041137695312,
        "mape_mean": 15.220035464675338,
        "smape_mean": 13.469867706298828
      },
      "operational": {
        "overload_rate": 7.711229864051018e-06,
        "sla_violation_rate": 7.711229864051018e-06,
        "over_provisioning_cost": 1134307840.0,
        "asymmetric_op_cost": 1134308224.0,
        "u_max_mean": 0.9146299958229065,
        "u_max_max": 1.0892406702041626
      }
    },
    "iTransformer": {
      "forecast": {
        "rmse_mean": 56.161102294921875,
        "mae_mean": 21.951976776123047,
        "mape_mean": 11.323348124821981,
        "smape_mean": 10.091561317443848
      },
      "operational": {
        "overload_rate": 1.9278074660127544e-06,
        "sla_violation_rate": 1.9278074660127544e-06,
        "over_provisioning_cost": 1274097024.0,
        "asymmetric_op_cost": 1274097024.0,
        "u_max_mean": 0.8554770946502686,
        "u_max_max": 1.0101499557495117
      }
    }
  }
}