{
  "seed": 65521,
  "dataset": "abilene",
  "loss": "asym_l1",
  "T_eff": 9606,
  "num_links": 54,
  "models": {
    "DLinear": {
      "forecast": {
        "rmse_mean": 54.97520446777344,
        "mae_mean": 28.07760238647461,
        "mape_mean": 15.77374040638959,
        "smape_mean": 13.851202011108398
      },
      "operational": {
        "overload_rate": 5.783422398038263e-06,
        "sla_violation_rate": 5.783422398038263e-06,
        "over_provisioning_cost": 1173691648.0,
        "asymmetric_op_cost": 1173691648.0,
        "u_max_mean": 0.8724585771560669,
        "u_max_max": 1.0066063404083252
      }
    },
    "iTransformer": {
      "forecast": {
        "rmse_mean": 70.3550033569336,
        "mae_mean": 33.814300537109375,
        "mape_mean": 18.444674641997725,
        "smape_mean": 15.097081184387207
      },
      "operational": {
        "overload_rate": 0.0,
        "sla_violation_rate": 0.0,
        "over_provisioning_cost": 1304869632.0,
        "asymmetric_op_cost": 1304869632.0,
        "u_max_mean": 0.7913883924484253,
        "u_max_max": 0.9260598421096802
      }
    }
  }
}