{
  "num_seeds": 5,
  "seeds": [
    42,
    123,
    456,
    789,
    1024
  ],
  "dataset": "abilene",
  "loss": "asym",
  "per_seed": [
    {
      "seed": 42,
      "dataset": "abilene",
      "loss": "asym",
      "T_eff": 9606,
      "num_links": 54,
      "models": {
        "LSTM": {
          "forecast": {
            "rmse_mean": 89.46773529052734,
            "mae_mean": 48.82149887084961,
            "mape_mean": 25.875937302907307,
            "smape_mean": 22.279285430908203
          },
          "operational": {
            "overload_rate": 0.009646748559927823,
            "sla_violation_rate": 0.009646748559927823,
            "over_provisioning_cost": 949227136.0,
            "asymmetric_op_cost": 951786624.0,
            "u_max_mean": 1.2581367492675781,
            "u_max_max": 3.4901881217956543
          }
        }
      }
    },
    {
      "seed": 123,
      "dataset": "abilene",
      "loss": "asym",
      "T_eff": 9606,
      "num_links": 54,
      "models": {
        "LSTM": {
          "forecast": {
            "rmse_mean": 86.68306732177734,
            "mae_mean": 48.11287307739258,
            "mape_mean": 26.111062818103367,
            "smape_mean": 22.02012825012207
          },
          "operational": {
            "overload_rate": 0.009401917011744204,
            "sla_violation_rate": 0.009401917011744204,
            "over_provisioning_cost": 843254208.0,
            "asymmetric_op_cost": 846048384.0,
            "u_max_mean": 1.3021150827407837,
            "u_max_max": 3.252068042755127
          }
        }
      }
    },
    {
      "seed": 456,
      "dataset": "abilene",
      "loss": "asym",
      "T_eff": 9606,
      "num_links": 54,
      "models": {
        "LSTM": {
          "forecast": {
            "rmse_mean": 103.54058074951172,
            "mae_mean": 59.531005859375,
            "mape_mean": 30.68089954941361,
            "smape_mean": 25.014572143554688
          },
          "operational": {
            "overload_rate": 0.009851096151325175,
            "sla_violation_rate": 0.009851096151325175,
            "over_provisioning_cost": 957990912.0,
            "asymmetric_op_cost": 960409536.0,
            "u_max_mean": 1.1901230812072754,
            "u_max_max": 3.3118748664855957
          }
        }
      }
    },
    {
      "seed": 789,
      "dataset": "abilene",
      "loss": "asym",
      "T_eff": 9606,
      "num_links": 54,
      "models": {
        "LSTM": {
          "forecast": {
            "rmse_mean": 104.95584869384766,
            "mae_mean": 60.94783401489258,
            "mape_mean": 30.18973297542996,
            "smape_mean": 24.065046310424805
          },
          "operational": {
            "overload_rate": 0.011896499872764707,
            "sla_violation_rate": 0.011896499872764707,
            "over_provisioning_cost": 888144512.0,
            "asymmetric_op_cost": 893393408.0,
            "u_max_mean": 1.2603014707565308,
            "u_max_max": 3.2648088932037354
          }
        }
      }
    },
    {
      "seed": 1024,
      "dataset": "abilene",
      "loss": "asym",
      "T_eff": 9606,
      "num_links": 54,
      "models": {
        "LSTM": {
          "forecast": {
            "rmse_mean": 102.85800170898438,
            "mae_mean": 59.22208023071289,
            "mape_mean": 29.64953906447799,
            "smape_mean": 24.466230392456055
          },
          "operational": {
            "overload_rate": 0.008864058728726644,
            "sla_violation_rate": 0.008864058728726644,
            "over_provisioning_cost": 833610624.0,
            "asymmetric_op_cost": 836667840.0,
            "u_max_mean": 1.2165693044662476,
            "u_max_max": 2.7973148822784424
          }
        }
      }
    }
  ],
  "models": {
    "LSTM": {
      "forecast": {
        "rmse_mean": {
          "mean": 97.50104675292968,
          "std": 7.775728664249845,
          "min": 86.68306732177734,
          "max": 104.95584869384766,
          "values": [
            89.46773529052734,
            86.68306732177734,
            103.54058074951172,
            104.95584869384766,
            102.85800170898438
          ]
        },
        "mae_mean": {
          "mean": 55.32705841064453,
          "std": 5.63567675567239,
          "min": 48.11287307739258,
          "max": 60.94783401489258,
          "values": [
            48.82149887084961,
            48.11287307739258,
            59.531005859375,
            60.94783401489258,
            59.22208023071289
          ]
        },
        "mape_mean": {
          "mean": 28.501434342066442,
          "std": 2.0748819746811913,
          "min": 25.875937302907307,
          "max": 30.68089954941361,
          "values": [
            25.875937302907307,
            26.111062818103367,
            30.68089954941361,
            30.18973297542996,
            29.64953906447799
          ]
        },
        "smape_mean": {
          "mean": 23.569052505493165,
          "std": 1.2002608462303206,
          "min": 22.02012825012207,
          "max": 25.014572143554688,
          "values": [
            22.279285430908203,
            22.02012825012207,
            25.014572143554688,
            24.065046310424805,
            24.466230392456055
          ]
        }
      },
      "operational": {
        "overload_rate": {
          "mean": 0.009932064064897711,
          "std": 0.0010362104110354991,
          "min": 0.008864058728726644,
          "max": 0.011896499872764707,
          "values": [
            0.009646748559927823,
            0.009401917011744204,
            0.009851096151325175,
            0.011896499872764707,
            0.008864058728726644
          ]
        },
        "sla_violation_rate": {
          "mean": 0.009932064064897711,
          "std": 0.0010362104110354991,
          "min": 0.008864058728726644,
          "max": 0.011896499872764707,
          "values": [
            0.009646748559927823,
            0.009401917011744204,
            0.009851096151325175,
            0.011896499872764707,
            0.008864058728726644
          ]
        },
        "over_provisioning_cost": {
          "mean": 894445478.4,
          "std": 51769064.10864444,
          "min": 833610624.0,
          "max": 957990912.0,
          "values": [
            949227136.0,
            843254208.0,
            957990912.0,
            888144512.0,
            833610624.0
          ]
        },
        "asymmetric_op_cost": {
          "mean": 897661158.4,
          "std": 51515438.4277854,
          "min": 836667840.0,
          "max": 960409536.0,
          "values": [
            951786624.0,
            846048384.0,
            960409536.0,
            893393408.0,
            836667840.0
          ]
        },
        "u_max_mean": {
          "mean": 1.245449137687683,
          "std": 0.03869783949143022,
          "min": 1.1901230812072754,
          "max": 1.3021150827407837,
          "values": [
            1.2581367492675781,
            1.3021150827407837,
            1.1901230812072754,
            1.2603014707565308,
            1.2165693044662476
          ]
        },
        "u_max_max": {
          "mean": 3.223250961303711,
          "std": 0.22938555905888827,
          "min": 2.7973148822784424,
          "max": 3.4901881217956543,
          "values": [
            3.4901881217956543,
            3.252068042755127,
            3.3118748664855957,
            3.2648088932037354,
            2.7973148822784424
          ]
        }
      }
    }
  }
}