{
  "seed": 1,
  "dataset": "geant",
  "loss": "asym",
  "T_eff": 2083,
  "num_links": 58,
  "models": {
    "DLinear": {
      "forecast": {
        "rmse_mean": 3756.92724609375,
        "mae_mean": 3750.655517578125,
        "mape_mean": 1386.9334571073796,
        "smape_mean": 123.75881958007812
      },
      "operational": {
        "overload_rate": 0.0015395566738954094,
        "sla_violation_rate": 0.0015395566738954094,
        "over_provisioning_cost": 539558592.0,
        "asymmetric_op_cost": 539804736.0,
        "u_max_mean": 0.5130699872970581,
        "u_max_max": 1.4450446367263794
      }
    },
    "iTransformer": {
      "forecast": {
        "rmse_mean": 97.80870056152344,
        "mae_mean": 71.63875579833984,
        "mape_mean": 25.97493649351186,
        "smape_mean": 22.690101623535156
      },
      "operational": {
        "overload_rate": 0.0016802688430148825,
        "sla_violation_rate": 0.0016802688430148825,
        "over_provisioning_cost": 73559872.0,
        "asymmetric_op_cost": 73571416.0,
        "u_max_mean": 1.0956590175628662,
        "u_max_max": 2.2516732215881348
      }
    }
  }
}