{
  "seed": 1024,
  "dataset": "abilene",
  "loss": "asym",
  "T_eff": 9606,
  "num_links": 54,
  "models": {
    "LSTM": {
      "forecast": {
        "rmse_mean": 251.4552764892578,
        "mae_mean": 216.49044799804688,
        "mape_mean": 121.99634566130462,
        "smape_mean": 59.722557067871094
      },
      "operational": {
        "overload_rate": 0.030459357963001518,
        "sla_violation_rate": 0.030459357963001518,
        "over_provisioning_cost": 714081536.0,
        "asymmetric_op_cost": 1003770112.0,
        "u_max_mean": 1.6049071550369263,
        "u_max_max": 5.761744976043701
      }
    }
  }
}