{
  "seed": 3,
  "dataset": "cesnet",
  "loss": "asym",
  "T_eff": 7624,
  "num_links": 20,
  "models": {
    "DLinear": {
      "forecast": {
        "rmse_mean": 25.369403839111328,
        "mae_mean": 16.524044036865234,
        "mape_mean": 70.74005737304688,
        "smape_mean": 44.730567932128906
      },
      "operational": {
        "overload_rate": 0.0017051416579223506,
        "sla_violation_rate": 0.0017051416579223506,
        "over_provisioning_cost": 38236972.0,
        "asymmetric_op_cost": 38273376.0,
        "u_max_mean": 2.2076234817504883,
        "u_max_max": 4.491570472717285
      }
    },
    "iTransformer": {
      "forecast": {
        "rmse_mean": 24.337636947631836,
        "mae_mean": 14.683267593383789,
        "mape_mean": 51.5886643409729,
        "smape_mean": 38.449012756347656
      },
      "operational": {
        "overload_rate": 0.0028593913955928646,
        "sla_violation_rate": 0.0028593913955928646,
        "over_provisioning_cost": 35824260.0,
        "asymmetric_op_cost": 35873720.0,
        "u_max_mean": 2.5178704261779785,
        "u_max_max": 4.8503313064575195
      }
    }
  }
}