{
  "per_link": {
    "rmse": [
      17.524011611938477,
      15.047831535339355,
      19.342641830444336,
      31.15363883972168,
      18.961055755615234,
      11.052123069763184,
      19.246191024780273,
      23.74097442626953,
      17.306753158569336,
      9.662115097045898,
      12.568758964538574,
      8.15579891204834,
      15.391119003295898,
      15.003072738647461,
      14.232393264770508,
      19.717260360717773,
      15.416210174560547,
      12.118980407714844,
      14.033892631530762,
      16.56206703186035,
      14.141053199768066,
      21.599163055419922,
      15.510502815246582,
      10.009903907775879,
      10.69476318359375,
      14.46451187133789,
      12.475443840026855,
      15.536978721618652,
      9.802250862121582,
      20.620351791381836,
      18.527883529663086,
      8.921492576599121,
      10.488149642944336,
      9.75607967376709,
      16.654016494750977,
      20.294679641723633,
      17.937715530395508,
      15.354886054992676,
      22.90517807006836,
      27.68744659423828,
      15.043008804321289,
      19.149028778076172,
      19.931245803833008,
      17.617116928100586,
      15.745455741882324,
      22.53029441833496,
      23.240089416503906,
      16.283056259155273
    ],
    "mae": [
      13.325026512145996,
      11.415970802307129,
      13.849818229675293,
      23.96379852294922,
      13.818598747253418,
      7.47769832611084,
      14.038544654846191,
      17.677486419677734,
      13.066275596618652,
      7.359501838684082,
      9.215429306030273,
      6.117108345031738,
      11.168992042541504,
      10.323763847351074,
      10.220141410827637,
      14.299564361572266,
      11.092914581298828,
      8.514352798461914,
      9.977005004882812,
      12.551558494567871,
      10.700918197631836,
      15.54889965057373,
      11.567679405212402,
      6.750143527984619,
      8.219707489013672,
      10.731423377990723,
      9.216285705566406,
      11.296265602111816,
      7.162691116333008,
      15.892990112304688,
      13.81266975402832,
      6.567350387573242,
      7.1092939376831055,
      6.885549545288086,
      12.092137336730957,
      15.031749725341797,
      13.631024360656738,
      11.116752624511719,
      17.520191192626953,
      21.740577697753906,
      10.991006851196289,
      13.991975784301758,
      13.933903694152832,
      12.805238723754883,
      11.362006187438965,
      16.93802261352539,
      18.17746925354004,
      11.886488914489746
    ],
    "mape": [
      19.9982852935791,
      25.527576446533203,
      23.858489990234375,
      14.077522277832031,
      22.60881233215332,
      38.82783126831055,
      22.603294372558594,
      18.32792091369629,
      18.83588218688965,
      24.82194709777832,
      26.526090621948242,
      56.26494216918945,
      35.88011932373047,
      40.265960693359375,
      26.862228393554688,
      22.548202514648438,
      20.344507217407227,
      25.17116355895996,
      25.678190231323242,
      30.465072631835938,
      19.814876556396484,
      20.967857360839844,
      19.793560028076172,
      50.845252990722656,
      27.807024002075195,
      31.906526565551758,
      23.81967544555664,
      18.98830223083496,
      28.709321975708008,
      14.1354398727417,
      23.808237075805664,
      33.262054443359375,
      52.49763870239258,
      41.42512130737305,
      18.72027587890625,
      22.52821922302246,
      20.15604591369629,
      42.69020462036133,
      13.28246021270752,
      14.104336738586426,
      23.762004852294922,
      23.855880737304688,
      24.606586456298828,
      20.936431884765625,
      21.592287063598633,
      12.694941520690918,
      14.292708396911621,
      18.612754821777344
    ]
  },
  "aggregated": {
    "rmse_mean": 16.440805435180664,
    "rmse_median": 15.641217231750488,
    "rmse_p90": 22.642759323120117,
    "mae_mean": 12.128207206726074,
    "mae_median": 11.491825103759766,
    "mae_p90": 17.112672805786133,
    "mape_mean": 25.814793050289154,
    "mape_median": 23.785120964050293,
    "mape_p90": 40.61370887756348,
    "smape_mean": 22.80928611755371,
    "smape_median": 20.98388671875,
    "smape_p90": 31.519495010375977,
    "mape_pct_excluded_mean": 0.6377551020408163,
    "mape_pct_excluded_median": 0.0,
    "mape_pct_excluded_p90": 0.5850340136054449,
    "mape_threshold": 1.0
  }
}