{
  "per_link": {
    "rmse": [
      34.85132856551474,
      16.09201636365903,
      22.37553099462916,
      31.103208078394722,
      25.16314726825497,
      13.436589046509672,
      32.63270560809917,
      25.963581059342314,
      25.055611680586637,
      9.759729743180605,
      20.83748172080293,
      13.649050711369183,
      39.80831065110783,
      31.32470034323435,
      16.983304897159318,
      31.090576761193315,
      18.65684699694105,
      17.580885468792847,
      15.462820359618432,
      37.074723991081946,
      14.216109982359265,
      22.09722831157094,
      35.47744332596023,
      18.292381160085526,
      14.52678550858015,
      20.79885593038965,
      23.18486512090997,
      16.39235003795135,
      12.644389294261954,
      26.363181669346933,
      20.473222980836777,
      11.766853109371436,
      18.89186873977154,
      12.087275101554841,
      17.226743026786604,
      26.11298567901891,
      40.972431316662934,
      31.69784142740205,
      35.92062539713173,
      40.341598711300264,
      23.34419210257219,
      21.353544802513678,
      74.12775827440487,
      20.482704594431002,
      19.50732485521655,
      24.21845719268407,
      49.8319992632555,
      35.498299468590425
    ],
    "mae": [
      29.397885526118127,
      12.478599622269803,
      16.992389756342114,
      24.142412930866293,
      20.77606242029418,
      10.430844944158856,
      27.328264917206404,
      19.445854736064504,
      20.471652719871535,
      7.45529812069083,
      16.19058167206226,
      11.44300367851359,
      34.86937380276702,
      25.076117868906312,
      12.40581431405631,
      23.757034940632696,
      13.680416891614763,
      14.45334145292511,
      10.558801342813796,
      29.408324654559646,
      10.684580756481648,
      15.741147910272595,
      31.13154475003782,
      14.038329282335098,
      11.342551820647486,
      16.942908117377666,
      18.592402907968413,
      12.230483870784365,
      9.595735761732055,
      21.384910514750768,
      15.949679151847308,
      9.53811094407117,
      15.671881905033521,
      9.436747497283562,
      12.297125139268122,
      20.924996536207026,
      36.26156822639176,
      25.59742183774872,
      28.359140874153017,
      33.31830083668757,
      17.888154434137725,
      16.634556969051157,
      68.3083590363781,
      16.03793581480483,
      14.768565297315465,
      18.813565627465625,
      44.13635482615095,
      31.295705245821058
    ],
    "mape": [
      52.3071522620471,
      29.282133236969287,
      32.3457981900261,
      14.360619053786191,
      40.046589944737285,
      61.28367653938944,
      50.37880578545762,
      19.94221847649569,
      34.18250262861605,
      25.17261798325819,
      40.89147071075902,
      122.71221187092083,
      76.37494510993247,
      64.07199707520017,
      28.078156423034432,
      30.268031909862785,
      21.85940928369966,
      50.93333160549967,
      24.206225857036234,
      54.27450038493511,
      19.35194849731544,
      21.26657316566087,
      58.87658274291814,
      70.9900063354506,
      31.471653037434887,
      58.71225369490993,
      37.53227610545219,
      21.714952682358074,
      35.82463743076863,
      20.339452030716114,
      30.291835439856936,
      54.47386233691714,
      178.71887430459358,
      68.38193080602778,
      18.00746713154902,
      34.522519754585566,
      59.21124200015373,
      81.59003949813865,
      19.508522176674862,
      23.6171475840272,
      31.499711003529118,
      30.858443092582995,
      140.52953231812123,
      29.261205339247308,
      25.833225295069028,
      14.7917280048058,
      37.80434521336778,
      54.67365368113975
    ]
  },
  "aggregated": {
    "rmse_mean": 25.140655556133197,
    "rmse_median": 22.23637965310005,
    "rmse_p90": 37.89479998908973,
    "mae_mean": 20.36843421260289,
    "mae_median": 16.967648936859888,
    "mae_p90": 31.90248392308102,
    "mape_mean": 45.47141697989658,
    "mape_median": 34.35251119160081,
    "mape_p90": 72.60548796779518,
    "smape_mean": 37.39585877242776,
    "smape_median": 31.85403892105616,
    "smape_p90": 66.84270692779583,
    "mape_pct_excluded_mean": 0.6660470879801738,
    "mape_pct_excluded_median": 0.0,
    "mape_pct_excluded_p90": 0.6443618339529177,
    "mape_threshold": 1.0
  }
}