{
  "seed": 456,
  "dataset": "geant",
  "loss": "asym_l1",
  "T_eff": 2083,
  "num_links": 58,
  "models": {
    "DLinear": {
      "forecast": {
        "rmse_mean": 134.89199829101562,
        "mae_mean": 114.14405059814453,
        "mape_mean": 50.7182153298937,
        "smape_mean": 32.706703186035156
      },
      "operational": {
        "overload_rate": 0.015254854569834622,
        "sla_violation_rate": 0.015254854569834622,
        "over_provisioning_cost": 55955436.0,
        "asymmetric_op_cost": 56391572.0,
        "u_max_mean": 1.2117719650268555,
        "u_max_max": 4.940618991851807
      }
    },
    "iTransformer": {
      "forecast": {
        "rmse_mean": 58.016578674316406,
        "mae_mean": 40.90519714355469,
        "mape_mean": 16.026859488980524,
        "smape_mean": 14.992441177368164
      },
      "operational": {
        "overload_rate": 0.00036419620242687106,
        "sla_violation_rate": 0.00036419620242687106,
        "over_provisioning_cost": 79179656.0,
        "asymmetric_op_cost": 79180168.0,
        "u_max_mean": 1.0065362453460693,
        "u_max_max": 2.0342965126037598
      }
    }
  }
}