{
  "seed": 7,
  "dataset": "abilene",
  "loss": "asym",
  "T_eff": 9606,
  "num_links": 54,
  "models": {
    "DLinear": {
      "forecast": {
        "rmse_mean": 58.19578170776367,
        "mae_mean": 31.7720947265625,
        "mape_mean": 15.07865039507548,
        "smape_mean": 13.307421684265137
      },
      "operational": {
        "overload_rate": 7.711229864051018e-06,
        "sla_violation_rate": 7.711229864051018e-06,
        "over_provisioning_cost": 1170396928.0,
        "asymmetric_op_cost": 1170397184.0,
        "u_max_mean": 0.9071254134178162,
        "u_max_max": 1.0627740621566772
      }
    },
    "iTransformer": {
      "forecast": {
        "rmse_mean": 53.589717864990234,
        "mae_mean": 21.66065216064453,
        "mape_mean": 11.712979934833667,
        "smape_mean": 10.330523490905762
      },
      "operational": {
        "overload_rate": 0.0,
        "sla_violation_rate": 0.0,
        "over_provisioning_cost": 1329866752.0,
        "asymmetric_op_cost": 1329866752.0,
        "u_max_mean": 0.7867653965950012,
        "u_max_max": 0.9592888951301575
      }
    }
  }
}