{
  "seed": 65521,
  "dataset": "abilene",
  "loss": "asym",
  "T_eff": 9606,
  "num_links": 54,
  "models": {
    "LSTM": {
      "forecast": {
        "rmse_mean": 155.4376983642578,
        "mae_mean": 103.19799041748047,
        "mape_mean": 58.954553568804705,
        "smape_mean": 40.03157043457031
      },
      "operational": {
        "overload_rate": 0.0526908336610606,
        "sla_violation_rate": 0.0526908336610606,
        "over_provisioning_cost": 469228128.0,
        "asymmetric_op_cost": 498493504.0,
        "u_max_mean": 2.054788589477539,
        "u_max_max": 6.4005208015441895
      }
    },
    "LSTM_CQR": {
      "forecast": {
        "rmse_mean": null,
        "mae_mean": null,
        "mape_mean": null,
        "smape_mean": null
      },
      "operational": {
        "overload_rate": 0.04447837385584627,
        "sla_violation_rate": 0.04447837385584627,
        "over_provisioning_cost": 406318598.3895589,
        "asymmetric_op_cost": 449120398.01386845,
        "u_max_mean": 2.0706216867067067,
        "u_max_max": 7.185583168521743
      },
      "calibration": {
        "method": "cqr",
        "target_alpha": 0.2,
        "qhat_mean": 41.3170548191777,
        "qhat_per_link": [
          1.3087928295135498,
          0.4662513732910156,
          48.325347900390625,
          10.426313400268555,
          61.26023483276367,
          84.19903564453125,
          57.684234619140625,
          78.77310180664062,
          -1.5112152099609375,
          8.298500061035156,
          48.38036346435547,
          4.4659929275512695,
          26.966339111328125,
          14.581802368164062,
          130.53729248046875,
          53.78399658203125,
          17.870330810546875,
          3.2864913940429688,
          88.55081176757812,
          61.06037521362305,
          40.005615234375,
          109.3309326171875,
          69.83076477050781,
          48.152366638183594,
          -14.757232666015625,
          9.441219329833984,
          12.002166748046875,
          10.387928009033203,
          79.07431030273438,
          56.631317138671875,
          1.2213337421417236,
          0.40547847747802734,
          22.511268615722656,
          44.4837646484375,
          34.03053283691406,
          140.80056762695312,
          18.927978515625,
          30.587905883789062,
          12.549522399902344,
          48.37767028808594,
          59.60541534423828,
          46.10467529296875,
          10.39199447631836,
          19.818660736083984,
          100.94285583496094,
          17.549514770507812,
          122.31381225585938,
          43.36480712890625,
          6.856437683105469,
          -3.0986099243164062,
          17.094886779785156,
          11.355682373046875,
          102.721923828125,
          103.38909912109375
        ],
        "coverage_overall": 0.7698409944402033,
        "mean_width": 243.72921752929688
      }
    },
    "LSTM_ACI": {
      "forecast": {
        "rmse_mean": null,
        "mae_mean": null,
        "mape_mean": null,
        "smape_mean": null
      },
      "operational": {
        "overload_rate": 0.0016733368804990709,
        "sla_violation_rate": 0.0016733368804990709,
        "over_provisioning_cost": 743152029.9282857,
        "asymmetric_op_cost": 744363420.3190061,
        "u_max_mean": 1.2499950869520609,
        "u_max_max": 3.632329793497449
      },
      "calibration": {
        "method": "aci",
        "target_alpha": 0.2,
        "gamma": 0.005,
        "window": 500,
        "qhat_mean": 74.6125647050363,
        "alpha_final_mean": 0.19098168518518524,
        "coverage_overall": 0.7893619728410484,
        "mean_width": 301.21136474609375
      }
    }
  },
  "calibration": "both",
  "target_alpha": 0.2
}