{
  "seed": 13,
  "dataset": "abilene",
  "loss": "asym",
  "T_eff": 9606,
  "num_links": 54,
  "models": {
    "DLinear": {
      "forecast": {
        "rmse_mean": 94.85253143310547,
        "mae_mean": 51.37118911743164,
        "mape_mean": 21.89977256457011,
        "smape_mean": 18.126834869384766
      },
      "operational": {
        "overload_rate": 9.639037330063772e-06,
        "sla_violation_rate": 9.639037330063772e-06,
        "over_provisioning_cost": 1326289408.0,
        "asymmetric_op_cost": 1326290944.0,
        "u_max_mean": 0.874697744846344,
        "u_max_max": 1.10773766040802
      }
    },
    "iTransformer": {
      "forecast": {
        "rmse_mean": 73.76237487792969,
        "mae_mean": 31.460506439208984,
        "mape_mean": 16.071716723618685,
        "smape_mean": 13.256030082702637
      },
      "operational": {
        "overload_rate": 0.0,
        "sla_violation_rate": 0.0,
        "over_provisioning_cost": 1339294976.0,
        "asymmetric_op_cost": 1339294976.0,
        "u_max_mean": 0.8121774196624756,
        "u_max_max": 0.9734041094779968
      }
    }
  }
}