{
  "seed": 13,
  "dataset": "abilene",
  "loss": "asym",
  "T_eff": 9606,
  "num_links": 54,
  "models": {
    "LSTM": {
      "forecast": {
        "rmse_mean": 162.36065673828125,
        "mae_mean": 125.68944549560547,
        "mape_mean": 63.18228887628626,
        "smape_mean": 42.67771530151367
      },
      "operational": {
        "overload_rate": 0.05721154216886051,
        "sla_violation_rate": 0.05721154216886051,
        "over_provisioning_cost": 580680000.0,
        "asymmetric_op_cost": 628386432.0,
        "u_max_mean": 2.0095043182373047,
        "u_max_max": 7.392778396606445
      }
    }
  }
}