{
  "seed": 17,
  "dataset": "geant",
  "loss": "asym",
  "T_eff": 2083,
  "num_links": 58,
  "models": {
    "DLinear": {
      "forecast": {
        "rmse_mean": 5989.41748046875,
        "mae_mean": 5985.126953125,
        "mape_mean": 2148.8707096412263,
        "smape_mean": 136.433837890625
      },
      "operational": {
        "overload_rate": 4.138593209396262e-05,
        "sla_violation_rate": 4.138593209396262e-05,
        "over_provisioning_cost": 844063360.0,
        "asymmetric_op_cost": 844064128.0,
        "u_max_mean": 0.4039113223552704,
        "u_max_max": 1.0778203010559082
      }
    },
    "iTransformer": {
      "forecast": {
        "rmse_mean": 113.92406463623047,
        "mae_mean": 84.24055480957031,
        "mape_mean": 31.095713566089497,
        "smape_mean": 25.671977996826172
      },
      "operational": {
        "overload_rate": 0.0005628486764778916,
        "sla_violation_rate": 0.0005628486764778916,
        "over_provisioning_cost": 86668872.0,
        "asymmetric_op_cost": 86671664.0,
        "u_max_mean": 0.9751564264297485,
        "u_max_max": 2.2555174827575684
      }
    }
  }
}