{
  "seed": 17,
  "dataset": "geant",
  "loss": "asym",
  "T_eff": 2083,
  "num_links": 58,
  "models": {
    "LSTM": {
      "forecast": {
        "rmse_mean": 3177.67138671875,
        "mae_mean": 3125.637939453125,
        "mape_mean": 1403.9372824307145,
        "smape_mean": 127.43096923828125
      },
      "operational": {
        "overload_rate": 0.13832006224444188,
        "sla_violation_rate": 0.13832006224444188,
        "over_provisioning_cost": 422590016.0,
        "asymmetric_op_cost": 727319936.0,
        "u_max_mean": 14048130236416.0,
        "u_max_max": 415114427629568.0
      }
    }
  }
}