{
  "num_seeds": 5,
  "seeds": [
    42,
    123,
    456,
    789,
    1024
  ],
  "dataset": "abilene",
  "loss": "asym",
  "per_seed": [
    {
      "seed": 42,
      "dataset": "abilene",
      "loss": "asym",
      "T_eff": 9606,
      "num_links": 54,
      "models": {
        "LSTM": {
          "forecast": {
            "rmse_mean": 100.04029083251953,
            "mae_mean": 45.73643493652344,
            "mape_mean": 20.96097034878201,
            "smape_mean": 18.89911460876465
          },
          "operational": {
            "overload_rate": 0.017787879488899684,
            "sla_violation_rate": 0.017787879488899684,
            "over_provisioning_cost": 736199680.0,
            "asymmetric_op_cost": 738589184.0,
            "u_max_mean": 1.4397714138031006,
            "u_max_max": 3.5561466217041016
          }
        }
      }
    },
    {
      "seed": 123,
      "dataset": "abilene",
      "loss": "asym",
      "T_eff": 9606,
      "num_links": 54,
      "models": {
        "LSTM": {
          "forecast": {
            "rmse_mean": 91.28800201416016,
            "mae_mean": 41.90062713623047,
            "mape_mean": 18.960206853018867,
            "smape_mean": 18.268598556518555
          },
          "operational": {
            "overload_rate": 0.01672180196019463,
            "sla_violation_rate": 0.01672180196019463,
            "over_provisioning_cost": 780348544.0,
            "asymmetric_op_cost": 782314560.0,
            "u_max_mean": 1.4101250171661377,
            "u_max_max": 3.3925986289978027
          }
        }
      }
    },
    {
      "seed": 456,
      "dataset": "abilene",
      "loss": "asym",
      "T_eff": 9606,
      "num_links": 54,
      "models": {
        "LSTM": {
          "forecast": {
            "rmse_mean": 106.93766021728516,
            "mae_mean": 45.190006256103516,
            "mape_mean": 19.76160016766301,
            "smape_mean": 18.42540740966797
          },
          "operational": {
            "overload_rate": 0.015112082726073981,
            "sla_violation_rate": 0.015112082726073981,
            "over_provisioning_cost": 717447808.0,
            "asymmetric_op_cost": 720155264.0,
            "u_max_mean": 1.4423515796661377,
            "u_max_max": 3.6231565475463867
          }
        }
      }
    },
    {
      "seed": 789,
      "dataset": "abilene",
      "loss": "asym",
      "T_eff": 9606,
      "num_links": 54,
      "models": {
        "LSTM": {
          "forecast": {
            "rmse_mean": 115.39191436767578,
            "mae_mean": 48.780460357666016,
            "mape_mean": 20.308320239738183,
            "smape_mean": 20.43695831298828
          },
          "operational": {
            "overload_rate": 0.014520245834008067,
            "sla_violation_rate": 0.014520245834008067,
            "over_provisioning_cost": 648354688.0,
            "asymmetric_op_cost": 651227136.0,
            "u_max_mean": 1.434821605682373,
            "u_max_max": 3.1471757888793945
          }
        }
      }
    },
    {
      "seed": 1024,
      "dataset": "abilene",
      "loss": "asym",
      "T_eff": 9606,
      "num_links": 54,
      "models": {
        "LSTM": {
          "forecast": {
            "rmse_mean": 90.93033599853516,
            "mae_mean": 41.62479019165039,
            "mape_mean": 18.74234241909451,
            "smape_mean": 18.17220115661621
          },
          "operational": {
            "overload_rate": 0.014236858136504191,
            "sla_violation_rate": 0.014236858136504191,
            "over_provisioning_cost": 747545344.0,
            "asymmetric_op_cost": 749158656.0,
            "u_max_mean": 1.3660460710525513,
            "u_max_max": 3.7187769412994385
          }
        }
      }
    }
  ],
  "models": {
    "LSTM": {
      "forecast": {
        "rmse_mean": {
          "mean": 100.91764068603516,
          "std": 9.370071210027806,
          "min": 90.93033599853516,
          "max": 115.39191436767578,
          "values": [
            100.04029083251953,
            91.28800201416016,
            106.93766021728516,
            115.39191436767578,
            90.93033599853516
          ]
        },
        "mae_mean": {
          "mean": 44.646463775634764,
          "std": 2.654940051991127,
          "min": 41.62479019165039,
          "max": 48.780460357666016,
          "values": [
            45.73643493652344,
            41.90062713623047,
            45.190006256103516,
            48.780460357666016,
            41.62479019165039
          ]
        },
        "mape_mean": {
          "mean": 19.746688005659315,
          "std": 0.8267281788426516,
          "min": 18.74234241909451,
          "max": 20.96097034878201,
          "values": [
            20.96097034878201,
            18.960206853018867,
            19.76160016766301,
            20.308320239738183,
            18.74234241909451
          ]
        },
        "smape_mean": {
          "mean": 18.840456008911133,
          "std": 0.8364342498327969,
          "min": 18.17220115661621,
          "max": 20.43695831298828,
          "values": [
            18.89911460876465,
            18.268598556518555,
            18.42540740966797,
            20.43695831298828,
            18.17220115661621
          ]
        }
      },
      "operational": {
        "overload_rate": {
          "mean": 0.015675773629136112,
          "std": 0.0013622507953140884,
          "min": 0.014236858136504191,
          "max": 0.017787879488899684,
          "values": [
            0.017787879488899684,
            0.01672180196019463,
            0.015112082726073981,
            0.014520245834008067,
            0.014236858136504191
          ]
        },
        "sla_violation_rate": {
          "mean": 0.015675773629136112,
          "std": 0.0013622507953140884,
          "min": 0.014236858136504191,
          "max": 0.017787879488899684,
          "values": [
            0.017787879488899684,
            0.01672180196019463,
            0.015112082726073981,
            0.014520245834008067,
            0.014236858136504191
          ]
        },
        "over_provisioning_cost": {
          "mean": 725979212.8,
          "std": 43872387.34818169,
          "min": 648354688.0,
          "max": 780348544.0,
          "values": [
            736199680.0,
            780348544.0,
            717447808.0,
            648354688.0,
            747545344.0
          ]
        },
        "asymmetric_op_cost": {
          "mean": 728288960.0,
          "std": 43508817.519601665,
          "min": 651227136.0,
          "max": 782314560.0,
          "values": [
            738589184.0,
            782314560.0,
            720155264.0,
            651227136.0,
            749158656.0
          ]
        },
        "u_max_mean": {
          "mean": 1.41862313747406,
          "std": 0.028667908521926123,
          "min": 1.3660460710525513,
          "max": 1.4423515796661377,
          "values": [
            1.4397714138031006,
            1.4101250171661377,
            1.4423515796661377,
            1.434821605682373,
            1.3660460710525513
          ]
        },
        "u_max_max": {
          "mean": 3.4875709056854247,
          "std": 0.2007141723423102,
          "min": 3.1471757888793945,
          "max": 3.7187769412994385,
          "values": [
            3.5561466217041016,
            3.3925986289978027,
            3.6231565475463867,
            3.1471757888793945,
            3.7187769412994385
          ]
        }
      }
    }
  }
}