{
  "seed": 256,
  "dataset": "geant",
  "loss": "asym",
  "T_eff": 2083,
  "num_links": 58,
  "models": {
    "LSTM": {
      "forecast": {
        "rmse_mean": 4040.332763671875,
        "mae_mean": 3978.787109375,
        "mape_mean": 1648.31704501448,
        "smape_mean": 139.2825164794922
      },
      "operational": {
        "overload_rate": 0.033977850249143314,
        "sla_violation_rate": 0.033977850249143314,
        "over_provisioning_cost": 750639232.0,
        "asymmetric_op_cost": 755996096.0,
        "u_max_mean": 0.47548940777778625,
        "u_max_max": 3.5163002014160156
      }
    },
    "LSTM_CQR": {
      "forecast": {
        "rmse_mean": null,
        "mae_mean": null,
        "mape_mean": null,
        "smape_mean": null
      },
      "operational": {
        "overload_rate": 0.0031204992798847817,
        "sla_violation_rate": 0.0031204992798847817,
        "over_provisioning_cost": 366759954.56357276,
        "asymmetric_op_cost": 366860109.5092372,
        "u_max_mean": 0.54452115337564,
        "u_max_max": 1.8467452464489649
      },
      "calibration": {
        "method": "cqr",
        "target_alpha": 0.05,
        "qhat_mean": 1038.2547984791213,
        "qhat_per_link": [
          105.28421020507812,
          711.3714599609375,
          1282.4600830078125,
          -7.36370849609375,
          -1505.58740234375,
          993.2074584960938,
          1697.779052734375,
          -400.3338623046875,
          1616.094970703125,
          827.3645629882812,
          1459.4375,
          261.1098327636719,
          1003.06494140625,
          3079.461669921875,
          800.013916015625,
          5148.2978515625,
          83.26565551757812,
          10.769790649414062,
          1213.6322021484375,
          2565.23388671875,
          3167.138427734375,
          2177.080078125,
          379.41265869140625,
          3458.979736328125,
          14.21392822265625,
          21.33258056640625,
          1278.24560546875,
          -670.0460815429688,
          -6922.8154296875,
          -181.10169982910156,
          33.075260162353516,
          2045.895263671875,
          281.21112060546875,
          17.534061431884766,
          1214.9691162109375,
          6299.3876953125,
          5473.53759765625,
          100.18106079101562,
          13.242757797241211,
          551.7417602539062,
          110.149658203125,
          0.7732271552085876,
          67.16090393066406,
          3675.039306640625,
          441.7568664550781,
          294.64398193359375,
          7.406900405883789,
          -199.17010498046875,
          60.74197006225586,
          0.15495645999908447,
          124.20669555664062,
          12760.935546875,
          728.1095581054688,
          47.80744934082031,
          4.22468376159668,
          17.24622917175293,
          -497.7232666015625,
          2877.5341796875
        ],
        "coverage_overall": 0.973910308407966,
        "mean_width": 4640.0
      }
    },
    "LSTM_ACI": {
      "forecast": {
        "rmse_mean": null,
        "mae_mean": null,
        "mape_mean": null,
        "smape_mean": null
      },
      "operational": {
        "overload_rate": 0.00033108745675170095,
        "sla_violation_rate": 0.00033108745675170095,
        "over_provisioning_cost": 319917618.9019269,
        "asymmetric_op_cost": 319919422.7498406,
        "u_max_mean": 0.5532686120847227,
        "u_max_max": 1.821961354450308
      },
      "calibration": {
        "method": "aci",
        "target_alpha": 0.05,
        "gamma": 0.005,
        "window": 500,
        "qhat_mean": 584.801080658518,
        "alpha_final_mean": 0.06837567241379308,
        "coverage_overall": 0.9379873193504064,
        "mean_width": 3653.82177734375
      }
    }
  },
  "calibration": "both",
  "target_alpha": 0.05
}