{
  "seed": 1,
  "dataset": "cesnet",
  "loss": "asym",
  "T_eff": 7624,
  "num_links": 20,
  "models": {
    "DLinear": {
      "forecast": {
        "rmse_mean": 36.67266082763672,
        "mae_mean": 29.93575096130371,
        "mape_mean": 144.37834968566895,
        "smape_mean": 67.17439270019531
      },
      "operational": {
        "overload_rate": 0.0006820566631689402,
        "sla_violation_rate": 0.0006820566631689402,
        "over_provisioning_cost": 50435232.0,
        "asymmetric_op_cost": 50510196.0,
        "u_max_mean": 1.6612417697906494,
        "u_max_max": 2.689964532852173
      }
    },
    "iTransformer": {
      "forecast": {
        "rmse_mean": 33.78699493408203,
        "mae_mean": 24.01359748840332,
        "mape_mean": 94.79380588531494,
        "smape_mean": 53.88127899169922
      },
      "operational": {
        "overload_rate": 0.0006558237145855194,
        "sla_violation_rate": 0.0006558237145855194,
        "over_provisioning_cost": 51656848.0,
        "asymmetric_op_cost": 51726944.0,
        "u_max_mean": 1.6350094079971313,
        "u_max_max": 2.353677749633789
      }
    }
  }
}