{
  "seed": 65521,
  "dataset": "abilene",
  "loss": "asym",
  "T_eff": 9606,
  "num_links": 54,
  "models": {
    "DLinear": {
      "forecast": {
        "rmse_mean": 80.37310028076172,
        "mae_mean": 50.43327331542969,
        "mape_mean": 22.619834573180587,
        "smape_mean": 18.82442283630371
      },
      "operational": {
        "overload_rate": 3.855614932025509e-06,
        "sla_violation_rate": 3.855614932025509e-06,
        "over_provisioning_cost": 1279712384.0,
        "asymmetric_op_cost": 1279712640.0,
        "u_max_mean": 0.8656139373779297,
        "u_max_max": 1.0478821992874146
      }
    },
    "iTransformer": {
      "forecast": {
        "rmse_mean": 60.07844161987305,
        "mae_mean": 25.051271438598633,
        "mape_mean": 13.245411413687247,
        "smape_mean": 11.307307243347168
      },
      "operational": {
        "overload_rate": 1.9278074660127544e-06,
        "sla_violation_rate": 1.9278074660127544e-06,
        "over_provisioning_cost": 1181999104.0,
        "asymmetric_op_cost": 1181999104.0,
        "u_max_mean": 0.8565418124198914,
        "u_max_max": 1.0152736902236938
      }
    }
  }
}