{
  "seed": 2,
  "dataset": "geant",
  "loss": "asym_l1",
  "T_eff": 2083,
  "num_links": 58,
  "models": {
    "DLinear": {
      "forecast": {
        "rmse_mean": 138.82708740234375,
        "mae_mean": 113.80670166015625,
        "mape_mean": 46.99411077746029,
        "smape_mean": 33.32207107543945
      },
      "operational": {
        "overload_rate": 0.0035343586008244076,
        "sla_violation_rate": 0.0035343586008244076,
        "over_provisioning_cost": 72441376.0,
        "asymmetric_op_cost": 72554416.0,
        "u_max_mean": 1.0197784900665283,
        "u_max_max": 2.021416664123535
      }
    },
    "iTransformer": {
      "forecast": {
        "rmse_mean": 87.17876434326172,
        "mae_mean": 65.05790710449219,
        "mape_mean": 24.907928664108802,
        "smape_mean": 20.933490753173828
      },
      "operational": {
        "overload_rate": 9.104905060671777e-05,
        "sla_violation_rate": 9.104905060671777e-05,
        "over_provisioning_cost": 88211344.0,
        "asymmetric_op_cost": 88211640.0,
        "u_max_mean": 0.91642165184021,
        "u_max_max": 1.7024426460266113
      }
    }
  }
}