{
  "seed": 123,
  "dataset": "abilene",
  "loss": "asym",
  "T_eff": 9606,
  "num_links": 54,
  "models": {
    "DLinear": {
      "forecast": {
        "rmse_mean": 132.4185791015625,
        "mae_mean": 79.08442687988281,
        "mape_mean": 31.62451586899934,
        "smape_mean": 24.31733512878418
      },
      "operational": {
        "overload_rate": 3.855614932025509e-06,
        "sla_violation_rate": 3.855614932025509e-06,
        "over_provisioning_cost": 1481667328.0,
        "asymmetric_op_cost": 1481667328.0,
        "u_max_mean": 0.8209618330001831,
        "u_max_max": 1.0026617050170898
      }
    },
    "iTransformer": {
      "forecast": {
        "rmse_mean": 90.60649871826172,
        "mae_mean": 39.31843948364258,
        "mape_mean": 20.286106480492485,
        "smape_mean": 16.086193084716797
      },
      "operational": {
        "overload_rate": 0.0,
        "sla_violation_rate": 0.0,
        "over_provisioning_cost": 1718147456.0,
        "asymmetric_op_cost": 1718147456.0,
        "u_max_mean": 0.6791427731513977,
        "u_max_max": 0.8332812786102295
      }
    }
  }
}