{
  "seed": 123,
  "dataset": "abilene",
  "loss": "asym",
  "T_eff": 9606,
  "num_links": 54,
  "models": {
    "LSTM": {
      "forecast": {
        "rmse_mean": 194.90382385253906,
        "mae_mean": 168.1813201904297,
        "mape_mean": 87.11281059406421,
        "smape_mean": 51.16553497314453
      },
      "operational": {
        "overload_rate": 0.04431065460630316,
        "sla_violation_rate": 0.04431065460630316,
        "over_provisioning_cost": 617354240.0,
        "asymmetric_op_cost": 706030912.0,
        "u_max_mean": 1.851344108581543,
        "u_max_max": 6.565633296966553
      }
    }
  }
}