{
  "seed": 13,
  "dataset": "geant",
  "loss": "asym",
  "T_eff": 2083,
  "num_links": 58,
  "models": {
    "LSTM": {
      "forecast": {
        "rmse_mean": 2910.481689453125,
        "mae_mean": 2846.464111328125,
        "mape_mean": 1316.2878523201778,
        "smape_mean": 131.69873046875
      },
      "operational": {
        "overload_rate": 0.13594450974224842,
        "sla_violation_rate": 0.13594450974224842,
        "over_provisioning_cost": 420142592.0,
        "asymmetric_op_cost": 573059840.0,
        "u_max_mean": 102324810809344.0,
        "u_max_max": 2027143227768832.0
      }
    },
    "LSTM_CQR": {
      "forecast": {
        "rmse_mean": null,
        "mae_mean": null,
        "mape_mean": null,
        "smape_mean": null
      },
      "operational": {
        "overload_rate": 0.007019054083136061,
        "sla_violation_rate": 0.007019054083136061,
        "over_provisioning_cost": 277193413.328946,
        "asymmetric_op_cost": 277463170.0389484,
        "u_max_mean": 0.7192498042793279,
        "u_max_max": 2.6840507272352294
      },
      "calibration": {
        "method": "cqr",
        "target_alpha": 0.1,
        "qhat_mean": 333.37418334134696,
        "qhat_per_link": [
          -1325.5699462890625,
          679.3700561523438,
          -2190.798828125,
          -229.5976104736328,
          3369.323974609375,
          -222.009765625,
          3780.751220703125,
          -536.5198974609375,
          2559.39453125,
          -883.046875,
          -485.0580749511719,
          745.5120849609375,
          -1740.551025390625,
          771.005126953125,
          1190.9000244140625,
          -1864.742431640625,
          -179.43161010742188,
          -114.85153198242188,
          696.253662109375,
          -43.0426025390625,
          98.33238220214844,
          35.428375244140625,
          356.2723388671875,
          770.5188598632812,
          31.68048095703125,
          -45.99754333496094,
          483.2069091796875,
          647.03125,
          6184.6689453125,
          -56.032623291015625,
          6.667552947998047,
          1595.9013671875,
          -120.2564697265625,
          -8.671029090881348,
          1194.0516357421875,
          -724.7998657226562,
          9530.201171875,
          -25.527618408203125,
          6.019342422485352,
          156.9976043701172,
          -50.758544921875,
          0.6579741835594177,
          20.412456512451172,
          -4397.42138671875,
          1072.6138916015625,
          17.7913818359375,
          4.003818511962891,
          -119.55809020996094,
          84.59146118164062,
          -0.2514615058898926,
          -193.77484130859375,
          -1141.844482421875,
          5.673126220703125,
          51.76158905029297,
          -6.648620128631592,
          1.4680671691894531,
          -263.73480224609375,
          157.737548828125
        ],
        "coverage_overall": 0.9194464217723112,
        "mean_width": 3287.30810546875
      }
    },
    "LSTM_ACI": {
      "forecast": {
        "rmse_mean": null,
        "mae_mean": null,
        "mape_mean": null,
        "smape_mean": null
      },
      "operational": {
        "overload_rate": 0.0010512026751866505,
        "sla_violation_rate": 0.0010512026751866505,
        "over_provisioning_cost": 257205324.03022993,
        "asymmetric_op_cost": 257214178.8608669,
        "u_max_mean": 0.7004587996632945,
        "u_max_max": 2.135461871972989
      },
      "calibration": {
        "method": "aci",
        "target_alpha": 0.1,
        "gamma": 0.005,
        "window": 500,
        "qhat_mean": 67.22799334443849,
        "alpha_final_mean": 0.12231936206896556,
        "coverage_overall": 0.8774645322561955,
        "mean_width": 2788.276611328125
      }
    }
  },
  "calibration": "both",
  "target_alpha": 0.1
}