{
  "seed": 789,
  "dataset": "abilene",
  "loss": "asym",
  "T_eff": 9606,
  "num_links": 54,
  "models": {
    "LSTM": {
      "forecast": {
        "rmse_mean": 162.9257049560547,
        "mae_mean": 110.9205093383789,
        "mape_mean": 56.406700487490056,
        "smape_mean": 39.745635986328125
      },
      "operational": {
        "overload_rate": 0.054555023480694936,
        "sla_violation_rate": 0.054555023480694936,
        "over_provisioning_cost": 526395584.0,
        "asymmetric_op_cost": 556359680.0,
        "u_max_mean": 2.0499768257141113,
        "u_max_max": 7.777365684509277
      }
    },
    "LSTM_CQR": {
      "forecast": {
        "rmse_mean": null,
        "mae_mean": null,
        "mape_mean": null,
        "smape_mean": null
      },
      "operational": {
        "overload_rate": 0.032631996977197895,
        "sla_violation_rate": 0.032631996977197895,
        "over_provisioning_cost": 703788219.5131837,
        "asymmetric_op_cost": 723906660.6426107,
        "u_max_mean": 1.6667422431287908,
        "u_max_max": 6.164668906988854
      },
      "calibration": {
        "method": "cqr",
        "target_alpha": 0.05,
        "qhat_mean": 54.27259938363676,
        "qhat_per_link": [
          1.6546902656555176,
          1.7726444005966187,
          61.902496337890625,
          10.203968048095703,
          68.12899780273438,
          113.9383544921875,
          71.13662719726562,
          98.81655883789062,
          20.54340362548828,
          16.89178466796875,
          62.48143005371094,
          8.284372329711914,
          39.91985321044922,
          25.57419204711914,
          141.10943603515625,
          60.41217041015625,
          47.4012451171875,
          0.5727443695068359,
          112.05325317382812,
          59.644126892089844,
          71.32447814941406,
          93.8980712890625,
          118.98371887207031,
          73.7698745727539,
          51.618743896484375,
          13.702056884765625,
          25.09691619873047,
          14.284521102905273,
          99.12289428710938,
          47.453826904296875,
          1.6806426048278809,
          1.7772377729415894,
          17.764427185058594,
          72.39141845703125,
          49.40193176269531,
          123.10194396972656,
          25.73040771484375,
          22.70092010498047,
          20.16954803466797,
          26.61914825439453,
          73.68190002441406,
          66.35069274902344,
          22.24374771118164,
          25.113689422607422,
          142.25,
          81.17062377929688,
          153.2454376220703,
          49.486114501953125,
          17.188312530517578,
          8.588167190551758,
          31.148387908935547,
          16.869903564453125,
          100.39385986328125,
          149.95445251464844
        ],
        "coverage_overall": 0.8919714530270433,
        "mean_width": 263.46319580078125
      }
    },
    "LSTM_ACI": {
      "forecast": {
        "rmse_mean": null,
        "mae_mean": null,
        "mape_mean": null,
        "smape_mean": null
      },
      "operational": {
        "overload_rate": 0.00016579144207709687,
        "sla_violation_rate": 0.00016579144207709687,
        "over_provisioning_cost": 950155430.146185,
        "asymmetric_op_cost": 950363139.3512784,
        "u_max_mean": 1.009182234093657,
        "u_max_max": 1.7625752664229584
      },
      "calibration": {
        "method": "aci",
        "target_alpha": 0.05,
        "gamma": 0.005,
        "window": 500,
        "qhat_mean": 102.14586478692515,
        "alpha_final_mean": 0.054663000000000406,
        "coverage_overall": 0.9468792652740186,
        "mean_width": 333.566162109375
      }
    }
  },
  "calibration": "both",
  "target_alpha": 0.05
}