{
  "seed": 2048,
  "dataset": "geant",
  "loss": "asym_l1",
  "T_eff": 2083,
  "num_links": 58,
  "models": {
    "DLinear": {
      "forecast": {
        "rmse_mean": 176.8772430419922,
        "mae_mean": 152.84112548828125,
        "mape_mean": 57.106022736121865,
        "smape_mean": 39.47148513793945
      },
      "operational": {
        "overload_rate": 0.001969970367672621,
        "sla_violation_rate": 0.001969970367672621,
        "over_provisioning_cost": 81943536.0,
        "asymmetric_op_cost": 82050704.0,
        "u_max_mean": 0.9490753412246704,
        "u_max_max": 2.1336891651153564
      }
    },
    "iTransformer": {
      "forecast": {
        "rmse_mean": 99.81507110595703,
        "mae_mean": 76.99480438232422,
        "mape_mean": 31.0654050892797,
        "smape_mean": 24.929630279541016
      },
      "operational": {
        "overload_rate": 2.4831559256377573e-05,
        "sla_violation_rate": 2.4831559256377573e-05,
        "over_provisioning_cost": 89763296.0,
        "asymmetric_op_cost": 89763360.0,
        "u_max_mean": 0.891216516494751,
        "u_max_max": 1.4086058139801025
      }
    }
  }
}