{
  "seed": 13,
  "dataset": "geant",
  "loss": "asym_l1",
  "T_eff": 2083,
  "num_links": 58,
  "models": {
    "DLinear": {
      "forecast": {
        "rmse_mean": 260.7418212890625,
        "mae_mean": 231.7259521484375,
        "mape_mean": 69.23131959191684,
        "smape_mean": 46.61785125732422
      },
      "operational": {
        "overload_rate": 0.0017547635207840152,
        "sla_violation_rate": 0.0017547635207840152,
        "over_provisioning_cost": 105802816.0,
        "asymmetric_op_cost": 106011728.0,
        "u_max_mean": 0.8409376740455627,
        "u_max_max": 1.7287015914916992
      }
    },
    "iTransformer": {
      "forecast": {
        "rmse_mean": 102.34689331054688,
        "mae_mean": 81.52986145019531,
        "mape_mean": 32.42268279503132,
        "smape_mean": 25.947734832763672
      },
      "operational": {
        "overload_rate": 3.31087456751701e-05,
        "sla_violation_rate": 3.31087456751701e-05,
        "over_provisioning_cost": 92215216.0,
        "asymmetric_op_cost": 92215344.0,
        "u_max_mean": 0.871608555316925,
        "u_max_max": 1.4749500751495361
      }
    }
  }
}