{
  "seed": 100003,
  "dataset": "abilene",
  "loss": "asym",
  "T_eff": 9606,
  "num_links": 54,
  "models": {
    "DLinear": {
      "forecast": {
        "rmse_mean": 63.019290924072266,
        "mae_mean": 32.833194732666016,
        "mape_mean": 16.011154863569473,
        "smape_mean": 13.922338485717773
      },
      "operational": {
        "overload_rate": 7.711229864051018e-06,
        "sla_violation_rate": 7.711229864051018e-06,
        "over_provisioning_cost": 1181866240.0,
        "asymmetric_op_cost": 1181866496.0,
        "u_max_mean": 0.9013252854347229,
        "u_max_max": 1.0449336767196655
      }
    },
    "iTransformer": {
      "forecast": {
        "rmse_mean": 54.27019500732422,
        "mae_mean": 21.64396858215332,
        "mape_mean": 11.396413423396924,
        "smape_mean": 10.086024284362793
      },
      "operational": {
        "overload_rate": 0.0,
        "sla_violation_rate": 0.0,
        "over_provisioning_cost": 1227533184.0,
        "asymmetric_op_cost": 1227533184.0,
        "u_max_mean": 0.8420765995979309,
        "u_max_max": 0.9693416357040405
      }
    }
  }
}