{
  "seed": 2048,
  "dataset": "abilene",
  "loss": "asym",
  "T_eff": 9606,
  "num_links": 54,
  "models": {
    "DLinear": {
      "forecast": {
        "rmse_mean": 139.24484252929688,
        "mae_mean": 79.73564147949219,
        "mape_mean": 32.746895754778826,
        "smape_mean": 24.946001052856445
      },
      "operational": {
        "overload_rate": 3.855614932025509e-06,
        "sla_violation_rate": 3.855614932025509e-06,
        "over_provisioning_cost": 1497730688.0,
        "asymmetric_op_cost": 1497730688.0,
        "u_max_mean": 0.8228204250335693,
        "u_max_max": 1.0054343938827515
      }
    },
    "iTransformer": {
      "forecast": {
        "rmse_mean": 94.62281799316406,
        "mae_mean": 42.758853912353516,
        "mape_mean": 22.08776632944743,
        "smape_mean": 17.15523338317871
      },
      "operational": {
        "overload_rate": 0.0,
        "sla_violation_rate": 0.0,
        "over_provisioning_cost": 1396113152.0,
        "asymmetric_op_cost": 1396113152.0,
        "u_max_mean": 0.7686575651168823,
        "u_max_max": 0.9134542942047119
      }
    }
  }
}