{
  "seed": 1024,
  "dataset": "cesnet",
  "loss": "asym",
  "T_eff": 7624,
  "num_links": 20,
  "models": {
    "DLinear": {
      "forecast": {
        "rmse_mean": 43.517173767089844,
        "mae_mean": 36.49352264404297,
        "mape_mean": 172.2845136642456,
        "smape_mean": 75.1155014038086
      },
      "operational": {
        "overload_rate": 0.0004590766002098636,
        "sla_violation_rate": 0.0004590766002098636,
        "over_provisioning_cost": 57067824.0,
        "asymmetric_op_cost": 57163320.0,
        "u_max_mean": 1.4779369831085205,
        "u_max_max": 2.310718297958374
      }
    },
    "iTransformer": {
      "forecast": {
        "rmse_mean": 39.28628921508789,
        "mae_mean": 28.959247589111328,
        "mape_mean": 121.07387027740478,
        "smape_mean": 61.601051330566406
      },
      "operational": {
        "overload_rate": 0.0004918677859391395,
        "sla_violation_rate": 0.0004918677859391395,
        "over_provisioning_cost": 57782944.0,
        "asymmetric_op_cost": 57881304.0,
        "u_max_mean": 1.4770617485046387,
        "u_max_max": 2.0111947059631348
      }
    }
  }
}