{
  "seed": 271828,
  "dataset": "cesnet",
  "loss": "asym",
  "T_eff": 7624,
  "num_links": 20,
  "models": {
    "LSTM": {
      "forecast": {
        "rmse_mean": 36.850486755371094,
        "mae_mean": 29.40915870666504,
        "mape_mean": 174.02376747131348,
        "smape_mean": 68.96449279785156
      },
      "operational": {
        "overload_rate": 0.03912644281217209,
        "sla_violation_rate": 0.03912644281217209,
        "over_provisioning_cost": 12380642.0,
        "asymmetric_op_cost": 13450343.0,
        "u_max_mean": 5.672010898590088,
        "u_max_max": 10.136523246765137
      }
    },
    "LSTM_CQR": {
      "forecast": {
        "rmse_mean": null,
        "mae_mean": null,
        "mape_mean": null,
        "smape_mean": null
      },
      "operational": {
        "overload_rate": 0.01252623294858342,
        "sla_violation_rate": 0.01252623294858342,
        "over_provisioning_cost": 18477087.45033642,
        "asymmetric_op_cost": 19011768.19606205,
        "u_max_mean": 4.250454061666423,
        "u_max_max": 7.700463953579426
      },
      "calibration": {
        "method": "cqr",
        "target_alpha": 0.05,
        "qhat_mean": 22.95418963432312,
        "qhat_per_link": [
          81.52874755859375,
          30.830337524414062,
          101.4942626953125,
          20.661697387695312,
          3.726139783859253,
          18.839744567871094,
          35.84034729003906,
          26.76593780517578,
          15.479782104492188,
          13.57162094116211,
          23.206680297851562,
          4.137833595275879,
          9.951461791992188,
          12.021793365478516,
          12.897953033447266,
          22.942886352539062,
          10.610032081604004,
          7.471073150634766,
          5.036342620849609,
          2.0691187381744385
        ],
        "coverage_overall": 0.952400314795383,
        "mean_width": 101.787109375
      }
    },
    "LSTM_ACI": {
      "forecast": {
        "rmse_mean": null,
        "mae_mean": null,
        "mape_mean": null,
        "smape_mean": null
      },
      "operational": {
        "overload_rate": 0.0028593913955928646,
        "sla_violation_rate": 0.0028593913955928646,
        "over_provisioning_cost": 38972937.41689106,
        "asymmetric_op_cost": 39085162.92550465,
        "u_max_mean": 2.472598855579757,
        "u_max_max": 5.5250069068619725
      },
      "calibration": {
        "method": "aci",
        "target_alpha": 0.05,
        "gamma": 0.005,
        "window": 500,
        "qhat_mean": 14.610901594161987,
        "alpha_final_mean": 0.05090020000000127,
        "coverage_overall": 0.9467339979013641,
        "mean_width": 97.26348876953125
      }
    }
  },
  "calibration": "both",
  "target_alpha": 0.05
}