{
  "seed": 256,
  "dataset": "cesnet",
  "loss": "asym_l1",
  "T_eff": 7624,
  "num_links": 20,
  "models": {
    "DLinear": {
      "forecast": {
        "rmse_mean": 29.719738006591797,
        "mae_mean": 21.482990264892578,
        "mape_mean": 87.56495609283448,
        "smape_mean": 51.51567840576172
      },
      "operational": {
        "overload_rate": 0.0006951731374606506,
        "sla_violation_rate": 0.0006951731374606506,
        "over_provisioning_cost": 49364560.0,
        "asymmetric_op_cost": 49405824.0,
        "u_max_mean": 1.6662639379501343,
        "u_max_max": 3.1536455154418945
      }
    },
    "iTransformer": {
      "forecast": {
        "rmse_mean": 28.888256072998047,
        "mae_mean": 19.650968551635742,
        "mape_mean": 74.2859489440918,
        "smape_mean": 46.758140563964844
      },
      "operational": {
        "overload_rate": 0.0012395068205666316,
        "sla_violation_rate": 0.0012395068205666316,
        "over_provisioning_cost": 45966112.0,
        "asymmetric_op_cost": 46028648.0,
        "u_max_mean": 2.052283525466919,
        "u_max_max": 3.326803684234619
      }
    }
  }
}