{
  "seed": 65521,
  "dataset": "cesnet",
  "loss": "asym",
  "T_eff": 7624,
  "num_links": 20,
  "models": {
    "DLinear": {
      "forecast": {
        "rmse_mean": 30.670455932617188,
        "mae_mean": 22.802358627319336,
        "mape_mean": 102.78389549255371,
        "smape_mean": 55.90616989135742
      },
      "operational": {
        "overload_rate": 0.0010296432318992654,
        "sla_violation_rate": 0.0010296432318992654,
        "over_provisioning_cost": 43917216.0,
        "asymmetric_op_cost": 43976928.0,
        "u_max_mean": 1.9215902090072632,
        "u_max_max": 3.6379899978637695
      }
    },
    "iTransformer": {
      "forecast": {
        "rmse_mean": 27.647247314453125,
        "mae_mean": 18.477924346923828,
        "mape_mean": 70.65655336380004,
        "smape_mean": 45.492431640625
      },
      "operational": {
        "overload_rate": 0.0010558761804826862,
        "sla_violation_rate": 0.0010558761804826862,
        "over_provisioning_cost": 45412288.0,
        "asymmetric_op_cost": 45470120.0,
        "u_max_mean": 1.980286955833435,
        "u_max_max": 3.4157540798187256
      }
    }
  }
}