{
  "seed": 1024,
  "dataset": "abilene",
  "loss": "asym_l1",
  "T_eff": 9606,
  "num_links": 54,
  "models": {
    "LSTM": {
      "forecast": {
        "rmse_mean": 191.04788208007812,
        "mae_mean": 118.43434143066406,
        "mape_mean": 62.76160107718574,
        "smape_mean": 42.15595626831055
      },
      "operational": {
        "overload_rate": 0.06259398061396812,
        "sla_violation_rate": 0.06259398061396812,
        "over_provisioning_cost": 423523360.0,
        "asymmetric_op_cost": 464309760.0,
        "u_max_mean": 2.286672830581665,
        "u_max_max": 8.171137809753418
      }
    }
  }
}