{
  "seed": 13,
  "dataset": "abilene",
  "loss": "asym",
  "T_eff": 9606,
  "num_links": 54,
  "models": {
    "DLinear": {
      "forecast": {
        "rmse_mean": 298.66400146484375,
        "mae_mean": 172.30810546875,
        "mape_mean": 68.22306555288809,
        "smape_mean": 41.726322174072266
      },
      "operational": {
        "overload_rate": 1.9278074660127544e-06,
        "sla_violation_rate": 1.9278074660127544e-06,
        "over_provisioning_cost": 2011875584.0,
        "asymmetric_op_cost": 2011876608.0,
        "u_max_mean": 0.7438495755195618,
        "u_max_max": 1.0159322023391724
      }
    },
    "iTransformer": {
      "forecast": {
        "rmse_mean": 170.0856475830078,
        "mae_mean": 80.40052032470703,
        "mape_mean": 39.798525174458824,
        "smape_mean": 27.291751861572266
      },
      "operational": {
        "overload_rate": 0.0,
        "sla_violation_rate": 0.0,
        "over_provisioning_cost": 2069300736.0,
        "asymmetric_op_cost": 2069300736.0,
        "u_max_mean": 0.6304851174354553,
        "u_max_max": 0.8634699583053589
      }
    }
  }
}