{
  "seed": 2048,
  "dataset": "geant",
  "loss": "asym_l1",
  "T_eff": 2083,
  "num_links": 58,
  "models": {
    "LSTM": {
      "forecast": {
        "rmse_mean": 2366.904541015625,
        "mae_mean": 2331.669189453125,
        "mape_mean": 1009.273751456162,
        "smape_mean": 120.23609924316406
      },
      "operational": {
        "overload_rate": 0.20563841938848146,
        "sla_violation_rate": 0.20563841938848146,
        "over_provisioning_cost": 311121280.0,
        "asymmetric_op_cost": 1489811072.0,
        "u_max_mean": 141932244238336.0,
        "u_max_max": 2077203353305088.0
      }
    }
  }
}