{
  "seed": 512,
  "dataset": "cesnet",
  "loss": "asym_l1",
  "T_eff": 7624,
  "num_links": 20,
  "models": {
    "DLinear": {
      "forecast": {
        "rmse_mean": 24.053329467773438,
        "mae_mean": 13.271008491516113,
        "mape_mean": 42.05581836700439,
        "smape_mean": 35.846675872802734
      },
      "operational": {
        "overload_rate": 0.0030561385099685204,
        "sla_violation_rate": 0.0030561385099685204,
        "over_provisioning_cost": 31795188.0,
        "asymmetric_op_cost": 31829616.0,
        "u_max_mean": 2.529071569442749,
        "u_max_max": 5.947493553161621
      }
    },
    "iTransformer": {
      "forecast": {
        "rmse_mean": 24.032575607299805,
        "mae_mean": 12.615472793579102,
        "mape_mean": 34.50553770065308,
        "smape_mean": 34.45404815673828
      },
      "operational": {
        "overload_rate": 0.0064008394543546695,
        "sla_violation_rate": 0.0064008394543546695,
        "over_provisioning_cost": 30381926.0,
        "asymmetric_op_cost": 30426616.0,
        "u_max_mean": 3.1721901893615723,
        "u_max_max": 7.347234725952148
      }
    }
  }
}