{
  "seed": 7,
  "dataset": "cesnet",
  "loss": "asym",
  "T_eff": 7624,
  "num_links": 20,
  "models": {
    "DLinear": {
      "forecast": {
        "rmse_mean": 44.627281188964844,
        "mae_mean": 37.185855865478516,
        "mape_mean": 174.87676906585693,
        "smape_mean": 75.27184295654297
      },
      "operational": {
        "overload_rate": 0.0004590766002098636,
        "sla_violation_rate": 0.0004590766002098636,
        "over_provisioning_cost": 56685312.0,
        "asymmetric_op_cost": 56776388.0,
        "u_max_mean": 1.4842936992645264,
        "u_max_max": 2.4219372272491455
      }
    },
    "iTransformer": {
      "forecast": {
        "rmse_mean": 40.40467071533203,
        "mae_mean": 30.402847290039062,
        "mape_mean": 130.68982143402098,
        "smape_mean": 64.70362091064453
      },
      "operational": {
        "overload_rate": 0.00050498426023085,
        "sla_violation_rate": 0.00050498426023085,
        "over_provisioning_cost": 59648236.0,
        "asymmetric_op_cost": 59739504.0,
        "u_max_mean": 1.4518074989318848,
        "u_max_max": 1.9075064659118652
      }
    }
  }
}