{
  "seed": 789,
  "dataset": "abilene",
  "loss": "asym_l1",
  "T_eff": 9606,
  "num_links": 54,
  "models": {
    "DLinear": {
      "forecast": {
        "rmse_mean": 80.85125732421875,
        "mae_mean": 43.543087005615234,
        "mape_mean": 22.409853405422634,
        "smape_mean": 18.921056747436523
      },
      "operational": {
        "overload_rate": 0.0,
        "sla_violation_rate": 0.0,
        "over_provisioning_cost": 1357930752.0,
        "asymmetric_op_cost": 1357930752.0,
        "u_max_mean": 0.8249607682228088,
        "u_max_max": 0.9990531802177429
      }
    },
    "iTransformer": {
      "forecast": {
        "rmse_mean": 98.86862182617188,
        "mae_mean": 43.328269958496094,
        "mape_mean": 23.287463276474565,
        "smape_mean": 18.41342544555664
      },
      "operational": {
        "overload_rate": 0.0,
        "sla_violation_rate": 0.0,
        "over_provisioning_cost": 2086266880.0,
        "asymmetric_op_cost": 2086266880.0,
        "u_max_mean": 0.5933078527450562,
        "u_max_max": 0.8298586010932922
      }
    }
  }
}