{
  "seed": 789,
  "dataset": "abilene",
  "loss": "asym_l1",
  "T_eff": 9606,
  "num_links": 54,
  "models": {
    "LSTM": {
      "forecast": {
        "rmse_mean": 184.58587646484375,
        "mae_mean": 134.67051696777344,
        "mape_mean": 77.55606997454608,
        "smape_mean": 48.74993133544922
      },
      "operational": {
        "overload_rate": 0.040252619890346314,
        "sla_violation_rate": 0.040252619890346314,
        "over_provisioning_cost": 585021952.0,
        "asymmetric_op_cost": 701356608.0,
        "u_max_mean": 1.8062962293624878,
        "u_max_max": 6.6450371742248535
      }
    }
  }
}