{
  "seed": 100003,
  "dataset": "geant",
  "loss": "asym",
  "T_eff": 2083,
  "num_links": 58,
  "models": {
    "LSTM": {
      "forecast": {
        "rmse_mean": 7770.02587890625,
        "mae_mean": 7729.48388671875,
        "mape_mean": 3090.391871419446,
        "smape_mean": 146.1620635986328
      },
      "operational": {
        "overload_rate": 0.07600940288377175,
        "sla_violation_rate": 0.07600940288377175,
        "over_provisioning_cost": 1184048640.0,
        "asymmetric_op_cost": 2942086656.0,
        "u_max_mean": 38394985971712.0,
        "u_max_max": 1006247822229504.0
      }
    }
  }
}