{
  "seed": 123,
  "dataset": "abilene",
  "loss": "asym_l1",
  "T_eff": 9606,
  "num_links": 54,
  "models": {
    "LSTM": {
      "forecast": {
        "rmse_mean": 185.5164794921875,
        "mae_mean": 132.19622802734375,
        "mape_mean": 68.8400543530782,
        "smape_mean": 45.530120849609375
      },
      "operational": {
        "overload_rate": 0.04238091933282439,
        "sla_violation_rate": 0.04238091933282439,
        "over_provisioning_cost": 478778944.0,
        "asymmetric_op_cost": 550257152.0,
        "u_max_mean": 1.9740766286849976,
        "u_max_max": 6.171427249908447
      }
    }
  }
}