{
  "seed": 123,
  "dataset": "abilene",
  "loss": "asym_l1",
  "T_eff": 9606,
  "num_links": 54,
  "models": {
    "LSTM": {
      "forecast": {
        "rmse_mean": 189.8601531982422,
        "mae_mean": 83.70516204833984,
        "mape_mean": 36.62116504598547,
        "smape_mean": 31.664501190185547
      },
      "operational": {
        "overload_rate": 0.09225522628604035,
        "sla_violation_rate": 0.09225522628604035,
        "over_provisioning_cost": 191273840.0,
        "asymmetric_op_cost": 203350912.0,
        "u_max_mean": 3.263498306274414,
        "u_max_max": 10.9641752243042
      }
    }
  }
}