{
  "seed": 123,
  "dataset": "abilene",
  "loss": "asym_l1",
  "T_eff": 9606,
  "num_links": 54,
  "models": {
    "DLinear": {
      "forecast": {
        "rmse_mean": 42.166751861572266,
        "mae_mean": 16.146278381347656,
        "mape_mean": 8.20075406410076,
        "smape_mean": 7.986629009246826
      },
      "operational": {
        "overload_rate": 3.277272692221682e-05,
        "sla_violation_rate": 3.277272692221682e-05,
        "over_provisioning_cost": 1051224832.0,
        "asymmetric_op_cost": 1051225152.0,
        "u_max_mean": 0.9658645987510681,
        "u_max_max": 1.1435039043426514
      }
    },
    "iTransformer": {
      "forecast": {
        "rmse_mean": 45.337005615234375,
        "mae_mean": 16.936765670776367,
        "mape_mean": 8.426929019115589,
        "smape_mean": 8.348316192626953
      },
      "operational": {
        "overload_rate": 1.9278074660127545e-05,
        "sla_violation_rate": 1.9278074660127545e-05,
        "over_provisioning_cost": 1119109888.0,
        "asymmetric_op_cost": 1119110144.0,
        "u_max_mean": 0.9274728298187256,
        "u_max_max": 1.1940683126449585
      }
    }
  }
}