{
  "seed": 65521,
  "dataset": "cesnet",
  "loss": "asym",
  "T_eff": 7624,
  "num_links": 20,
  "models": {
    "DLinear": {
      "forecast": {
        "rmse_mean": 25.464248657226562,
        "mae_mean": 16.609586715698242,
        "mape_mean": 70.56950063705445,
        "smape_mean": 44.89600372314453
      },
      "operational": {
        "overload_rate": 0.00185598111227702,
        "sla_violation_rate": 0.00185598111227702,
        "over_provisioning_cost": 37914588.0,
        "asymmetric_op_cost": 37952648.0,
        "u_max_mean": 2.2418618202209473,
        "u_max_max": 4.666189670562744
      }
    },
    "iTransformer": {
      "forecast": {
        "rmse_mean": 24.030437469482422,
        "mae_mean": 14.327420234680176,
        "mape_mean": 49.27490673065186,
        "smape_mean": 37.71082305908203
      },
      "operational": {
        "overload_rate": 0.0033971668415529906,
        "sla_violation_rate": 0.0033971668415529906,
        "over_provisioning_cost": 35370676.0,
        "asymmetric_op_cost": 35426012.0,
        "u_max_mean": 2.6798813343048096,
        "u_max_max": 5.6578264236450195
      }
    }
  }
}