{
  "seed": 256,
  "dataset": "geant",
  "loss": "asym",
  "T_eff": 2083,
  "num_links": 58,
  "models": {
    "LSTM": {
      "forecast": {
        "rmse_mean": 4040.332763671875,
        "mae_mean": 3978.787109375,
        "mape_mean": 1648.31704501448,
        "smape_mean": 139.2825164794922
      },
      "operational": {
        "overload_rate": 0.033977850249143314,
        "sla_violation_rate": 0.033977850249143314,
        "over_provisioning_cost": 750639232.0,
        "asymmetric_op_cost": 755996096.0,
        "u_max_mean": 0.47548940777778625,
        "u_max_max": 3.5163002014160156
      }
    },
    "LSTM_CQR": {
      "forecast": {
        "rmse_mean": null,
        "mae_mean": null,
        "mape_mean": null,
        "smape_mean": null
      },
      "operational": {
        "overload_rate": 0.00879037197675766,
        "sla_violation_rate": 0.00879037197675766,
        "over_provisioning_cost": 311362420.15728176,
        "asymmetric_op_cost": 311616951.8134898,
        "u_max_mean": 0.6407404373303434,
        "u_max_max": 3.129249990498244
      },
      "calibration": {
        "method": "cqr",
        "target_alpha": 0.2,
        "qhat_mean": 579.4635203377954,
        "qhat_per_link": [
          -102.33673095703125,
          -230.9361572265625,
          1132.84521484375,
          -407.8485412597656,
          -1997.8521728515625,
          -202.30792236328125,
          725.3092651367188,
          -1954.0120849609375,
          1323.08203125,
          423.75042724609375,
          1078.233154296875,
          -111.51422119140625,
          517.1077270507812,
          2939.58251953125,
          505.74444580078125,
          4715.85986328125,
          28.182159423828125,
          -26.31585693359375,
          955.00537109375,
          1771.1265869140625,
          2410.437744140625,
          1896.8900146484375,
          333.93121337890625,
          169.8609619140625,
          -47.5059814453125,
          1.672821044921875,
          1063.38427734375,
          -1065.5953369140625,
          -7544.36865234375,
          -504.26959228515625,
          18.062095642089844,
          1772.583984375,
          189.2138671875,
          14.824804306030273,
          1034.4384765625,
          5567.63818359375,
          4259.54150390625,
          -10.670562744140625,
          2.523111343383789,
          -696.7323608398438,
          31.0831298828125,
          0.6298034191131592,
          50.09716796875,
          3149.464111328125,
          351.5002746582031,
          266.6410217285156,
          3.639017105102539,
          -441.6046142578125,
          9.111385345458984,
          -0.035692691802978516,
          82.57547760009766,
          10796.962890625,
          646.9898681640625,
          -8.620803833007812,
          3.0458309650421143,
          11.263427734375,
          -749.9720458984375,
          -542.4517211914062
        ],
        "coverage_overall": 0.8632608803615475,
        "mean_width": 3722.41796875
      }
    },
    "LSTM_ACI": {
      "forecast": {
        "rmse_mean": null,
        "mae_mean": null,
        "mape_mean": null,
        "smape_mean": null
      },
      "operational": {
        "overload_rate": 0.003286043008260632,
        "sla_violation_rate": 0.003286043008260632,
        "over_provisioning_cost": 292930993.111596,
        "asymmetric_op_cost": 293020554.22450054,
        "u_max_mean": 0.6420146106681794,
        "u_max_max": 3.50624224693388
      },
      "calibration": {
        "method": "aci",
        "target_alpha": 0.2,
        "gamma": 0.005,
        "window": 500,
        "qhat_mean": 365.5421489199688,
        "alpha_final_mean": 0.2445173275862069,
        "coverage_overall": 0.7561954740344662,
        "mean_width": 3174.255126953125
      }
    }
  },
  "calibration": "both",
  "target_alpha": 0.2
}