{
  "seed": 17,
  "dataset": "cesnet",
  "loss": "asym",
  "T_eff": 7624,
  "num_links": 20,
  "models": {
    "DLinear": {
      "forecast": {
        "rmse_mean": 24.24118423461914,
        "mae_mean": 14.473814010620117,
        "mape_mean": 55.998487281799314,
        "smape_mean": 39.88562774658203
      },
      "operational": {
        "overload_rate": 0.0029971143756558237,
        "sla_violation_rate": 0.0029971143756558237,
        "over_provisioning_cost": 32655014.0,
        "asymmetric_op_cost": 32684830.0,
        "u_max_mean": 2.5663092136383057,
        "u_max_max": 6.121095180511475
      }
    },
    "iTransformer": {
      "forecast": {
        "rmse_mean": 23.803302764892578,
        "mae_mean": 13.387651443481445,
        "mape_mean": 41.7052505493164,
        "smape_mean": 36.5243034362793
      },
      "operational": {
        "overload_rate": 0.004184155299055614,
        "sla_violation_rate": 0.004184155299055614,
        "over_provisioning_cost": 35037008.0,
        "asymmetric_op_cost": 35067248.0,
        "u_max_mean": 2.714770793914795,
        "u_max_max": 5.35484504699707
      }
    }
  }
}