{
  "seed": 2048,
  "dataset": "geant",
  "loss": "asym_l1",
  "T_eff": 2083,
  "num_links": 58,
  "models": {
    "DLinear": {
      "forecast": {
        "rmse_mean": 156.05294799804688,
        "mae_mean": 131.90902709960938,
        "mape_mean": 51.38852616014152,
        "smape_mean": 33.811119079589844
      },
      "operational": {
        "overload_rate": 0.03511182478851789,
        "sla_violation_rate": 0.03511182478851789,
        "over_provisioning_cost": 48367988.0,
        "asymmetric_op_cost": 49038672.0,
        "u_max_mean": 1.3485287427902222,
        "u_max_max": 4.940495491027832
      }
    },
    "iTransformer": {
      "forecast": {
        "rmse_mean": 39.0115966796875,
        "mae_mean": 24.754743576049805,
        "mape_mean": 10.50212495902489,
        "smape_mean": 11.163433074951172
      },
      "operational": {
        "overload_rate": 0.0005711258628966841,
        "sla_violation_rate": 0.0005711258628966841,
        "over_provisioning_cost": 77218160.0,
        "asymmetric_op_cost": 77218600.0,
        "u_max_mean": 1.0385468006134033,
        "u_max_max": 2.220332384109497
      }
    }
  }
}