{
  "seed": 8191,
  "dataset": "geant",
  "loss": "asym",
  "T_eff": 2083,
  "num_links": 58,
  "models": {
    "LSTM": {
      "forecast": {
        "rmse_mean": 2445.93798828125,
        "mae_mean": 2344.8251953125,
        "mape_mean": 868.4716419022659,
        "smape_mean": 129.73829650878906
      },
      "operational": {
        "overload_rate": 0.0654394358269737,
        "sla_violation_rate": 0.0654394358269737,
        "over_provisioning_cost": 491321728.0,
        "asymmetric_op_cost": 513426720.0,
        "u_max_mean": 0.7955476641654968,
        "u_max_max": 7.71043062210083
      }
    },
    "LSTM_CQR": {
      "forecast": {
        "rmse_mean": null,
        "mae_mean": null,
        "mape_mean": null,
        "smape_mean": null
      },
      "operational": {
        "overload_rate": 0.0046848875130365685,
        "sla_violation_rate": 0.0046848875130365685,
        "over_provisioning_cost": 332928602.49134815,
        "asymmetric_op_cost": 333115846.91756046,
        "u_max_mean": 0.6318177917519413,
        "u_max_max": 1.7343354544124974
      },
      "calibration": {
        "method": "cqr",
        "target_alpha": 0.05,
        "qhat_mean": -25.461500552193872,
        "qhat_per_link": [
          1274.989990234375,
          472.5640869140625,
          -3477.457275390625,
          286.271240234375,
          1233.304443359375,
          -722.6982421875,
          -8637.7412109375,
          -1410.8310546875,
          1827.422607421875,
          5235.28271484375,
          64.753662109375,
          -939.9127807617188,
          -412.60400390625,
          -2377.68115234375,
          -376.0428771972656,
          6157.08251953125,
          306.65203857421875,
          -50.82811737060547,
          1329.6690673828125,
          -1923.663330078125,
          2590.215576171875,
          852.726318359375,
          393.382568359375,
          -5240.333984375,
          699.487060546875,
          73.18360900878906,
          1663.1070556640625,
          -377.090087890625,
          7668.9345703125,
          -317.3153991699219,
          37.82234191894531,
          -1030.1708984375,
          215.61972045898438,
          6.182089805603027,
          1617.806884765625,
          -7263.71826171875,
          264.1783447265625,
          -17.71380615234375,
          15.112692832946777,
          -1482.7532958984375,
          106.88461303710938,
          0.5040551424026489,
          50.20243453979492,
          5335.1064453125,
          277.32049560546875,
          196.7664337158203,
          7.616671562194824,
          862.2197875976562,
          -13.788333892822266,
          -1.0460076332092285,
          162.11671447753906,
          -5733.2822265625,
          402.45648193359375,
          59.57420349121094,
          16.422178268432617,
          13.776920318603516,
          -82.37057495117188,
          -1364.4427490234375
        ],
        "coverage_overall": 0.958109159534491,
        "mean_width": 4141.30517578125
      }
    },
    "LSTM_ACI": {
      "forecast": {
        "rmse_mean": null,
        "mae_mean": null,
        "mape_mean": null,
        "smape_mean": null
      },
      "operational": {
        "overload_rate": 0.00048007681228996637,
        "sla_violation_rate": 0.00048007681228996637,
        "over_provisioning_cost": 310892016.3836812,
        "asymmetric_op_cost": 310895309.3525027,
        "u_max_mean": 0.6127762308091536,
        "u_max_max": 1.857087870954984
      },
      "calibration": {
        "method": "aci",
        "target_alpha": 0.05,
        "gamma": 0.005,
        "window": 500,
        "qhat_mean": -268.69974335668417,
        "alpha_final_mean": 0.06674632758620698,
        "coverage_overall": 0.9381859718244574,
        "mean_width": 3603.18359375
      }
    }
  },
  "calibration": "both",
  "target_alpha": 0.05
}