{
  "seed": 100003,
  "dataset": "abilene",
  "loss": "asym",
  "T_eff": 9606,
  "num_links": 54,
  "models": {
    "LSTM": {
      "forecast": {
        "rmse_mean": 164.44105529785156,
        "mae_mean": 105.25865173339844,
        "mape_mean": 55.63400365688182,
        "smape_mean": 39.714847564697266
      },
      "operational": {
        "overload_rate": 0.06161465442123364,
        "sla_violation_rate": 0.06161465442123364,
        "over_provisioning_cost": 514385888.0,
        "asymmetric_op_cost": 548044864.0,
        "u_max_mean": 2.0804505348205566,
        "u_max_max": 7.419312000274658
      }
    },
    "LSTM_CQR": {
      "forecast": {
        "rmse_mean": null,
        "mae_mean": null,
        "mape_mean": null,
        "smape_mean": null
      },
      "operational": {
        "overload_rate": 0.031920636022239185,
        "sla_violation_rate": 0.031920636022239185,
        "over_provisioning_cost": 556163502.6263505,
        "asymmetric_op_cost": 581378685.9210569,
        "u_max_mean": 1.7759392329093804,
        "u_max_max": 6.256166151567441
      },
      "calibration": {
        "method": "cqr",
        "target_alpha": 0.05,
        "qhat_mean": 44.690748804145386,
        "qhat_per_link": [
          1.437092661857605,
          1.6174689531326294,
          53.221351623535156,
          12.554525375366211,
          56.31745910644531,
          88.98916625976562,
          60.29345703125,
          79.605224609375,
          34.45024108886719,
          23.71453857421875,
          50.91529846191406,
          3.792508602142334,
          42.394630432128906,
          17.74688148498535,
          115.88143920898438,
          56.013214111328125,
          46.86785888671875,
          -6.431056976318359,
          93.11529541015625,
          59.82051086425781,
          48.33699035644531,
          89.2899169921875,
          68.35293579101562,
          40.977317810058594,
          27.55987548828125,
          11.77273178100586,
          30.750900268554688,
          12.848617553710938,
          80.75250244140625,
          71.9403076171875,
          1.3301082849502563,
          1.8263170719146729,
          26.081802368164062,
          59.7740478515625,
          42.25907897949219,
          95.60545349121094,
          35.89715576171875,
          31.783157348632812,
          11.983734130859375,
          24.039627075195312,
          55.241004943847656,
          63.07353210449219,
          15.042304992675781,
          19.900501251220703,
          95.81321716308594,
          62.2442626953125,
          88.11430358886719,
          55.32293701171875,
          12.683769226074219,
          9.644699096679688,
          17.23895263671875,
          18.015213012695312,
          102.53530883789062,
          92.95074462890625
        ],
        "coverage_overall": 0.8781914852599841,
        "mean_width": 264.42071533203125
      }
    },
    "LSTM_ACI": {
      "forecast": {
        "rmse_mean": null,
        "mae_mean": null,
        "mape_mean": null,
        "smape_mean": null
      },
      "operational": {
        "overload_rate": 0.00021013101379539022,
        "sla_violation_rate": 0.00021013101379539022,
        "over_provisioning_cost": 913155345.5666181,
        "asymmetric_op_cost": 913454257.3254224,
        "u_max_mean": 1.0152288640866556,
        "u_max_max": 1.9775114001910505
      },
      "calibration": {
        "method": "aci",
        "target_alpha": 0.05,
        "gamma": 0.005,
        "window": 500,
        "qhat_mean": 96.21371680718882,
        "alpha_final_mean": 0.0519917037037041,
        "coverage_overall": 0.9468638428142905,
        "mean_width": 337.8948669433594
      }
    }
  },
  "calibration": "both",
  "target_alpha": 0.05
}