{
  "num_seeds": 5,
  "seeds": [
    42,
    123,
    456,
    789,
    1024
  ],
  "dataset": "abilene",
  "loss": "asym_l1",
  "per_seed": [
    {
      "seed": 42,
      "dataset": "abilene",
      "loss": "asym_l1",
      "T_eff": 9606,
      "num_links": 54,
      "models": {
        "LSTM": {
          "forecast": {
            "rmse_mean": 86.16807556152344,
            "mae_mean": 46.97660827636719,
            "mape_mean": 26.37597592671712,
            "smape_mean": 21.40863800048828
          },
          "operational": {
            "overload_rate": 0.008254871569466615,
            "sla_violation_rate": 0.008254871569466615,
            "over_provisioning_cost": 961339136.0,
            "asymmetric_op_cost": 966220032.0,
            "u_max_mean": 1.218187928199768,
            "u_max_max": 3.4933269023895264
          }
        }
      }
    },
    {
      "seed": 123,
      "dataset": "abilene",
      "loss": "asym_l1",
      "T_eff": 9606,
      "num_links": 54,
      "models": {
        "LSTM": {
          "forecast": {
            "rmse_mean": 85.5458984375,
            "mae_mean": 50.11075210571289,
            "mape_mean": 28.681748778731734,
            "smape_mean": 22.731698989868164
          },
          "operational": {
            "overload_rate": 0.005972347529707513,
            "sla_violation_rate": 0.005972347529707513,
            "over_provisioning_cost": 1002077952.0,
            "asymmetric_op_cost": 1005779136.0,
            "u_max_mean": 1.1860991716384888,
            "u_max_max": 3.074079751968384
          }
        }
      }
    },
    {
      "seed": 456,
      "dataset": "abilene",
      "loss": "asym_l1",
      "T_eff": 9606,
      "num_links": 54,
      "models": {
        "LSTM": {
          "forecast": {
            "rmse_mean": 95.21566009521484,
            "mae_mean": 55.65083694458008,
            "mape_mean": 32.76138579403913,
            "smape_mean": 24.479488372802734
          },
          "operational": {
            "overload_rate": 0.005679320794873575,
            "sla_violation_rate": 0.005679320794873575,
            "over_provisioning_cost": 1001801856.0,
            "asymmetric_op_cost": 1005528960.0,
            "u_max_mean": 1.1370140314102173,
            "u_max_max": 3.070410966873169
          }
        }
      }
    },
    {
      "seed": 789,
      "dataset": "abilene",
      "loss": "asym_l1",
      "T_eff": 9606,
      "num_links": 54,
      "models": {
        "LSTM": {
          "forecast": {
            "rmse_mean": 114.32286834716797,
            "mae_mean": 65.50000762939453,
            "mape_mean": 32.2288357063576,
            "smape_mean": 24.791013717651367
          },
          "operational": {
            "overload_rate": 0.0067261202489185,
            "sla_violation_rate": 0.0067261202489185,
            "over_provisioning_cost": 984711680.0,
            "asymmetric_op_cost": 989048192.0,
            "u_max_mean": 1.1766705513000488,
            "u_max_max": 3.3236775398254395
          }
        }
      }
    },
    {
      "seed": 1024,
      "dataset": "abilene",
      "loss": "asym_l1",
      "T_eff": 9606,
      "num_links": 54,
      "models": {
        "LSTM": {
          "forecast": {
            "rmse_mean": 86.1138687133789,
            "mae_mean": 49.377296447753906,
            "mape_mean": 28.06642179135923,
            "smape_mean": 22.628604888916016
          },
          "operational": {
            "overload_rate": 0.007194577463159599,
            "sla_violation_rate": 0.007194577463159599,
            "over_provisioning_cost": 1004704000.0,
            "asymmetric_op_cost": 1009656384.0,
            "u_max_mean": 1.1876397132873535,
            "u_max_max": 3.483522891998291
          }
        }
      }
    }
  ],
  "models": {
    "LSTM": {
      "forecast": {
        "rmse_mean": {
          "mean": 93.47327423095703,
          "std": 11.028250518132468,
          "min": 85.5458984375,
          "max": 114.32286834716797,
          "values": [
            86.16807556152344,
            85.5458984375,
            95.21566009521484,
            114.32286834716797,
            86.1138687133789
          ]
        },
        "mae_mean": {
          "mean": 53.52310028076172,
          "std": 6.628151175123187,
          "min": 46.97660827636719,
          "max": 65.50000762939453,
          "values": [
            46.97660827636719,
            50.11075210571289,
            55.65083694458008,
            65.50000762939453,
            49.377296447753906
          ]
        },
        "mape_mean": {
          "mean": 29.622873599440958,
          "std": 2.469489824012327,
          "min": 26.37597592671712,
          "max": 32.76138579403913,
          "values": [
            26.37597592671712,
            28.681748778731734,
            32.76138579403913,
            32.2288357063576,
            28.06642179135923
          ]
        },
        "smape_mean": {
          "mean": 23.207888793945312,
          "std": 1.2587994282568176,
          "min": 21.40863800048828,
          "max": 24.791013717651367,
          "values": [
            21.40863800048828,
            22.731698989868164,
            24.479488372802734,
            24.791013717651367,
            22.628604888916016
          ]
        }
      },
      "operational": {
        "overload_rate": {
          "mean": 0.006765447521225161,
          "std": 0.0009179065310947735,
          "min": 0.005679320794873575,
          "max": 0.008254871569466615,
          "values": [
            0.008254871569466615,
            0.005972347529707513,
            0.005679320794873575,
            0.0067261202489185,
            0.007194577463159599
          ]
        },
        "sla_violation_rate": {
          "mean": 0.006765447521225161,
          "std": 0.0009179065310947735,
          "min": 0.005679320794873575,
          "max": 0.008254871569466615,
          "values": [
            0.008254871569466615,
            0.005972347529707513,
            0.005679320794873575,
            0.0067261202489185,
            0.007194577463159599
          ]
        },
        "over_provisioning_cost": {
          "mean": 990926924.8,
          "std": 16410264.173886176,
          "min": 961339136.0,
          "max": 1004704000.0,
          "values": [
            961339136.0,
            1002077952.0,
            1001801856.0,
            984711680.0,
            1004704000.0
          ]
        },
        "asymmetric_op_cost": {
          "mean": 995246540.8,
          "std": 16157134.821886687,
          "min": 966220032.0,
          "max": 1009656384.0,
          "values": [
            966220032.0,
            1005779136.0,
            1005528960.0,
            989048192.0,
            1009656384.0
          ]
        },
        "u_max_mean": {
          "mean": 1.1811222791671754,
          "std": 0.02610158671644836,
          "min": 1.1370140314102173,
          "max": 1.218187928199768,
          "values": [
            1.218187928199768,
            1.1860991716384888,
            1.1370140314102173,
            1.1766705513000488,
            1.1876397132873535
          ]
        },
        "u_max_max": {
          "mean": 3.289003610610962,
          "std": 0.18695617062399117,
          "min": 3.070410966873169,
          "max": 3.4933269023895264,
          "values": [
            3.4933269023895264,
            3.074079751968384,
            3.070410966873169,
            3.3236775398254395,
            3.483522891998291
          ]
        }
      }
    }
  }
}