{
  "seed": 99,
  "dataset": "abilene",
  "loss": "asym",
  "T_eff": 9606,
  "num_links": 54,
  "models": {
    "LSTM": {
      "forecast": {
        "rmse_mean": 169.52813720703125,
        "mae_mean": 109.30300903320312,
        "mape_mean": 58.95828515511972,
        "smape_mean": 40.28662109375
      },
      "operational": {
        "overload_rate": 0.056920443241492584,
        "sla_violation_rate": 0.056920443241492584,
        "over_provisioning_cost": 506313280.0,
        "asymmetric_op_cost": 538318592.0,
        "u_max_mean": 2.0628063678741455,
        "u_max_max": 6.957607746124268
      }
    },
    "LSTM_CQR": {
      "forecast": {
        "rmse_mean": null,
        "mae_mean": null,
        "mape_mean": null,
        "smape_mean": null
      },
      "operational": {
        "overload_rate": 0.033759764344815354,
        "sla_violation_rate": 0.033759764344815354,
        "over_provisioning_cost": 641213525.410698,
        "asymmetric_op_cost": 664399379.077242,
        "u_max_mean": 1.6897812587191776,
        "u_max_max": 6.2472765223557785
      },
      "calibration": {
        "method": "cqr",
        "target_alpha": 0.1,
        "qhat_mean": 29.71916737600609,
        "qhat_per_link": [
          0.6044729948043823,
          0.8912477493286133,
          41.944725036621094,
          9.512422561645508,
          49.32794189453125,
          106.67922973632812,
          34.19792175292969,
          11.6846923828125,
          14.474609375,
          12.11309814453125,
          47.030555725097656,
          3.0564279556274414,
          31.977218627929688,
          14.11016845703125,
          53.726165771484375,
          52.299041748046875,
          29.206329345703125,
          -14.997413635253906,
          24.6378173828125,
          48.31768035888672,
          36.12939453125,
          72.49801635742188,
          37.15252685546875,
          33.93140411376953,
          23.717529296875,
          1.6222610473632812,
          19.60222625732422,
          10.443155288696289,
          52.375823974609375,
          30.099212646484375,
          0.5394432544708252,
          0.9082775115966797,
          17.76909637451172,
          43.42204284667969,
          49.95957946777344,
          44.65748596191406,
          1.2620849609375,
          27.785972595214844,
          10.810659408569336,
          2.34906005859375,
          43.15956115722656,
          50.416534423828125,
          8.374835968017578,
          13.97848892211914,
          84.78715515136719,
          45.88084411621094,
          78.21438598632812,
          38.72767639160156,
          5.814510345458984,
          4.732921600341797,
          5.58056640625,
          10.806533813476562,
          60.947662353515625,
          65.58375549316406
        ],
        "coverage_overall": 0.8490507476037353,
        "mean_width": 259.4151306152344
      }
    },
    "LSTM_ACI": {
      "forecast": {
        "rmse_mean": null,
        "mae_mean": null,
        "mape_mean": null,
        "smape_mean": null
      },
      "operational": {
        "overload_rate": 0.0005687032024737625,
        "sla_violation_rate": 0.0005687032024737625,
        "over_provisioning_cost": 837488192.3563596,
        "asymmetric_op_cost": 838016752.891905,
        "u_max_mean": 1.1001705363785268,
        "u_max_max": 2.0510014188695087
      },
      "calibration": {
        "method": "aci",
        "target_alpha": 0.1,
        "gamma": 0.005,
        "window": 500,
        "qhat_mean": 57.69862703040794,
        "alpha_final_mean": 0.10520444444444456,
        "coverage_overall": 0.8946761669018591,
        "mean_width": 304.27471923828125
      }
    }
  },
  "calibration": "both",
  "target_alpha": 0.1
}