{
  "seed": 42,
  "dataset": "abilene",
  "loss": "asym_l1",
  "T_eff": 9606,
  "num_links": 54,
  "models": {
    "LSTM": {
      "forecast": {
        "rmse_mean": 199.4077911376953,
        "mae_mean": 158.12033081054688,
        "mape_mean": 89.01125321564851,
        "smape_mean": 51.58458709716797
      },
      "operational": {
        "overload_rate": 0.032562595908421435,
        "sla_violation_rate": 0.032562595908421435,
        "over_provisioning_cost": 641148224.0,
        "asymmetric_op_cost": 723483968.0,
        "u_max_mean": 1.7162469625473022,
        "u_max_max": 6.561047554016113
      }
    }
  }
}