{
  "seed": 42,
  "dataset": "abilene",
  "loss": "asym_l1",
  "T_eff": 9606,
  "num_links": 54,
  "models": {
    "DLinear": {
      "forecast": {
        "rmse_mean": 77.89857482910156,
        "mae_mean": 43.68659591674805,
        "mape_mean": 22.4789064195421,
        "smape_mean": 18.928787231445312
      },
      "operational": {
        "overload_rate": 3.855614932025509e-06,
        "sla_violation_rate": 3.855614932025509e-06,
        "over_provisioning_cost": 1330376448.0,
        "asymmetric_op_cost": 1330376448.0,
        "u_max_mean": 0.8330755829811096,
        "u_max_max": 1.0040911436080933
      }
    },
    "iTransformer": {
      "forecast": {
        "rmse_mean": 99.11080169677734,
        "mae_mean": 44.63424301147461,
        "mape_mean": 23.513860013749863,
        "smape_mean": 18.4959774017334
      },
      "operational": {
        "overload_rate": 0.0,
        "sla_violation_rate": 0.0,
        "over_provisioning_cost": 1901882368.0,
        "asymmetric_op_cost": 1901882368.0,
        "u_max_mean": 0.605938732624054,
        "u_max_max": 0.8055494427680969
      }
    }
  }
}