{
  "seed": 42,
  "dataset": "abilene",
  "loss": "asym_l1",
  "T_eff": 9606,
  "num_links": 54,
  "models": {
    "LSTM": {
      "forecast": {
        "rmse_mean": 120.29270935058594,
        "mae_mean": 65.94490051269531,
        "mape_mean": 36.727374465377245,
        "smape_mean": 27.381481170654297
      },
      "operational": {
        "overload_rate": 0.006126572126988534,
        "sla_violation_rate": 0.006126572126988534,
        "over_provisioning_cost": 1028325504.0,
        "asymmetric_op_cost": 1037212096.0,
        "u_max_mean": 1.1094273328781128,
        "u_max_max": 3.5283098220825195
      }
    }
  }
}