{
  "seed": 8191,
  "dataset": "abilene",
  "loss": "asym",
  "T_eff": 9606,
  "num_links": 54,
  "models": {
    "LSTM": {
      "forecast": {
        "rmse_mean": 249.67813110351562,
        "mae_mean": 219.80960083007812,
        "mape_mean": 116.16173730073152,
        "smape_mean": 59.32577133178711
      },
      "operational": {
        "overload_rate": 0.025634055875571594,
        "sla_violation_rate": 0.025634055875571594,
        "over_provisioning_cost": 811963520.0,
        "asymmetric_op_cost": 1061867264.0,
        "u_max_mean": 1.5095807313919067,
        "u_max_max": 5.28416633605957
      }
    }
  }
}