{
  "seed": 2048,
  "dataset": "abilene",
  "loss": "asym",
  "T_eff": 9606,
  "num_links": 54,
  "models": {
    "LSTM": {
      "forecast": {
        "rmse_mean": 170.90380859375,
        "mae_mean": 118.24669647216797,
        "mape_mean": 61.792303756431295,
        "smape_mean": 41.92518615722656
      },
      "operational": {
        "overload_rate": 0.0512237721794249,
        "sla_violation_rate": 0.0512237721794249,
        "over_provisioning_cost": 436350208.0,
        "asymmetric_op_cost": 470330336.0,
        "u_max_mean": 2.086974620819092,
        "u_max_max": 6.467092990875244
      }
    },
    "LSTM_CQR": {
      "forecast": {
        "rmse_mean": null,
        "mae_mean": null,
        "mape_mean": null,
        "smape_mean": null
      },
      "operational": {
        "overload_rate": 0.036314109237282254,
        "sla_violation_rate": 0.036314109237282254,
        "over_provisioning_cost": 612988481.3027459,
        "asymmetric_op_cost": 639300694.0524465,
        "u_max_mean": 1.7734171504981733,
        "u_max_max": 6.019715959035945
      },
      "calibration": {
        "method": "cqr",
        "target_alpha": 0.05,
        "qhat_mean": 53.429677934558306,
        "qhat_per_link": [
          0.6984739899635315,
          2.7710399627685547,
          51.9632568359375,
          12.604475021362305,
          75.54132080078125,
          85.9229736328125,
          86.90264892578125,
          100.82803344726562,
          30.7965087890625,
          34.08323669433594,
          52.06802749633789,
          7.613767623901367,
          37.6921272277832,
          16.963871002197266,
          172.3304443359375,
          44.005096435546875,
          46.044036865234375,
          -3.1733055114746094,
          115.97332763671875,
          40.10616683959961,
          71.4324951171875,
          135.78070068359375,
          68.21760559082031,
          75.15839385986328,
          11.669021606445312,
          9.124130249023438,
          38.128814697265625,
          14.083639144897461,
          81.96217346191406,
          90.97491455078125,
          0.7800753712654114,
          2.854924201965332,
          31.487403869628906,
          58.23797607421875,
          31.24053955078125,
          154.32281494140625,
          34.73883056640625,
          32.53692626953125,
          20.001428604125977,
          -10.006301879882812,
          70.85496520996094,
          62.815887451171875,
          14.91278076171875,
          20.975875854492188,
          109.80863952636719,
          67.09823608398438,
          140.3619384765625,
          109.91238403320312,
          13.465595245361328,
          15.848159790039062,
          31.922828674316406,
          26.21656036376953,
          141.91470336914062,
          94.63201904296875
        ],
        "coverage_overall": 0.8727647072431582,
        "mean_width": 257.7318115234375
      }
    },
    "LSTM_ACI": {
      "forecast": {
        "rmse_mean": null,
        "mae_mean": null,
        "mape_mean": null,
        "smape_mean": null
      },
      "operational": {
        "overload_rate": 0.0001985641689993137,
        "sla_violation_rate": 0.0001985641689993137,
        "over_provisioning_cost": 922871329.094,
        "asymmetric_op_cost": 923079024.571829,
        "u_max_mean": 1.0347675619517287,
        "u_max_max": 1.7452331411512825
      },
      "calibration": {
        "method": "aci",
        "target_alpha": 0.05,
        "gamma": 0.005,
        "window": 500,
        "qhat_mean": 115.81108360820346,
        "alpha_final_mean": 0.054232481481481826,
        "coverage_overall": 0.9468734818516206,
        "mean_width": 340.58843994140625
      }
    }
  },
  "calibration": "both",
  "target_alpha": 0.05
}