{
  "seed": 1024,
  "dataset": "cesnet",
  "loss": "asym",
  "T_eff": 7624,
  "num_links": 20,
  "models": {
    "DLinear": {
      "forecast": {
        "rmse_mean": 78.53736114501953,
        "mae_mean": 71.20079040527344,
        "mape_mean": 346.95410919189453,
        "smape_mean": 104.28314208984375
      },
      "operational": {
        "overload_rate": 0.00013772298006295907,
        "sla_violation_rate": 0.00013772298006295907,
        "over_provisioning_cost": 78690816.0,
        "asymmetric_op_cost": 78822672.0,
        "u_max_mean": 1.1082442998886108,
        "u_max_max": 1.6202844381332397
      }
    },
    "iTransformer": {
      "forecast": {
        "rmse_mean": 72.27070617675781,
        "mae_mean": 57.07391357421875,
        "mape_mean": 261.81131744384766,
        "smape_mean": 91.80281066894531
      },
      "operational": {
        "overload_rate": 9.837355718782791e-05,
        "sla_violation_rate": 9.837355718782791e-05,
        "over_provisioning_cost": 87204728.0,
        "asymmetric_op_cost": 87279040.0,
        "u_max_mean": 1.0013889074325562,
        "u_max_max": 1.3580936193466187
      }
    }
  }
}