{
  "seed": 1024,
  "dataset": "cesnet",
  "loss": "asym",
  "T_eff": 7624,
  "num_links": 20,
  "models": {
    "LSTM": {
      "forecast": {
        "rmse_mean": 80.87014770507812,
        "mae_mean": 76.62005615234375,
        "mape_mean": 485.02646560668944,
        "smape_mean": 112.41725158691406
      },
      "operational": {
        "overload_rate": 0.002419989506820567,
        "sla_violation_rate": 0.002419989506820567,
        "over_provisioning_cost": 32844806.0,
        "asymmetric_op_cost": 36467560.0,
        "u_max_mean": 2.3839476108551025,
        "u_max_max": 4.096799373626709
      }
    }
  }
}