{
  "seed": 2,
  "dataset": "geant",
  "loss": "asym",
  "T_eff": 2083,
  "num_links": 58,
  "models": {
    "LSTM": {
      "forecast": {
        "rmse_mean": 3319.271240234375,
        "mae_mean": 3276.9560546875,
        "mape_mean": 1178.9862640643942,
        "smape_mean": 133.40142822265625
      },
      "operational": {
        "overload_rate": 0.2858774645322562,
        "sla_violation_rate": 0.2858774645322562,
        "over_provisioning_cost": 305444928.0,
        "asymmetric_op_cost": 1018705088.0,
        "u_max_mean": 210488797429760.0,
        "u_max_max": 2641998397833216.0
      }
    },
    "LSTM_CQR": {
      "forecast": {
        "rmse_mean": null,
        "mae_mean": null,
        "mape_mean": null,
        "smape_mean": null
      },
      "operational": {
        "overload_rate": 0.0054215571043091035,
        "sla_violation_rate": 0.0054215571043091035,
        "over_provisioning_cost": 280685010.9665688,
        "asymmetric_op_cost": 280889479.5533713,
        "u_max_mean": 0.6744545140527476,
        "u_max_max": 1.7146443548748629
      },
      "calibration": {
        "method": "cqr",
        "target_alpha": 0.05,
        "qhat_mean": 1101.6369999534097,
        "qhat_per_link": [
          750.0723876953125,
          78.389892578125,
          2732.53955078125,
          129.90985107421875,
          810.461181640625,
          3189.9345703125,
          8957.8916015625,
          2223.215576171875,
          3722.9404296875,
          519.29052734375,
          1185.365478515625,
          1924.726318359375,
          -5.9039306640625,
          2445.447509765625,
          -313.06927490234375,
          2642.28515625,
          517.6282958984375,
          44.81103515625,
          1613.5782470703125,
          713.165771484375,
          -1416.2073974609375,
          -1628.7122802734375,
          363.3775329589844,
          2341.6630859375,
          806.740478515625,
          79.17961120605469,
          1273.418212890625,
          214.54666137695312,
          3550.2568359375,
          179.82748413085938,
          52.18574523925781,
          -259.530029296875,
          414.29150390625,
          17.662498474121094,
          1454.80419921875,
          1642.937744140625,
          6664.0732421875,
          -90.90438079833984,
          16.560455322265625,
          2069.0439453125,
          21.030975341796875,
          0.29816776514053345,
          131.79788208007812,
          6044.07080078125,
          -6.0668182373046875,
          149.1475372314453,
          5.037409782409668,
          131.81961059570312,
          -44.30967712402344,
          3.009448766708374,
          -20.573467254638672,
          4402.9736328125,
          12.63604736328125,
          30.37848663330078,
          -2.003021478652954,
          40.10999298095703,
          701.8611450195312,
          665.83251953125
        ],
        "coverage_overall": 0.9548148393398116,
        "mean_width": 3583.21630859375
      }
    },
    "LSTM_ACI": {
      "forecast": {
        "rmse_mean": null,
        "mae_mean": null,
        "mape_mean": null,
        "smape_mean": null
      },
      "operational": {
        "overload_rate": 0.00025659277898256827,
        "sla_violation_rate": 0.00025659277898256827,
        "over_provisioning_cost": 261468578.8668126,
        "asymmetric_op_cost": 261469686.77797496,
        "u_max_mean": 0.6355242755687697,
        "u_max_max": 1.763727637632707
      },
      "calibration": {
        "method": "aci",
        "target_alpha": 0.05,
        "gamma": 0.005,
        "window": 500,
        "qhat_mean": 736.4031362867561,
        "alpha_final_mean": 0.0708627586206898,
        "coverage_overall": 0.9384922277219527,
        "mean_width": 2894.171142578125
      }
    }
  },
  "calibration": "both",
  "target_alpha": 0.05
}