{
  "seed": 456,
  "dataset": "geant",
  "loss": "asym",
  "T_eff": 2083,
  "num_links": 58,
  "models": {
    "DLinear": {
      "forecast": {
        "rmse_mean": 6354.681640625,
        "mae_mean": 6350.42529296875,
        "mape_mean": 2401.8729799204857,
        "smape_mean": 136.58096313476562
      },
      "operational": {
        "overload_rate": 0.0005628486764778916,
        "sla_violation_rate": 0.0005628486764778916,
        "over_provisioning_cost": 885103744.0,
        "asymmetric_op_cost": 885174464.0,
        "u_max_mean": 0.3995371162891388,
        "u_max_max": 1.1376646757125854
      }
    },
    "iTransformer": {
      "forecast": {
        "rmse_mean": 118.5483627319336,
        "mae_mean": 89.03778839111328,
        "mape_mean": 33.84191421804757,
        "smape_mean": 27.42198371887207
      },
      "operational": {
        "overload_rate": 0.002367275315774662,
        "sla_violation_rate": 0.002367275315774662,
        "over_provisioning_cost": 71923592.0,
        "asymmetric_op_cost": 71969616.0,
        "u_max_mean": 1.1299586296081543,
        "u_max_max": 2.7034313678741455
      }
    }
  }
}