{
  "num_seeds": 5,
  "seeds": [
    42,
    123,
    456,
    789,
    1024
  ],
  "dataset": "abilene",
  "loss": "asym_l1",
  "per_seed": [
    {
      "seed": 42,
      "dataset": "abilene",
      "loss": "asym_l1",
      "T_eff": 9606,
      "num_links": 54,
      "models": {
        "LSTM": {
          "forecast": {
            "rmse_mean": 219.66575622558594,
            "mae_mean": 135.12831115722656,
            "mape_mean": 79.50915054038718,
            "smape_mean": 47.777854919433594
          },
          "operational": {
            "overload_rate": 0.005565580154378822,
            "sla_violation_rate": 0.005565580154378822,
            "over_provisioning_cost": 1142767872.0,
            "asymmetric_op_cost": 1180498816.0,
            "u_max_mean": 1.0512722730636597,
            "u_max_max": 3.2921347618103027
          }
        }
      }
    },
    {
      "seed": 123,
      "dataset": "abilene",
      "loss": "asym_l1",
      "T_eff": 9606,
      "num_links": 54,
      "models": {
        "LSTM": {
          "forecast": {
            "rmse_mean": 241.14329528808594,
            "mae_mean": 154.43215942382812,
            "mape_mean": 89.6212004908809,
            "smape_mean": 49.518611907958984
          },
          "operational": {
            "overload_rate": 0.0059916256043676406,
            "sla_violation_rate": 0.0059916256043676406,
            "over_provisioning_cost": 1180442112.0,
            "asymmetric_op_cost": 1227627008.0,
            "u_max_mean": 1.0561977624893188,
            "u_max_max": 3.9320061206817627
          }
        }
      }
    },
    {
      "seed": 456,
      "dataset": "abilene",
      "loss": "asym_l1",
      "T_eff": 9606,
      "num_links": 54,
      "models": {
        "LSTM": {
          "forecast": {
            "rmse_mean": 248.52557373046875,
            "mae_mean": 152.90679931640625,
            "mape_mean": 95.0496386775264,
            "smape_mean": 49.48090744018555
          },
          "operational": {
            "overload_rate": 0.005567507961844835,
            "sla_violation_rate": 0.005567507961844835,
            "over_provisioning_cost": 1154723584.0,
            "asymmetric_op_cost": 1199941248.0,
            "u_max_mean": 1.0570849180221558,
            "u_max_max": 3.7680163383483887
          }
        }
      }
    },
    {
      "seed": 789,
      "dataset": "abilene",
      "loss": "asym_l1",
      "T_eff": 9606,
      "num_links": 54,
      "models": {
        "LSTM": {
          "forecast": {
            "rmse_mean": 197.2604217529297,
            "mae_mean": 126.19058227539062,
            "mape_mean": 74.87094179789226,
            "smape_mean": 46.34910583496094
          },
          "operational": {
            "overload_rate": 0.005544374272252682,
            "sla_violation_rate": 0.005544374272252682,
            "over_provisioning_cost": 1147855232.0,
            "asymmetric_op_cost": 1182932864.0,
            "u_max_mean": 1.0579314231872559,
            "u_max_max": 3.281451463699341
          }
        }
      }
    },
    {
      "seed": 1024,
      "dataset": "abilene",
      "loss": "asym_l1",
      "T_eff": 9606,
      "num_links": 54,
      "models": {
        "LSTM": {
          "forecast": {
            "rmse_mean": 375.22259521484375,
            "mae_mean": 229.5813446044922,
            "mape_mean": 112.32810995313856,
            "smape_mean": 55.11433029174805
          },
          "operational": {
            "overload_rate": 0.006375259290104179,
            "sla_violation_rate": 0.006375259290104179,
            "over_provisioning_cost": 1180179456.0,
            "asymmetric_op_cost": 1233400192.0,
            "u_max_mean": 1.0563122034072876,
            "u_max_max": 4.1395769119262695
          }
        }
      }
    }
  ],
  "models": {
    "LSTM": {
      "forecast": {
        "rmse_mean": {
          "mean": 256.3635284423828,
          "std": 62.06524066074067,
          "min": 197.2604217529297,
          "max": 375.22259521484375,
          "values": [
            219.66575622558594,
            241.14329528808594,
            248.52557373046875,
            197.2604217529297,
            375.22259521484375
          ]
        },
        "mae_mean": {
          "mean": 159.64783935546876,
          "std": 36.562098979023574,
          "min": 126.19058227539062,
          "max": 229.5813446044922,
          "values": [
            135.12831115722656,
            154.43215942382812,
            152.90679931640625,
            126.19058227539062,
            229.5813446044922
          ]
        },
        "mape_mean": {
          "mean": 90.27580829196506,
          "std": 13.135850237564096,
          "min": 74.87094179789226,
          "max": 112.32810995313856,
          "values": [
            79.50915054038718,
            89.6212004908809,
            95.0496386775264,
            74.87094179789226,
            112.32810995313856
          ]
        },
        "smape_mean": {
          "mean": 49.648162078857425,
          "std": 2.976762444789217,
          "min": 46.34910583496094,
          "max": 55.11433029174805,
          "values": [
            47.777854919433594,
            49.518611907958984,
            49.48090744018555,
            46.34910583496094,
            55.11433029174805
          ]
        }
      },
      "operational": {
        "overload_rate": {
          "mean": 0.005808869456589631,
          "std": 0.00032912004232875164,
          "min": 0.005544374272252682,
          "max": 0.006375259290104179,
          "values": [
            0.005565580154378822,
            0.0059916256043676406,
            0.005567507961844835,
            0.005544374272252682,
            0.006375259290104179
          ]
        },
        "sla_violation_rate": {
          "mean": 0.005808869456589631,
          "std": 0.00032912004232875164,
          "min": 0.005544374272252682,
          "max": 0.006375259290104179,
          "values": [
            0.005565580154378822,
            0.0059916256043676406,
            0.005567507961844835,
            0.005544374272252682,
            0.006375259290104179
          ]
        },
        "over_provisioning_cost": {
          "mean": 1161193651.2,
          "std": 16063925.812374987,
          "min": 1142767872.0,
          "max": 1180442112.0,
          "values": [
            1142767872.0,
            1180442112.0,
            1154723584.0,
            1147855232.0,
            1180179456.0
          ]
        },
        "asymmetric_op_cost": {
          "mean": 1204880025.6,
          "std": 22051475.723078072,
          "min": 1180498816.0,
          "max": 1233400192.0,
          "values": [
            1180498816.0,
            1227627008.0,
            1199941248.0,
            1182932864.0,
            1233400192.0
          ]
        },
        "u_max_mean": {
          "mean": 1.0557597160339356,
          "std": 0.002328378993017724,
          "min": 1.0512722730636597,
          "max": 1.0579314231872559,
          "values": [
            1.0512722730636597,
            1.0561977624893188,
            1.0570849180221558,
            1.0579314231872559,
            1.0563122034072876
          ]
        },
        "u_max_max": {
          "mean": 3.682637119293213,
          "std": 0.34400886774777495,
          "min": 3.281451463699341,
          "max": 4.1395769119262695,
          "values": [
            3.2921347618103027,
            3.9320061206817627,
            3.7680163383483887,
            3.281451463699341,
            4.1395769119262695
          ]
        }
      }
    }
  }
}