{
  "seed": 271828,
  "dataset": "abilene",
  "loss": "asym",
  "T_eff": 9606,
  "num_links": 54,
  "models": {
    "LSTM": {
      "forecast": {
        "rmse_mean": 163.8302764892578,
        "mae_mean": 105.59651947021484,
        "mape_mean": 57.27132295679163,
        "smape_mean": 40.287113189697266
      },
      "operational": {
        "overload_rate": 0.0632995581465288,
        "sla_violation_rate": 0.0632995581465288,
        "over_provisioning_cost": 423795520.0,
        "asymmetric_op_cost": 458805856.0,
        "u_max_mean": 2.2607169151306152,
        "u_max_max": 7.633989334106445
      }
    },
    "LSTM_CQR": {
      "forecast": {
        "rmse_mean": null,
        "mae_mean": null,
        "mape_mean": null,
        "smape_mean": null
      },
      "operational": {
        "overload_rate": 0.03029742213585645,
        "sla_violation_rate": 0.03029742213585645,
        "over_provisioning_cost": 615784036.0930864,
        "asymmetric_op_cost": 642116062.3000852,
        "u_max_mean": 1.7003501042407294,
        "u_max_max": 6.682054578922084
      },
      "calibration": {
        "method": "cqr",
        "target_alpha": 0.1,
        "qhat_mean": 35.11832738143426,
        "qhat_per_link": [
          0.9859853982925415,
          1.0977245569229126,
          25.762252807617188,
          7.230533599853516,
          51.08285903930664,
          51.935333251953125,
          53.628997802734375,
          62.673675537109375,
          35.63014221191406,
          15.43679428100586,
          40.05335235595703,
          5.346909523010254,
          29.851993560791016,
          10.241750717163086,
          108.31991577148438,
          52.63531494140625,
          51.116363525390625,
          -13.307931900024414,
          78.52947998046875,
          26.64151382446289,
          60.57511901855469,
          67.13589477539062,
          46.2279052734375,
          61.67432403564453,
          23.2611083984375,
          7.8828887939453125,
          20.918289184570312,
          7.246543884277344,
          53.69255065917969,
          38.333160400390625,
          0.9846864938735962,
          1.1300504207611084,
          18.42383575439453,
          29.020606994628906,
          24.169586181640625,
          87.30303955078125,
          15.635986328125,
          23.190757751464844,
          10.757194519042969,
          -16.056625366210938,
          57.8284912109375,
          48.727081298828125,
          11.990020751953125,
          13.03314208984375,
          96.33537292480469,
          60.32318115234375,
          78.31365966796875,
          47.3406982421875,
          10.09381103515625,
          0.5534210205078125,
          21.573936462402344,
          14.541030883789062,
          79.54995727539062,
          79.7860107421875
        ],
        "coverage_overall": 0.8617241538853032,
        "mean_width": 263.8388671875
      }
    },
    "LSTM_ACI": {
      "forecast": {
        "rmse_mean": null,
        "mae_mean": null,
        "mape_mean": null,
        "smape_mean": null
      },
      "operational": {
        "overload_rate": 0.0007017219176286425,
        "sla_violation_rate": 0.0007017219176286425,
        "over_provisioning_cost": 845118988.9071714,
        "asymmetric_op_cost": 845621873.9018689,
        "u_max_mean": 1.1344782247350094,
        "u_max_max": 3.14011591745961
      },
      "calibration": {
        "method": "aci",
        "target_alpha": 0.1,
        "gamma": 0.005,
        "window": 500,
        "qhat_mean": 51.452725180873166,
        "alpha_final_mean": 0.09923216666666675,
        "coverage_overall": 0.8946125492554807,
        "mean_width": 307.2528381347656
      }
    }
  },
  "calibration": "both",
  "target_alpha": 0.1
}