{
  "seed": 512,
  "dataset": "geant",
  "loss": "asym",
  "T_eff": 2083,
  "num_links": 58,
  "models": {
    "LSTM": {
      "forecast": {
        "rmse_mean": 3251.466796875,
        "mae_mean": 3192.166259765625,
        "mape_mean": 1370.9392579506184,
        "smape_mean": 138.4781951904297
      },
      "operational": {
        "overload_rate": 0.1440644296190839,
        "sla_violation_rate": 0.1440644296190839,
        "over_provisioning_cost": 440767232.0,
        "asymmetric_op_cost": 761451392.0,
        "u_max_mean": 119288807555072.0,
        "u_max_max": 2885700479352832.0
      }
    },
    "LSTM_CQR": {
      "forecast": {
        "rmse_mean": null,
        "mae_mean": null,
        "mape_mean": null,
        "smape_mean": null
      },
      "operational": {
        "overload_rate": 0.00767295181022067,
        "sla_violation_rate": 0.00767295181022067,
        "over_provisioning_cost": 373386880.76974237,
        "asymmetric_op_cost": 373662280.42756164,
        "u_max_mean": 0.7795779967750648,
        "u_max_max": 3.413225647635432
      },
      "calibration": {
        "method": "cqr",
        "target_alpha": 0.05,
        "qhat_mean": 604.7981062248863,
        "qhat_per_link": [
          1448.71240234375,
          863.0479125976562,
          -1337.389892578125,
          -35.68341064453125,
          3337.005126953125,
          -1197.3076171875,
          659.5619506835938,
          1733.338134765625,
          8659.2080078125,
          1817.968505859375,
          254.316650390625,
          725.1885375976562,
          216.8026123046875,
          882.199951171875,
          -1490.51171875,
          4829.47265625,
          24.771087646484375,
          54.73100280761719,
          1719.435546875,
          27.0518798828125,
          1146.8160400390625,
          131.50537109375,
          394.53631591796875,
          -1061.8724365234375,
          8.184173583984375,
          16.966094970703125,
          1318.584716796875,
          1449.06884765625,
          -209.69635009765625,
          124.43240356445312,
          5.996543884277344,
          -91.9522705078125,
          261.636962890625,
          -2.9569156169891357,
          1429.526611328125,
          384.53759765625,
          2253.791015625,
          203.79493713378906,
          14.98382568359375,
          462.405517578125,
          0.0137939453125,
          0.2984795570373535,
          81.92668151855469,
          4558.7255859375,
          269.79302978515625,
          107.339599609375,
          8.138105392456055,
          740.328369140625,
          6.999412536621094,
          0.1314179003238678,
          -8.633940696716309,
          -1444.8245849609375,
          -217.811279296875,
          86.41648864746094,
          -0.6638455390930176,
          6.130821228027344,
          125.39320373535156,
          -673.6195068359375
        ],
        "coverage_overall": 0.9582002085850978,
        "mean_width": 3923.1875
      }
    },
    "LSTM_ACI": {
      "forecast": {
        "rmse_mean": null,
        "mae_mean": null,
        "mape_mean": null,
        "smape_mean": null
      },
      "operational": {
        "overload_rate": 0.0010760342344430282,
        "sla_violation_rate": 0.0010760342344430282,
        "over_provisioning_cost": 347609924.6995648,
        "asymmetric_op_cost": 347619267.3191174,
        "u_max_mean": 0.7126607463456438,
        "u_max_max": 1.8106811267294312
      },
      "calibration": {
        "method": "aci",
        "target_alpha": 0.05,
        "gamma": 0.005,
        "window": 500,
        "qhat_mean": 144.38475027783164,
        "alpha_final_mean": 0.07290141379310357,
        "coverage_overall": 0.9389723045342427,
        "mean_width": 3074.23291015625
      }
    }
  },
  "calibration": "both",
  "target_alpha": 0.05
}