{
  "seed": 99,
  "dataset": "cesnet",
  "loss": "asym",
  "T_eff": 7624,
  "num_links": 20,
  "models": {
    "DLinear": {
      "forecast": {
        "rmse_mean": 25.296653747558594,
        "mae_mean": 16.498584747314453,
        "mape_mean": 70.85652313232421,
        "smape_mean": 44.95653533935547
      },
      "operational": {
        "overload_rate": 0.0017707240293809024,
        "sla_violation_rate": 0.0017707240293809024,
        "over_provisioning_cost": 37990872.0,
        "asymmetric_op_cost": 38027692.0,
        "u_max_mean": 2.2091879844665527,
        "u_max_max": 4.587420463562012
      }
    },
    "iTransformer": {
      "forecast": {
        "rmse_mean": 24.50963592529297,
        "mae_mean": 14.932157516479492,
        "mape_mean": 52.89406414031983,
        "smape_mean": 39.01251220703125
      },
      "operational": {
        "overload_rate": 0.002479013641133263,
        "sla_violation_rate": 0.002479013641133263,
        "over_provisioning_cost": 36908016.0,
        "asymmetric_op_cost": 36953648.0,
        "u_max_mean": 2.441052198410034,
        "u_max_max": 4.092286109924316
      }
    }
  }
}