{
  "seed": 1024,
  "dataset": "abilene",
  "loss": "mse",
  "T_eff": 9606,
  "num_links": 54,
  "models": {
    "LSTM": {
      "forecast": {
        "rmse_mean": 169.1088104248047,
        "mae_mean": 98.55121612548828,
        "mape_mean": 49.50632768207126,
        "smape_mean": 37.28913116455078
      },
      "operational": {
        "overload_rate": 0.07873744033435892,
        "sla_violation_rate": 0.07873744033435892,
        "over_provisioning_cost": 347763552.0,
        "asymmetric_op_cost": 356054080.0,
        "u_max_mean": 2.500201940536499,
        "u_max_max": 8.580168724060059
      }
    }
  }
}