{
  "seed": 2,
  "dataset": "cesnet",
  "loss": "asym",
  "T_eff": 7624,
  "num_links": 20,
  "models": {
    "DLinear": {
      "forecast": {
        "rmse_mean": 42.41011428833008,
        "mae_mean": 35.11836624145508,
        "mape_mean": 162.4185579299927,
        "smape_mean": 72.88365173339844
      },
      "operational": {
        "overload_rate": 0.0004984260230849948,
        "sla_violation_rate": 0.0004984260230849948,
        "over_provisioning_cost": 55230328.0,
        "asymmetric_op_cost": 55330476.0,
        "u_max_mean": 1.5055266618728638,
        "u_max_max": 2.5632569789886475
      }
    },
    "iTransformer": {
      "forecast": {
        "rmse_mean": 43.11258316040039,
        "mae_mean": 32.57403564453125,
        "mape_mean": 139.24371871948242,
        "smape_mean": 66.69425964355469
      },
      "operational": {
        "overload_rate": 0.00037381951731374605,
        "sla_violation_rate": 0.00037381951731374605,
        "over_provisioning_cost": 63831100.0,
        "asymmetric_op_cost": 63902904.0,
        "u_max_mean": 1.3654658794403076,
        "u_max_max": 1.978010654449463
      }
    }
  }
}