{
  "seed": 789,
  "dataset": "cesnet",
  "loss": "asym",
  "T_eff": 7624,
  "num_links": 20,
  "models": {
    "DLinear": {
      "forecast": {
        "rmse_mean": 24.03958511352539,
        "mae_mean": 14.142362594604492,
        "mape_mean": 55.94228725433349,
        "smape_mean": 39.67728042602539
      },
      "operational": {
        "overload_rate": 0.0027544596012591817,
        "sla_violation_rate": 0.0027544596012591817,
        "over_provisioning_cost": 32548728.0,
        "asymmetric_op_cost": 32577846.0,
        "u_max_mean": 2.503786563873291,
        "u_max_max": 4.712007999420166
      }
    },
    "iTransformer": {
      "forecast": {
        "rmse_mean": 23.627426147460938,
        "mae_mean": 13.045265197753906,
        "mape_mean": 40.99950885772705,
        "smape_mean": 35.14391326904297
      },
      "operational": {
        "overload_rate": 0.005272822665267576,
        "sla_violation_rate": 0.005272822665267576,
        "over_provisioning_cost": 32219582.0,
        "asymmetric_op_cost": 32257558.0,
        "u_max_mean": 3.0204269886016846,
        "u_max_max": 6.817671775817871
      }
    }
  }
}