{
  "seed": 512,
  "dataset": "abilene",
  "loss": "asym_l1",
  "T_eff": 9606,
  "num_links": 54,
  "models": {
    "DLinear": {
      "forecast": {
        "rmse_mean": 42.94686508178711,
        "mae_mean": 17.40888786315918,
        "mape_mean": 9.211437000168694,
        "smape_mean": 8.657682418823242
      },
      "operational": {
        "overload_rate": 1.349465226208928e-05,
        "sla_violation_rate": 1.349465226208928e-05,
        "over_provisioning_cost": 1061720064.0,
        "asymmetric_op_cost": 1061720320.0,
        "u_max_mean": 0.9410751461982727,
        "u_max_max": 1.0801576375961304
      }
    },
    "iTransformer": {
      "forecast": {
        "rmse_mean": 47.083763122558594,
        "mae_mean": 17.921321868896484,
        "mape_mean": 9.32327323048203,
        "smape_mean": 8.682673454284668
      },
      "operational": {
        "overload_rate": 5.783422398038263e-06,
        "sla_violation_rate": 5.783422398038263e-06,
        "over_provisioning_cost": 1144347392.0,
        "asymmetric_op_cost": 1144347392.0,
        "u_max_mean": 0.8960013389587402,
        "u_max_max": 1.021807074546814
      }
    }
  }
}