{
  "ratios": [
    "1:1",
    "2:1",
    "5:1",
    "10:1",
    "20:1",
    "100:1"
  ],
  "models": [
    "DLinear",
    "iTransformer"
  ],
  "per_model": {
    "DLinear": [
      {
        "ratio": "1:1",
        "alpha": 1.0,
        "beta": 1.0,
        "overload_rate": 0.0030400708289611755,
        "over_provisioning_cost": 32531477.9,
        "asymmetric_op_cost": 32561331.9,
        "rmse_mean": 24.06068000793457,
        "overload_rate_values": [
          0.0032725603357817417,
          0.0028134837355718785,
          0.0029905561385099684,
          0.0027544596012591817,
          0.0031151626442812172,
          0.0030561385099685204,
          0.0031151626442812172,
          0.002839716684155299,
          0.00304302203567681,
          0.0032856768100734523,
          0.0029971143756558237,
          0.0029184155299055614,
          0.0028921825813221407,
          0.003036463798530955,
          0.003187303252885624,
          0.0031676285414480587,
          0.0032594438614900315,
          0.0029512067156348375,
          0.0031217208814270725,
          0.0029839979013641135
        ]
      },
      {
        "ratio": "2:1",
        "alpha": 2.0,
        "beta": 1.0,
        "overload_rate": 0.0018572927597061914,
        "over_provisioning_cost": 37672480.4,
        "asymmetric_op_cost": 37710823.8,
        "rmse_mean": 25.37332077026367,
        "overload_rate_values": [
          0.001993704092339979,
          0.0017051416579223506,
          0.002059286463798531,
          0.001895330535152151,
          0.001888772298006296,
          0.0018494228751311647,
          0.0018822140608604407,
          0.0017051416579223506,
          0.0018363064008394543,
          0.0017051416579223506,
          0.0018494228751311647,
          0.0017707240293809024,
          0.0018100734522560336,
          0.001888772298006296,
          0.0018756558237145854,
          0.00185598111227702,
          0.0020068205666316894,
          0.00185598111227702,
          0.0019150052465897168,
          0.0017969569779643232
        ]
      },
      {
        "ratio": "5:1",
        "alpha": 5.0,
        "beta": 1.0,
        "overload_rate": 0.0009394674711437564,
        "over_provisioning_cost": 45235310.2,
        "asymmetric_op_cost": 45288529.6,
        "rmse_mean": 30.36239585876465,
        "overload_rate_values": [
          0.0009247114375655823,
          0.0008591290661070305,
          0.0009181532004197271,
          0.0009575026232948584,
          0.0009968520461699896,
          0.0010296432318992654,
          0.000983735571878279,
          0.0009247114375655823,
          0.0009509443861490032,
          0.0009378279118572927,
          0.0008984784889821616,
          0.0008853620146904512,
          0.0009247114375655823,
          0.0009575026232948584,
          0.0009312696747114375,
          0.0009575026232948584,
          0.0009640608604407136,
          0.0010296432318992654,
          0.0008525708289611753,
          0.0009050367261280168
        ]
      },
      {
        "ratio": "10:1",
        "alpha": 10.0,
        "beta": 1.0,
        "overload_rate": 0.0006784496327387198,
        "over_provisioning_cost": 51060088.8,
        "asymmetric_op_cost": 51131675.4,
        "rmse_mean": 36.691657638549806,
        "overload_rate_values": [
          0.0006886149003147954,
          0.0007345225603357817,
          0.0007279643231899265,
          0.0006951731374606506,
          0.0007476390346274921,
          0.0006820566631689402,
          0.0006623819517313746,
          0.0006886149003147954,
          0.0006689401888772297,
          0.0006558237145855194,
          0.0006623819517313746,
          0.000675498426023085,
          0.0006689401888772297,
          0.0007148478488982162,
          0.0006230325288562434,
          0.0006492654774396642,
          0.0006492654774396642,
          0.0006492654774396642,
          0.0006295907660020986,
          0.0006951731374606506
        ]
      },
      {
        "ratio": "20:1",
        "alpha": 20.0,
        "beta": 1.0,
        "overload_rate": 0.0004748163693599161,
        "over_provisioning_cost": 56961836.4,
        "asymmetric_op_cost": 57056139.4,
        "rmse_mean": 44.31589336395264,
        "overload_rate_values": [
          0.0004525183630640084,
          0.0004984260230849948,
          0.0005443336831059811,
          0.0004525183630640084,
          0.0004590766002098636,
          0.00046563483735571876,
          0.0004984260230849948,
          0.00046563483735571876,
          0.0004590766002098636,
          0.0004590766002098636,
          0.00046563483735571876,
          0.00042628541448058764,
          0.0005115424973767052,
          0.000439401888772298,
          0.0005181007345225604,
          0.00050498426023085,
          0.0004459601259181532,
          0.0004787513116474292,
          0.0004787513116474292,
          0.000472193074501574
        ]
      },
      {
        "ratio": "100:1",
        "alpha": 100.0,
        "beta": 1.0,
        "overload_rate": 0.00015805351521511014,
        "over_provisioning_cost": 78546265.2,
        "asymmetric_op_cost": 78682450.8,
        "rmse_mean": 77.0574348449707,
        "overload_rate_values": [
          0.00017051416579223506,
          0.00015083945435466947,
          0.00014428121720881426,
          0.00015083945435466947,
          0.00013772298006295907,
          0.00018363064008394543,
          0.00015739769150052466,
          0.00015083945435466947,
          0.00017707240293809024,
          0.00013116474291710389,
          0.00017051416579223506,
          0.00017707240293809024,
          0.00015739769150052466,
          0.00013116474291710389,
          0.00018363064008394543,
          0.00015083945435466947,
          0.00015739769150052466,
          0.00018363064008394543,
          0.00015739769150052466,
          0.00013772298006295907
        ]
      }
    ],
    "iTransformer": [
      {
        "ratio": "1:1",
        "alpha": 1.0,
        "beta": 1.0,
        "overload_rate": 0.004292366211962225,
        "over_provisioning_cost": 34216290.9,
        "asymmetric_op_cost": 34248551.5,
        "rmse_mean": 23.673144912719728,
        "overload_rate_values": [
          0.0038759181532004197,
          0.003174186778593914,
          0.004138247639034628,
          0.005272822665267576,
          0.004426810073452256,
          0.004807187827911857,
          0.005115424973767052,
          0.005823714585519412,
          0.004656348373557188,
          0.004249737670514166,
          0.004184155299055614,
          0.004321878279118573,
          0.003980849947534103,
          0.003987408184679958,
          0.004046432318992655,
          0.0032200944386149,
          0.003436516264428122,
          0.005397429171038825,
          0.003921825813221406,
          0.0038103357817418676
        ]
      },
      {
        "ratio": "2:1",
        "alpha": 2.0,
        "beta": 1.0,
        "overload_rate": 0.002609850472193074,
        "over_provisioning_cost": 38574270.0,
        "asymmetric_op_cost": 38618454.8,
        "rmse_mean": 24.42601137161255,
        "overload_rate_values": [
          0.002675760755508919,
          0.002229800629590766,
          0.0023478488982161595,
          0.003075813221406086,
          0.002498688352570829,
          0.003069254984260231,
          0.0019215634837355718,
          0.0028593913955928646,
          0.0028266002098635886,
          0.0026232948583420775,
          0.001954354669464848,
          0.002479013641133263,
          0.0033381427072402938,
          0.002124868835257083,
          0.0020133788037775447,
          0.002433105981112277,
          0.0026429695697796434,
          0.0033971668415529906,
          0.0028856243441762854,
          0.002800367261280168
        ]
      },
      {
        "ratio": "5:1",
        "alpha": 5.0,
        "beta": 1.0,