{
  "ratios": [
    "1:1",
    "2:1",
    "5:1",
    "10:1",
    "20:1",
    "100:1"
  ],
  "models": [
    "LSTM"
  ],
  "per_model": {
    "LSTM": [
      {
        "ratio": "1:1",
        "alpha": 1.0,
        "beta": 1.0,
        "overload_rate": 0.08877590503672612,
        "over_provisioning_cost": 8336982.6,
        "asymmetric_op_cost": 8717262.525,
        "rmse_mean": 34.055111694335935,
        "overload_rate_values": [
          0.06548399790136411,
          0.07673137460650577,
          0.08477177334732423,
          0.08318467995802728,
          0.09517969569779643,
          0.0753672612801679,
          0.08403725078698845,
          0.08915267576075551,
          0.08871327387198322,
          0.09298268625393494,
          0.09179564533053515,
          0.09717339979013641,
          0.0936188352570829,
          0.09807843651626443,
          0.09141526757607556,
          0.07790529905561384,
          0.10207240293809024,
          0.11657266526757608,
          0.0976587093389297,
          0.07362277019937041
        ]
      },
      {
        "ratio": "2:1",
        "alpha": 2.0,
        "beta": 1.0,
        "overload_rate": 0.06634870146904512,
        "over_provisioning_cost": 9953405.55,
        "asymmetric_op_cost": 10558424.85,
        "rmse_mean": 35.47089900970459,
        "overload_rate_values": [
          0.05995540398740819,
          0.049311385099685204,
          0.06185073452256033,
          0.06595619097586569,
          0.07063221406086044,
          0.05750262329485834,
          0.060676810073452256,
          0.07206846799580273,
          0.07029118572927597,
          0.07230456453305352,
          0.07270461699895069,
          0.0772691500524659,
          0.055587618048268624,
          0.07746589716684155,
          0.07174055613850996,
          0.06664480587618048,
          0.07715766002098635,
          0.07597061909758657,
          0.05729931794333683,
          0.05458420776495278
        ]
      },
      {
        "ratio": "5:1",
        "alpha": 5.0,
        "beta": 1.0,
        "overload_rate": 0.037272757082896124,
        "over_provisioning_cost": 13252409.3,
        "asymmetric_op_cost": 14244998.5,
        "rmse_mean": 38.31565608978271,
        "overload_rate_values": [
          0.03151888772298006,
          0.03471274921301154,
          0.039290398740818466,
          0.03502098635886674,
          0.032338667366211965,
          0.027806925498426022,
          0.048465372507869885,
          0.03938221406086044,
          0.033342077649527804,
          0.03707371458551941,
          0.028961175236096537,
          0.045015739769150055,
          0.03883788037775446,
          0.05004590766002098,
          0.036293284365162645,
          0.04289742917103882,
          0.02823321091290661,
          0.04287775445960126,
          0.034214323189926545,
          0.03912644281217209
        ]
      },
      {
        "ratio": "10:1",
        "alpha": 10.0,
        "beta": 1.0,
        "overload_rate": 0.023976259181532,
        "over_provisioning_cost": 15778246.65,
        "asymmetric_op_cost": 17260699.05,
        "rmse_mean": 43.32210273742676,
        "overload_rate_values": [
          0.02008788037775446,
          0.02131427072402938,
          0.026521511017838405,
          0.027465897166841554,
          0.02666579223504722,
          0.016848111227701995,
          0.0338995278069255,
          0.028397166841552992,
          0.014906873032528856,
          0.02565582371458552,
          0.02003541448058762,
          0.03155823714585519,
          0.023426023084994755,
          0.026875655823714584,
          0.02271117523609654,
          0.021517576075550892,
          0.02003541448058762,
          0.0340306925498426,
          0.01556925498426023,
          0.022002885624344177
        ]
      },
      {
        "ratio": "20:1",
        "alpha": 20.0,
        "beta": 1.0,
        "overload_rate": 0.012986621196222455,
        "over_provisioning_cost": 19736862.0,
        "asymmetric_op_cost": 21728529.9,
        "rmse_mean": 54.40491924285889,
        "overload_rate_values": [
          0.012080272822665267,
          0.01214585519412382,
          0.013450944386149003,
          0.01333289611752361,
          0.01824501573976915,
          0.011824501573976916,
          0.011621196222455403,
          0.010381689401888772,
          0.009338929695697797,
          0.01842208814270724,
          0.011378541448058763,
          0.01285414480587618,
          0.008565057712486883,
          0.01758919202518363,
          0.014290398740818468,
          0.010473504721930744,
          0.012106505771248688,
          0.013457502623294858,
          0.013778856243441762,
          0.014395330535152151
        ]
      },
      {
        "ratio": "100:1",
        "alpha": 100.0,
        "beta": 1.0,
        "overload_rate": 0.0036867130115424973,
        "over_provisioning_cost": 30731378.0,
        "asymmetric_op_cost": 35087573.4,
        "rmse_mean": 87.33200912475586,
        "overload_rate_values": [
          0.002387198321091291,
          0.0033578174186778592,
          0.0046432318992654775,
          0.00457109129066107,
          0.002419989506820567,
          0.0032856768100734523,
          0.003108604407135362,
          0.0037316369359916054,
          0.0032200944386149,
          0.006420514165792235,
          0.002800367261280168,
          0.0023019412381951733,
          0.0038693599160545644,
          0.005200682056663169,
          0.0029971143756558237,
          0.0021051941238195175,
          0.006027019937040924,
          0.0030889296956977965,
          0.004295645330535152,
          0.0039021511017838404
        ]
      }
    ]
  },
  "mse_baseline": {
    "LSTM": {
      "overload_rate": 0.08877590503672612,
      "over_provisioning_cost": 8336982.6,
      "asymmetric_op_cost": 8717262.525,
      "rmse_mean": 34.055111694335935
    }
  }
}