{
  "seed": 31337,
  "dataset": "abilene",
  "loss": "asym",
  "T_eff": 9606,
  "num_links": 54,
  "models": {
    "LSTM": {
      "forecast": {
        "rmse_mean": 168.83572387695312,
        "mae_mean": 109.69468688964844,
        "mape_mean": 54.838245692076505,
        "smape_mean": 40.07113265991211
      },
      "operational": {
        "overload_rate": 0.07371935750032772,
        "sla_violation_rate": 0.07371935750032772,
        "over_provisioning_cost": 380750336.0,
        "asymmetric_op_cost": 421875616.0,
        "u_max_mean": 2.3168833255767822,
        "u_max_max": 6.94879150390625
      }
    },
    "LSTM_CQR": {
      "forecast": {
        "rmse_mean": null,
        "mae_mean": null,
        "mape_mean": null,
        "smape_mean": null
      },
      "operational": {
        "overload_rate": 0.03439015738620153,
        "sla_violation_rate": 0.03439015738620153,
        "over_provisioning_cost": 612192319.0601808,
        "asymmetric_op_cost": 636422031.8956453,
        "u_max_mean": 1.7463729956000902,
        "u_max_max": 6.4956120843941525
      },
      "calibration": {
        "method": "cqr",
        "target_alpha": 0.1,
        "qhat_mean": 44.64571455672935,
        "qhat_per_link": [
          1.1658836603164673,
          1.4569921493530273,
          58.831390380859375,
          11.307638168334961,
          78.31979370117188,
          59.4825439453125,
          90.15086364746094,
          52.064697265625,
          3.2394256591796875,
          20.190628051757812,
          64.90135192871094,
          3.2277536392211914,
          25.284942626953125,
          16.94923210144043,
          153.61196899414062,
          33.496978759765625,
          21.54803466796875,
          -8.352760314941406,
          86.8486328125,
          52.48957824707031,
          71.09275817871094,
          79.95431518554688,
          58.11320495605469,
          56.73895263671875,
          -6.9999237060546875,
          10.217430114746094,
          26.335838317871094,
          13.301950454711914,
          76.65263366699219,
          81.27413940429688,
          1.0538357496261597,
          1.394033432006836,
          32.28224182128906,
          60.20008850097656,
          45.16105651855469,
          127.64578247070312,
          28.67181396484375,
          30.389739990234375,
          15.700019836425781,
          18.35198974609375,
          73.39816284179688,
          49.257110595703125,
          18.45714569091797,
          16.93828582763672,
          131.720458984375,
          31.593917846679688,
          90.774658203125,
          81.07745361328125,
          7.420848846435547,
          1.5154972076416016,
          18.688720703125,
          19.198104858398438,
          108.34088134765625,
          108.7398681640625
        ],
        "coverage_overall": 0.8450081353475066,
        "mean_width": 266.02392578125
      }
    },
    "LSTM_ACI": {
      "forecast": {
        "rmse_mean": null,
        "mae_mean": null,
        "mape_mean": null,
        "smape_mean": null
      },
      "operational": {
        "overload_rate": 0.0007981122909292804,
        "sla_violation_rate": 0.0007981122909292804,
        "over_provisioning_cost": 808002951.766306,
        "asymmetric_op_cost": 808642285.6082975,
        "u_max_mean": 1.1451793177407346,
        "u_max_max": 2.19019874279794
      },
      "calibration": {
        "method": "aci",
        "target_alpha": 0.1,
        "gamma": 0.005,
        "window": 500,
        "qhat_mean": 66.37074145564327,
        "alpha_final_mean": 0.09844520370370381,
        "coverage_overall": 0.8945527872240343,
        "mean_width": 309.651611328125
      }
    }
  },
  "calibration": "both",
  "target_alpha": 0.1
}