{
  "seed": 256,
  "dataset": "geant",
  "loss": "asym",
  "T_eff": 2083,
  "num_links": 58,
  "models": {
    "LSTM": {
      "forecast": {
        "rmse_mean": 4040.332763671875,
        "mae_mean": 3978.787109375,
        "mape_mean": 1648.31704501448,
        "smape_mean": 139.2825164794922
      },
      "operational": {
        "overload_rate": 0.033977850249143314,
        "sla_violation_rate": 0.033977850249143314,
        "over_provisioning_cost": 750639232.0,
        "asymmetric_op_cost": 755996096.0,
        "u_max_mean": 0.47548940777778625,
        "u_max_max": 3.5163002014160156
      }
    },
    "LSTM_CQR": {
      "forecast": {
        "rmse_mean": null,
        "mae_mean": null,
        "mape_mean": null,
        "smape_mean": null
      },
      "operational": {
        "overload_rate": 0.004891817173506382,
        "sla_violation_rate": 0.004891817173506382,
        "over_provisioning_cost": 350471818.8785466,
        "asymmetric_op_cost": 350630568.1655654,
        "u_max_mean": 0.5786773322742997,
        "u_max_max": 2.222329273891767
      },
      "calibration": {
        "method": "cqr",
        "target_alpha": 0.1,
        "qhat_mean": 903.3378774924524,
        "qhat_per_link": [
          15.926116943359375,
          411.3858642578125,
          1217.3543701171875,
          -97.89865112304688,
          -1734.4119873046875,
          865.244384765625,
          1383.294921875,
          -800.405517578125,
          1469.759033203125,
          646.9730224609375,
          1276.1497802734375,
          89.52386474609375,
          851.664794921875,
          3032.91650390625,
          683.4036865234375,
          4951.1572265625,
          61.027313232421875,
          -9.490943908691406,
          1103.42138671875,
          2262.5107421875,
          2829.943359375,
          2079.4091796875,
          358.6380615234375,
          2969.281982421875,
          -9.700592041015625,
          13.712738037109375,
          1171.26025390625,
          -771.6605224609375,
          -7201.8857421875,
          -277.2691345214844,
          27.635887145996094,
          1904.31884765625,
          246.93365478515625,
          16.547565460205078,
          1113.2935791015625,
          6000.04443359375,
          5100.23974609375,
          46.86231994628906,
          7.755716323852539,
          271.5408935546875,
          78.841552734375,
          0.7028319835662842,
          60.489749908447266,
          3441.961181640625,
          403.46478271484375,
          284.16790771484375,
          5.452699661254883,
          -314.40167236328125,
          47.75511169433594,
          0.07281500101089478,
          115.52655792236328,
          12023.5537109375,
          692.5751342773438,
          16.25830841064453,
          3.6571755409240723,
          14.383733749389648,
          -541.8597412109375,
          2484.5869140625
        ],
        "coverage_overall": 0.9452298574668498,
        "mean_width": 4370.16650390625
      }
    },
    "LSTM_ACI": {
      "forecast": {
        "rmse_mean": null,
        "mae_mean": null,
        "mape_mean": null,
        "smape_mean": null
      },
      "operational": {
        "overload_rate": 0.0007283924048537421,
        "sla_violation_rate": 0.0007283924048537421,
        "over_provisioning_cost": 308859622.99457157,
        "asymmetric_op_cost": 308869046.8130406,
        "u_max_mean": 0.57647934524471,
        "u_max_max": 2.125290739554946
      },
      "calibration": {
        "method": "aci",
        "target_alpha": 0.1,
        "gamma": 0.005,
        "window": 500,
        "qhat_mean": 487.30817461013794,
        "alpha_final_mean": 0.13135379310344833,
        "coverage_overall": 0.8785488436770573,
        "mean_width": 3458.591064453125
      }
    }
  },
  "calibration": "both",
  "target_alpha": 0.1
}