{
  "seed": 17,
  "dataset": "cesnet",
  "loss": "asym",
  "T_eff": 7624,
  "num_links": 20,
  "models": {
    "LSTM": {
      "forecast": {
        "rmse_mean": 89.53413391113281,
        "mae_mean": 86.31108093261719,
        "mape_mean": 503.81238784790037,
        "smape_mean": 114.7535629272461
      },
      "operational": {
        "overload_rate": 0.002800367261280168,
        "sla_violation_rate": 0.002800367261280168,
        "over_provisioning_cost": 33164728.0,
        "asymmetric_op_cost": 36366776.0,
        "u_max_mean": 2.468987226486206,
        "u_max_max": 3.9851419925689697
      }
    }
  }
}