{
  "seed": 271828,
  "dataset": "abilene",
  "loss": "asym",
  "T_eff": 9606,
  "num_links": 54,
  "models": {
    "PatchTST": {
      "forecast": {
        "rmse_mean": 51.23383712768555,
        "mae_mean": 21.66824722290039,
        "mape_mean": 11.649095667733086,
        "smape_mean": 10.23406982421875
      },
      "operational": {
        "overload_rate": 0.0,
        "sla_violation_rate": 0.0,
        "over_provisioning_cost": 1229079552.0,
        "asymmetric_op_cost": 1229079552.0,
        "u_max_mean": 0.826012372970581,
        "u_max_max": 0.9268869161605835
      }
    }
  }
}