{
  "seed": 100003,
  "dataset": "geant",
  "loss": "asym_l1",
  "T_eff": 2083,
  "num_links": 58,
  "models": {
    "DLinear": {
      "forecast": {
        "rmse_mean": 246.70936584472656,
        "mae_mean": 218.5018310546875,
        "mape_mean": 62.66990587629121,
        "smape_mean": 43.729736328125
      },
      "operational": {
        "overload_rate": 0.0009684308109987254,
        "sla_violation_rate": 0.0009684308109987254,
        "over_provisioning_cost": 104750408.0,
        "asymmetric_op_cost": 104831496.0,
        "u_max_mean": 0.8312677145004272,
        "u_max_max": 1.3100224733352661
      }
    },
    "iTransformer": {
      "forecast": {
        "rmse_mean": 107.9068832397461,
        "mae_mean": 85.42736053466797,
        "mape_mean": 35.48786541511272,
        "smape_mean": 27.527612686157227
      },
      "operational": {
        "overload_rate": 8.277186418792524e-06,
        "sla_violation_rate": 8.277186418792524e-06,
        "over_provisioning_cost": 100306560.0,
        "asymmetric_op_cost": 100306592.0,
        "u_max_mean": 0.8115419149398804,
        "u_max_max": 1.2178856134414673
      }
    }
  }
}