{
  "seed": 271828,
  "dataset": "geant",
  "loss": "asym_l1",
  "T_eff": 2083,
  "num_links": 58,
  "models": {
    "LSTM": {
      "forecast": {
        "rmse_mean": 2007.568603515625,
        "mae_mean": 1973.213623046875,
        "mape_mean": 670.8990883005076,
        "smape_mean": 127.12063598632812
      },
      "operational": {
        "overload_rate": 0.38017117221514063,
        "sla_violation_rate": 0.38017117221514063,
        "over_provisioning_cost": 183789456.0,
        "asymmetric_op_cost": 368846336.0,
        "u_max_mean": 274231497588736.0,
        "u_max_max": 2641998397833216.0
      }
    }
  }
}