{
  "seed": 13,
  "dataset": "cesnet",
  "loss": "asym_l1",
  "T_eff": 7624,
  "num_links": 20,
  "models": {
    "DLinear": {
      "forecast": {
        "rmse_mean": 36.80042266845703,
        "mae_mean": 29.18488121032715,
        "mape_mean": 123.07077770233154,
        "smape_mean": 63.565155029296875
      },
      "operational": {
        "overload_rate": 0.0005640083945435467,
        "sla_violation_rate": 0.0005640083945435467,
        "over_provisioning_cost": 55340920.0,
        "asymmetric_op_cost": 55396748.0,
        "u_max_mean": 1.502221703529358,
        "u_max_max": 2.71116304397583
      }
    },
    "iTransformer": {
      "forecast": {
        "rmse_mean": 37.8032112121582,
        "mae_mean": 27.997982025146484,
        "mape_mean": 112.42909336090088,
        "smape_mean": 59.58416748046875
      },
      "operational": {
        "overload_rate": 0.0006886149003147954,
        "sla_violation_rate": 0.0006886149003147954,
        "over_provisioning_cost": 54463288.0,
        "asymmetric_op_cost": 54536264.0,
        "u_max_mean": 1.6758296489715576,
        "u_max_max": 2.6028892993927
      }
    }
  }
}