{
  "seed": 100003,
  "dataset": "cesnet",
  "loss": "asym",
  "T_eff": 7624,
  "num_links": 20,
  "models": {
    "DLinear": {
      "forecast": {
        "rmse_mean": 30.40558433532715,
        "mae_mean": 22.903743743896484,
        "mape_mean": 105.5381072998047,
        "smape_mean": 56.5837516784668
      },
      "operational": {
        "overload_rate": 0.0008525708289611753,
        "sla_violation_rate": 0.0008525708289611753,
        "over_provisioning_cost": 46327936.0,
        "asymmetric_op_cost": 46378004.0,
        "u_max_mean": 1.8468043804168701,
        "u_max_max": 3.2426230907440186
      }
    },
    "iTransformer": {
      "forecast": {
        "rmse_mean": 29.844284057617188,
        "mae_mean": 20.61078643798828,
        "mape_mean": 81.6240608215332,
        "smape_mean": 49.1785888671875
      },
      "operational": {
        "overload_rate": 0.0008132214060860441,
        "sla_violation_rate": 0.0008132214060860441,
        "over_provisioning_cost": 48685092.0,
        "asymmetric_op_cost": 48732000.0,
        "u_max_mean": 1.8057998418807983,
        "u_max_max": 2.7073187828063965
      }
    }
  }
}