{
  "seed": 1024,
  "dataset": "cesnet",
  "loss": "asym_l1",
  "T_eff": 7624,
  "num_links": 20,
  "models": {
    "LSTM": {
      "forecast": {
        "rmse_mean": 101.18643951416016,
        "mae_mean": 97.95331573486328,
        "mape_mean": 524.8185081481934,
        "smape_mean": 116.07991027832031
      },
      "operational": {
        "overload_rate": 0.0033381427072402938,
        "sla_violation_rate": 0.0033381427072402938,
        "over_provisioning_cost": 32531902.0,
        "asymmetric_op_cost": 36614128.0,
        "u_max_mean": 2.6411569118499756,
        "u_max_max": 4.527590274810791
      }
    }
  }
}