{
  "seed": 256,
  "dataset": "geant",
  "loss": "asym",
  "T_eff": 2083,
  "num_links": 58,
  "models": {
    "DLinear": {
      "forecast": {
        "rmse_mean": 10825.607421875,
        "mae_mean": 10822.525390625,
        "mape_mean": 3943.3715881150342,
        "smape_mean": 148.8157501220703
      },
      "operational": {
        "overload_rate": 0.0,
        "sla_violation_rate": 0.0,
        "over_provisioning_cost": 1494936832.0,
        "asymmetric_op_cost": 1494936832.0,
        "u_max_mean": 0.30563512444496155,
        "u_max_max": 0.8918696045875549
      }
    },
    "iTransformer": {
      "forecast": {
        "rmse_mean": 153.27316284179688,
        "mae_mean": 119.7007827758789,
        "mape_mean": 44.65880568274136,
        "smape_mean": 33.27915573120117
      },
      "operational": {
        "overload_rate": 0.00022348403330739816,
        "sla_violation_rate": 0.00022348403330739816,
        "over_provisioning_cost": 98185200.0,
        "asymmetric_op_cost": 98187496.0,
        "u_max_mean": 0.8955273032188416,
        "u_max_max": 1.7725605964660645
      }
    }
  }
}