{
  "seed": 789,
  "dataset": "geant",
  "loss": "asym",
  "T_eff": 2083,
  "num_links": 58,
  "models": {
    "LSTM": {
      "forecast": {
        "rmse_mean": 3045.797119140625,
        "mae_mean": 3007.984375,
        "mape_mean": 1208.5847223544943,
        "smape_mean": 130.9803466796875
      },
      "operational": {
        "overload_rate": 0.12582151075206516,
        "sla_violation_rate": 0.12582151075206516,
        "over_provisioning_cost": 481296000.0,
        "asymmetric_op_cost": 512965728.0,
        "u_max_mean": 31869615734784.0,
        "u_max_max": 994049108475904.0
      }
    },
    "LSTM_CQR": {
      "forecast": {
        "rmse_mean": null,
        "mae_mean": null,
        "mape_mean": null,
        "smape_mean": null
      },
      "operational": {
        "overload_rate": 0.029715099243465163,
        "sla_violation_rate": 0.029715099243465163,
        "over_provisioning_cost": 275645996.3789867,
        "asymmetric_op_cost": 277031109.7755884,
        "u_max_mean": 0.9809401243821217,
        "u_max_max": 3.8073894646243915
      },
      "calibration": {
        "method": "cqr",
        "target_alpha": 0.2,
        "qhat_mean": 425.95085109924446,
        "qhat_per_link": [
          2161.7294921875,
          -72.08074951171875,
          -5872.06201171875,
          134.9483642578125,
          -941.529296875,
          -736.19580078125,
          9744.8173828125,
          2337.171142578125,
          1250.17626953125,
          7103.0556640625,
          292.2816162109375,
          -30.1087646484375,
          -1451.419921875,
          1013.1151733398438,
          1405.5694580078125,
          -3221.221435546875,
          157.98663330078125,
          -14.378875732421875,
          2133.13525390625,
          2769.73486328125,
          -4796.8056640625,
          3795.887939453125,
          357.24017333984375,
          1830.36669921875,
          -167.3775634765625,
          3.145965576171875,
          1246.7825927734375,
          -3408.990966796875,
          3086.792724609375,
          42.95780944824219,
          26.715103149414062,
          764.17578125,
          89.627685546875,
          0.8046034574508667,
          1400.5911865234375,
          9171.4150390625,
          -3147.6640625,
          -4.56439208984375,
          2.2605371475219727,
          3072.64990234375,
          141.0880126953125,
          1.0095542669296265,
          -76.29913330078125,
          -354.76568603515625,
          841.88623046875,
          53.237030029296875,
          4.04438591003418,
          482.75872802734375,
          121.01191711425781,
          2.0087032318115234,
          11.64051342010498,
          -1228.5228271484375,
          -942.419921875,
          156.48892211914062,
          -6.874762535095215,
          0.2097930908203125,
          675.635009765625,
          -6707.72265625
        ],
        "coverage_overall": 0.81656099458672,
        "mean_width": 3394.079345703125
      }
    },
    "LSTM_ACI": {
      "forecast": {
        "rmse_mean": null,
        "mae_mean": null,
        "mape_mean": null,
        "smape_mean": null
      },
      "operational": {
        "overload_rate": 0.0094111609581671,
        "sla_violation_rate": 0.0094111609581671,
        "over_provisioning_cost": 273312002.01297224,
        "asymmetric_op_cost": 273578467.7218646,
        "u_max_mean": 0.9034136393617658,
        "u_max_max": 3.712831553402642
      },
      "calibration": {
        "method": "aci",
        "target_alpha": 0.2,
        "gamma": 0.005,
        "window": 500,
        "qhat_mean": 307.83582624690285,
        "alpha_final_mean": 0.23343112068965516,
        "coverage_overall": 0.7551359941728608,
        "mean_width": 3073.287353515625
      }
    }
  },
  "calibration": "both",
  "target_alpha": 0.2
}