{
  "seed": 13,
  "dataset": "geant",
  "loss": "asym",
  "T_eff": 2083,
  "num_links": 58,
  "models": {
    "LSTM": {
      "forecast": {
        "rmse_mean": 2910.481689453125,
        "mae_mean": 2846.464111328125,
        "mape_mean": 1316.2878523201778,
        "smape_mean": 131.69873046875
      },
      "operational": {
        "overload_rate": 0.13594450974224842,
        "sla_violation_rate": 0.13594450974224842,
        "over_provisioning_cost": 420142592.0,
        "asymmetric_op_cost": 573059840.0,
        "u_max_mean": 102324810809344.0,
        "u_max_max": 2027143227768832.0
      }
    },
    "LSTM_CQR": {
      "forecast": {
        "rmse_mean": null,
        "mae_mean": null,
        "mape_mean": null,
        "smape_mean": null
      },
      "operational": {
        "overload_rate": 0.00429585975135332,
        "sla_violation_rate": 0.00429585975135332,
        "over_provisioning_cost": 292251711.33775127,
        "asymmetric_op_cost": 292385994.47126997,
        "u_max_mean": 0.6661515664830164,
        "u_max_max": 1.8368600486181792
      },
      "calibration": {
        "method": "cqr",
        "target_alpha": 0.05,
        "qhat_mean": 458.23874647812596,
        "qhat_per_link": [
          -1144.1546630859375,
          957.462646484375,
          -2009.2886962890625,
          -195.99183654785156,
          3520.154052734375,
          -165.77056884765625,
          3911.95751953125,
          -418.3880615234375,
          2851.893310546875,
          -788.0731201171875,
          -428.86126708984375,
          833.3628540039062,
          -1567.2369384765625,
          985.5906372070312,
          1402.4364013671875,
          -1429.1243896484375,
          -150.91400146484375,
          -96.53298950195312,
          786.79052734375,
          514.4595947265625,
          246.03216552734375,
          97.17007446289062,
          377.8016357421875,
          1030.0654296875,
          57.818084716796875,
          -38.35926818847656,
          567.7750244140625,
          909.7610473632812,
          6479.173828125,
          18.733444213867188,
          12.893936157226562,
          1726.91162109375,
          -92.78201293945312,
          -6.572506904602051,
          1283.235595703125,
          -568.7246704101562,
          9938.9990234375,
          18.70977783203125,
          11.143072128295898,
          230.72821044921875,
          -13.226318359375,
          0.7430441379547119,
          30.45602035522461,
          -3868.65185546875,
          1093.643798828125,
          44.00016784667969,
          5.922569274902344,
          -56.59674072265625,
          91.46912384033203,
          -0.041265279054641724,
          -152.86155700683594,
          -662.0018920898438,
          48.48573303222656,
          143.486083984375,
          -6.002208232879639,
          5.818206787109375,
          -231.5634765625,
          434.48333740234375
        ],
        "coverage_overall": 0.9551790355422385,
        "mean_width": 3537.037109375
      }
    },
    "LSTM_ACI": {
      "forecast": {
        "rmse_mean": null,
        "mae_mean": null,
        "mape_mean": null,
        "smape_mean": null
      },
      "operational": {
        "overload_rate": 0.0004221365073584187,
        "sla_violation_rate": 0.0004221365073584187,
        "over_provisioning_cost": 267861973.15568912,
        "asymmetric_op_cost": 267863884.18775308,
        "u_max_mean": 0.6599069775911438,
        "u_max_max": 1.856394732390833
      },
      "calibration": {
        "method": "aci",
        "target_alpha": 0.05,
        "gamma": 0.005,
        "window": 500,
        "qhat_mean": 154.17274443342768,
        "alpha_final_mean": 0.06451355172413796,
        "coverage_overall": 0.9376065687751419,
        "mean_width": 2955.989501953125
      }
    }
  },
  "calibration": "both",
  "target_alpha": 0.05
}