{
  "seed": 123,
  "dataset": "geant",
  "loss": "asym",
  "T_eff": 2083,
  "num_links": 58,
  "models": {
    "LSTM": {
      "forecast": {
        "rmse_mean": 1884.8692626953125,
        "mae_mean": 1832.8302001953125,
        "mape_mean": 794.8715372085571,
        "smape_mean": 124.69575500488281
      },
      "operational": {
        "overload_rate": 0.2076994388067608,
        "sla_violation_rate": 0.2076994388067608,
        "over_provisioning_cost": 274796352.0,
        "asymmetric_op_cost": 383302048.0,
        "u_max_mean": 108390302875648.0,
        "u_max_max": 1690948622876672.0
      }
    },
    "LSTM_CQR": {
      "forecast": {
        "rmse_mean": null,
        "mae_mean": null,
        "mape_mean": null,
        "smape_mean": null
      },
      "operational": {
        "overload_rate": 0.006538977270846094,
        "sla_violation_rate": 0.006538977270846094,
        "over_provisioning_cost": 318553478.2215735,
        "asymmetric_op_cost": 318735325.6880959,
        "u_max_mean": 0.7432947933810716,
        "u_max_max": 2.2596387942219707
      },
      "calibration": {
        "method": "cqr",
        "target_alpha": 0.1,
        "qhat_mean": 326.8254159154563,
        "qhat_per_link": [
          755.8863525390625,
          885.8717041015625,
          -1684.4700927734375,
          1395.8951416015625,
          698.790771484375,
          -1279.749755859375,
          -1480.522705078125,
          -740.2945556640625,
          2122.892578125,
          1298.7259521484375,
          1111.4427490234375,
          467.940185546875,
          1108.6229248046875,
          1562.8828125,
          -1376.764404296875,
          -2077.109619140625,
          320.0987548828125,
          18.774810791015625,
          1089.857421875,
          -4131.55322265625,
          -3481.931396484375,
          -38.714019775390625,
          368.82086181640625,
          -351.0462646484375,
          500.06036376953125,
          -32.74085998535156,
          1882.6673583984375,
          4521.02392578125,
          -4008.3037109375,
          -189.64736938476562,
          3.2821311950683594,
          -902.2099609375,
          76.84619140625,
          6.528700828552246,
          1800.504150390625,
          -251.76388549804688,
          3069.03271484375,
          245.09860229492188,
          13.696557998657227,
          1269.8779296875,
          143.740234375,
          -0.34894514083862305,
          187.5189208984375,
          11333.9599609375,
          514.5056762695312,
          151.00001525878906,
          5.910177230834961,
          -1107.6796875,
          -0.4211387634277344,
          0.9371480941772461,
          72.67464447021484,
          4528.6708984375,
          -569.8023071289062,
          50.07406234741211,
          10.176630020141602,
          5.858264923095703,
          -78.84088134765625,
          -860.359375
        ],
        "coverage_overall": 0.9191567202476534,
        "mean_width": 3178.619140625
      }
    },
    "LSTM_ACI": {
      "forecast": {
        "rmse_mean": null,
        "mae_mean": null,
        "mape_mean": null,
        "smape_mean": null
      },
      "operational": {
        "overload_rate": 0.0016223285380833348,
        "sla_violation_rate": 0.0016223285380833348,
        "over_provisioning_cost": 290438482.3453857,
        "asymmetric_op_cost": 290455227.05325973,
        "u_max_mean": 0.7443903006985984,
        "u_max_max": 2.230268803332017
      },
      "calibration": {
        "method": "aci",
        "target_alpha": 0.1,
        "gamma": 0.005,
        "window": 500,
        "qhat_mean": -29.2305106849506,
        "alpha_final_mean": 0.12986253448275867,
        "coverage_overall": 0.8781763702882116,
        "mean_width": 2493.6865234375
      }
    }
  },
  "calibration": "both",
  "target_alpha": 0.1
}