{
  "num_seeds": 20,
  "seeds": [
    1,
    100003,
    1024,
    123,
    13,
    17,
    2,
    2048,
    256,
    271828,
    3,
    31337,
    42,
    456,
    512,
    65521,
    7,
    789,
    8191,
    99
  ],
  "dataset": "abilene",
  "loss": "asym",
  "per_seed": {},
  "models": {
    "LSTM": {
      "forecast": {
        "rmse_mean": {
          "mean": 175.01913681030274,
          "std": 9.56305800596119,
          "min": 155.34039306640625,
          "max": 197.76162719726562,
          "values": [
            161.22727966308594,
            175.9263916015625,
            169.1088104248047,
            197.76162719726562,
            171.8085174560547,
            155.34039306640625,
            177.1692657470703,
            176.0775604248047,
            170.48333740234375,
            163.99664306640625,
            168.32322692871094,
            176.9010009765625,
            187.29930114746094,
            182.82806396484375,
            175.71328735351562,
            171.95852661132812,
            169.16929626464844,
            178.21572875976562,
            183.99293518066406,
            187.08154296875
          ]
        },
        "mae_mean": {
          "mean": 98.11703147888184,
          "std": 8.616366227626457,
          "min": 79.57234954833984,
          "max": 111.56522369384766,
          "values": [
            91.60455322265625,
            88.96981048583984,
            98.55121612548828,
            110.70962524414062,
            98.78052520751953,
            79.57234954833984,
            102.07035064697266,
            100.01243591308594,
            88.18250274658203,
            81.39402770996094,
            95.9993667602539,
            98.69266510009766,
            109.3193359375,
            105.95618438720703,
            103.18343353271484,
            104.88154602050781,
            95.4845199584961,
            96.91585540771484,
            100.49510192871094,
            111.56522369384766
          ]
        },
        "mape_mean": {
          "mean": 48.20417238606346,
          "std": 3.971810374783534,
          "min": 38.86324144292761,
          "max": 53.495289184429026,
          "values": [
            44.407088067796494,
            42.50023001211661,
            49.50632768207126,
            52.9206168739884,
            47.97614590326945,
            38.86324144292761,
            51.20697787955955,
            51.129620711008705,
            49.36462312274509,
            42.31405544281006,
            46.22485300346657,
            45.404827223883736,
            53.371537067272044,
            52.75560716346458,
            50.379715319033025,
            50.57173746603507,
            47.371246055320455,
            45.873075555872035,
            48.44663254419962,
            53.495289184429026
          ]
        },
        "smape_mean": {
          "mean": 36.696152687072754,
          "std": 1.881969643038861,
          "min": 31.953670501708984,
          "max": 39.72507858276367,
          "values": [
            35.53327941894531,
            34.07842254638672,
            37.28913116455078,
            38.548065185546875,
            37.05504608154297,
            31.953670501708984,
            37.77392578125,
            37.15501403808594,
            35.61860656738281,
            32.955657958984375,
            36.386383056640625,
            37.419254302978516,
            38.182315826416016,
            38.834716796875,
            38.12858200073242,
            37.594451904296875,
            36.58142852783203,
            36.22444534301758,
            36.88557815551758,
            39.72507858276367
          ]
        }
      },
      "operational": {
        "overload_rate": {
          "mean": 0.07636787578750934,
          "std": 0.006334246638951835,
          "min": 0.06486686561639717,
          "max": 0.09121999367679151,
          "values": [
            0.08076934940353638,
            0.08256028253946222,
            0.07873744033435892,
            0.07706988687625789,
            0.08156360607953363,
            0.07217132810511949,
            0.07253761152366191,
            0.07963579861352087,
            0.07880491359566938,
            0.06702986559326347,
            0.06584811961659764,
            0.0752403975910118,
            0.07199396981824631,
            0.07263400189696255,
            0.07324897247862061,
            0.06486686561639717,
            0.0836302156830993,
            0.07780245371334274,
            0.07999244299473322,
            0.09121999367679151
          ]
        },
        "sla_violation_rate": {
          "mean": 0.07636787578750934,
          "std": 0.006334246638951835,
          "min": 0.06486686561639717,
          "max": 0.09121999367679151,
          "values": [
            0.08076934940353638,
            0.08256028253946222,
            0.07873744033435892,
            0.07706988687625789,
            0.08156360607953363,
            0.07217132810511949,
            0.07253761152366191,
            0.07963579861352087,
            0.07880491359566938,
            0.06702986559326347,
            0.06584811961659764,
            0.0752403975910118,
            0.07199396981824631,
            0.07263400189696255,
            0.07324897247862061,
            0.06486686561639717,
            0.0836302156830993,
            0.07780245371334274,
            0.07999244299473322,
            0.09121999367679151
          ]
        },
        "over_provisioning_cost": {
          "mean": 326700908.8,
          "std": 27600046.68221054,
          "min": 271352640.0,
          "max": 372453952.0,
          "values": [
            352574656.0,
            327615776.0,
            347763552.0,
            271352640.0,
            370385984.0,
            372453952.0,
            297883200.0,
            323971776.0,
            347581984.0,
            356587680.0,
            368535488.0,
            325901664.0,
            308730720.0,
            299464320.0,
            321546112.0,
            319565376.0,
            312377792.0,
            298095776.0,
            298738592.0,
            312891136.0
          ]
        },
        "asymmetric_op_cost": {
          "mean": 371789587.2,
          "std": 25278593.985853106,
          "min": 322606080.0,
          "max": 413714592.0,
          "values": [
            394372512.0,
            374257216.0,
            389216224.0,
            322606080.0,
            413714592.0,
            413558400.0,
            344456032.0,
            370384544.0,
            393809504.0,
            399125792.0,
            408773600.0,
            370921952.0,
            353912928.0,
            345741312.0,
            365910400.0,
            360580224.0,
            358658208.0,
            345835584.0,
            347244352.0,
            362712288.0
          ]
        },
        "u_max_mean": {
          "mean": 2.518889915943146,
          "std": 0.09228515378555151,
          "min": 2.3344945907592773,
          "max": 2.685662269592285,
          "values": [
            2.477879524230957,
            2.530237913131714,
            2.500201940536499,
            2.685662269592285,
            2.451791763305664,
            2.3574166297912598,
            2.6012957096099854,
            2.517671585083008,
            2.4700727462768555,
            2.3848695755004883,
            2.3344945907592773,
            2.482304334640503,
            2.55611252784729,
            2.5775930881500244,
            2.5360467433929443,
            2.4689900875091553,
            2.5993688106536865,
            2.6075756549835205,
            2.567819118499756,
            2.670393705368042
          ]
        },
        "u_max_max": {
          "mean": 8.050042581558227,
          "std": 0.5319086399027223,
          "min": 7.0464067459106445,
          "max": 8.836956024169922,