{
  "seed": 42,
  "dataset": "abilene",
  "loss": "asym",
  "T_eff": 9606,
  "num_links": 54,
  "models": {
    "LSTM": {
      "forecast": {
        "rmse_mean": 131.925537109375,
        "mae_mean": 83.04258728027344,
        "mape_mean": 45.67640048486215,
        "smape_mean": 31.058317184448242
      },
      "operational": {
        "overload_rate": 0.00721578334528574,
        "sla_violation_rate": 0.00721578334528574,
        "over_provisioning_cost": 978630784.0,
        "asymmetric_op_cost": 986366656.0,
        "u_max_mean": 1.201900601387024,
        "u_max_max": 3.6863160133361816
      }
    }
  }
}