{
  "seed": 42,
  "dataset": "abilene",
  "loss": "asym",
  "T_eff": 9606,
  "num_links": 54,
  "models": {
    "LSTM": {
      "forecast": {
        "rmse_mean": 206.17628479003906,
        "mae_mean": 173.40904235839844,
        "mape_mean": 93.16222155535662,
        "smape_mean": 51.592018127441406
      },
      "operational": {
        "overload_rate": 0.0406285423462188,
        "sla_violation_rate": 0.0406285423462188,
        "over_provisioning_cost": 611404416.0,
        "asymmetric_op_cost": 687357504.0,
        "u_max_mean": 1.8381189107894897,
        "u_max_max": 5.956368923187256
      }
    }
  }
}