{
  "seed": 42,
  "dataset": "abilene",
  "loss": "asym",
  "T_eff": 9606,
  "num_links": 54,
  "models": {
    "DLinear": {
      "forecast": {
        "rmse_mean": 134.74124145507812,
        "mae_mean": 79.04558563232422,
        "mape_mean": 33.15223789215088,
        "smape_mean": 25.237449645996094
      },
      "operational": {
        "overload_rate": 3.855614932025509e-06,
        "sla_violation_rate": 3.855614932025509e-06,
        "over_provisioning_cost": 1500921600.0,
        "asymmetric_op_cost": 1500921856.0,
        "u_max_mean": 0.8135376572608948,
        "u_max_max": 1.019710898399353
      }
    },
    "iTransformer": {
      "forecast": {
        "rmse_mean": 94.62979125976562,
        "mae_mean": 38.59197235107422,
        "mape_mean": 19.309002602541888,
        "smape_mean": 15.391884803771973
      },
      "operational": {
        "overload_rate": 0.0,
        "sla_violation_rate": 0.0,
        "over_provisioning_cost": 1643422720.0,
        "asymmetric_op_cost": 1643422720.0,
        "u_max_mean": 0.717552661895752,
        "u_max_max": 0.883301854133606
      }
    }
  }
}