{
  "seed": 7,
  "dataset": "geant",
  "loss": "asym",
  "T_eff": 2083,
  "num_links": 58,
  "models": {
    "DLinear": {
      "forecast": {
        "rmse_mean": 14253.2802734375,
        "mae_mean": 14244.5771484375,
        "mape_mean": 4909.597859316858,
        "smape_mean": 157.05712890625
      },
      "operational": {
        "overload_rate": 0.0,
        "sla_violation_rate": 0.0,
        "over_provisioning_cost": 2012232448.0,
        "asymmetric_op_cost": 2012232448.0,
        "u_max_mean": 0.2416621297597885,
        "u_max_max": 0.909995436668396
      }
    },
    "iTransformer": {
      "forecast": {
        "rmse_mean": 179.40635681152344,
        "mae_mean": 147.35655212402344,
        "mape_mean": 53.482992073585244,
        "smape_mean": 38.22311019897461
      },
      "operational": {
        "overload_rate": 7.449467776913271e-05,
        "sla_violation_rate": 7.449467776913271e-05,
        "over_provisioning_cost": 118255408.0,
        "asymmetric_op_cost": 118257176.0,
        "u_max_mean": 0.7850599884986877,
        "u_max_max": 1.8633131980895996
      }
    }
  }
}