{
  "seed": 456,
  "dataset": "cesnet",
  "loss": "asym_l1",
  "T_eff": 7624,
  "num_links": 20,
  "models": {
    "LSTM": {
      "forecast": {
        "rmse_mean": 32.397361755371094,
        "mae_mean": 22.859079360961914,
        "mape_mean": 123.5123218536377,
        "smape_mean": 59.71869659423828
      },
      "operational": {
        "overload_rate": 0.12338667366211963,
        "sla_violation_rate": 0.12338667366211963,
        "over_provisioning_cost": 6303182.5,
        "asymmetric_op_cost": 6821612.5,
        "u_max_mean": 9.546059608459473,
        "u_max_max": 24.696731567382812
      }
    }
  }
}