{
  "seed": 42,
  "dataset": "geant",
  "loss": "asym_l1",
  "T_eff": 2083,
  "num_links": 58,
  "models": {
    "LSTM": {
      "forecast": {
        "rmse_mean": 1884.4007568359375,
        "mae_mean": 1856.6578369140625,
        "mape_mean": 758.4441511219945,
        "smape_mean": 120.57050323486328
      },
      "operational": {
        "overload_rate": 0.12196434188090784,
        "sla_violation_rate": 0.12196434188090784,
        "over_provisioning_cost": 313373248.0,
        "asymmetric_op_cost": 1025296448.0,
        "u_max_mean": 6890984570880.0,
        "u_max_max": 399677107208192.0
      }
    }
  }
}