{
  "seed": 1024,
  "dataset": "abilene",
  "loss": "asym_l1",
  "T_eff": 9606,
  "num_links": 54,
  "models": {
    "LSTM": {
      "forecast": {
        "rmse_mean": 191.54132080078125,
        "mae_mean": 146.7962646484375,
        "mape_mean": 87.74776518786395,
        "smape_mean": 52.30940246582031
      },
      "operational": {
        "overload_rate": 0.029233272414617407,
        "sla_violation_rate": 0.029233272414617407,
        "over_provisioning_cost": 805039872.0,
        "asymmetric_op_cost": 875730112.0,
        "u_max_mean": 1.5898878574371338,
        "u_max_max": 6.534695148468018
      }
    }
  }
}