{
  "seed": 1024,
  "dataset": "abilene",
  "loss": "asym",
  "T_eff": 9606,
  "num_links": 54,
  "models": {
    "LSTM": {
      "forecast": {
        "rmse_mean": 165.09158325195312,
        "mae_mean": 112.85697174072266,
        "mape_mean": 58.60410322966399,
        "smape_mean": 40.70307922363281
      },
      "operational": {
        "overload_rate": 0.05647511971684364,
        "sla_violation_rate": 0.05647511971684364,
        "over_provisioning_cost": 491937152.0,
        "asymmetric_op_cost": 520081664.0,
        "u_max_mean": 2.090841054916382,
        "u_max_max": 7.066014289855957
      }
    },
    "LSTM_CQR": {
      "forecast": {
        "rmse_mean": null,
        "mae_mean": null,
        "mape_mean": null,
        "smape_mean": null
      },
      "operational": {
        "overload_rate": 0.04050516266839398,
        "sla_violation_rate": 0.04050516266839398,
        "over_provisioning_cost": 558729462.2423402,
        "asymmetric_op_cost": 589860782.687544,
        "u_max_mean": 1.8463709701030058,
        "u_max_max": 6.85497006362574
      },
      "calibration": {
        "method": "cqr",
        "target_alpha": 0.1,
        "qhat_mean": 43.033480324127055,
        "qhat_per_link": [
          0.9597494602203369,
          1.1791901588439941,
          43.63160705566406,
          9.161888122558594,
          67.907958984375,
          65.92303466796875,
          79.01625061035156,
          75.43939208984375,
          28.02301025390625,
          12.951995849609375,
          62.364200592041016,
          4.62619686126709,
          48.900596618652344,
          15.670587539672852,
          142.23715209960938,
          44.160736083984375,
          36.153167724609375,
          -10.369857788085938,
          91.00857543945312,
          52.50722122192383,
          60.95634460449219,
          69.814697265625,
          66.45027160644531,
          65.610595703125,
          23.16766357421875,
          6.130119323730469,
          21.237136840820312,
          6.790090560913086,
          67.22262573242188,
          52.352752685546875,
          0.9736901521682739,
          1.2615108489990234,
          22.636085510253906,
          53.63114929199219,
          44.72411346435547,
          111.953857421875,
          19.880889892578125,
          15.244430541992188,
          14.21253776550293,
          -18.239364624023438,
          63.34660339355469,
          40.988861083984375,
          9.569705963134766,
          15.218936920166016,
          128.00094604492188,
          78.13163757324219,
          92.04866027832031,
          77.11557006835938,
          8.797286987304688,
          0.8231430053710938,
          8.54571533203125,
          15.074356079101562,
          99.83395385742188,
          108.84870910644531
        ],
        "coverage_overall": 0.8351936675380356,
        "mean_width": 242.47860717773438
      }
    },
    "LSTM_ACI": {
      "forecast": {
        "rmse_mean": null,
        "mae_mean": null,
        "mape_mean": null,
        "smape_mean": null
      },
      "operational": {
        "overload_rate": 0.0006168983891240814,
        "sla_violation_rate": 0.0006168983891240814,
        "over_provisioning_cost": 847132070.8076001,
        "asymmetric_op_cost": 847706638.8127805,
        "u_max_mean": 1.120807110444118,
        "u_max_max": 2.0537661542826604
      },
      "calibration": {
        "method": "aci",
        "target_alpha": 0.1,
        "gamma": 0.005,
        "window": 500,
        "qhat_mean": 105.05680465698242,
        "alpha_final_mean": 0.08588035185185196,
        "coverage_overall": 0.8943098834833167,
        "mean_width": 317.21826171875
      }
    }
  },
  "calibration": "both",
  "target_alpha": 0.1
}