{
  "seed": 256,
  "dataset": "abilene",
  "loss": "asym_l1",
  "T_eff": 9606,
  "num_links": 54,
  "models": {
    "DLinear": {
      "forecast": {
        "rmse_mean": 78.18763732910156,
        "mae_mean": 42.725982666015625,
        "mape_mean": 22.100664174115217,
        "smape_mean": 18.674034118652344
      },
      "operational": {
        "overload_rate": 0.0,
        "sla_violation_rate": 0.0,
        "over_provisioning_cost": 1335244416.0,
        "asymmetric_op_cost": 1335244416.0,
        "u_max_mean": 0.8251139521598816,
        "u_max_max": 0.9851961135864258
      }
    },
    "iTransformer": {
      "forecast": {
        "rmse_mean": 95.98302459716797,
        "mae_mean": 44.76774978637695,
        "mape_mean": 23.81482474009196,
        "smape_mean": 18.616622924804688
      },
      "operational": {
        "overload_rate": 0.0,
        "sla_violation_rate": 0.0,
        "over_provisioning_cost": 1634320000.0,
        "asymmetric_op_cost": 1634320000.0,
        "u_max_mean": 0.6781585812568665,
        "u_max_max": 0.8310884833335876
      }
    }
  }
}