{
  "seed": 256,
  "dataset": "abilene",
  "loss": "asym_l1",
  "T_eff": 9606,
  "num_links": 54,
  "models": {
    "LSTM": {
      "forecast": {
        "rmse_mean": 177.7696075439453,
        "mae_mean": 147.56564331054688,
        "mape_mean": 88.24226979856138,
        "smape_mean": 52.25947189331055
      },
      "operational": {
        "overload_rate": 0.0340990584588336,
        "sla_violation_rate": 0.0340990584588336,
        "over_provisioning_cost": 718654720.0,
        "asymmetric_op_cost": 789308416.0,
        "u_max_mean": 1.631306767463684,
        "u_max_max": 6.661964416503906
      }
    }
  }
}