{
  "seed": 17,
  "dataset": "abilene",
  "loss": "asym_l1",
  "T_eff": 9606,
  "num_links": 54,
  "models": {
    "LSTM": {
      "forecast": {
        "rmse_mean": 189.6895294189453,
        "mae_mean": 95.47119903564453,
        "mape_mean": 46.064925299750435,
        "smape_mean": 36.15655517578125
      },
      "operational": {
        "overload_rate": 0.08309814082247978,
        "sla_violation_rate": 0.08309814082247978,
        "over_provisioning_cost": 240252464.0,
        "asymmetric_op_cost": 263681760.0,
        "u_max_mean": 2.9008936882019043,
        "u_max_max": 9.073210716247559
      }
    }
  }
}