{
  "seed": 512,
  "dataset": "abilene",
  "loss": "asym",
  "T_eff": 9606,
  "num_links": 54,
  "models": {
    "LSTM": {
      "forecast": {
        "rmse_mean": 173.65426635742188,
        "mae_mean": 126.88743591308594,
        "mape_mean": 62.57845721421418,
        "smape_mean": 42.604671478271484
      },
      "operational": {
        "overload_rate": 0.05342532830561146,
        "sla_violation_rate": 0.05342532830561146,
        "over_provisioning_cost": 484034336.0,
        "asymmetric_op_cost": 516736096.0,
        "u_max_mean": 2.0302388668060303,
        "u_max_max": 6.65941047668457
      }
    },
    "LSTM_CQR": {
      "forecast": {
        "rmse_mean": null,
        "mae_mean": null,
        "mape_mean": null,
        "smape_mean": null
      },
      "operational": {
        "overload_rate": 0.03835758515125577,
        "sla_violation_rate": 0.03835758515125577,
        "over_provisioning_cost": 655937665.0894471,
        "asymmetric_op_cost": 676839050.406706,
        "u_max_mean": 1.7175362476928635,
        "u_max_max": 5.6374569297075725
      },
      "calibration": {
        "method": "cqr",
        "target_alpha": 0.2,
        "qhat_mean": 48.025267991754745,
        "qhat_per_link": [
          0.9264720678329468,
          -0.2967205047607422,
          43.63262939453125,
          13.046819686889648,
          72.11338806152344,
          78.57769775390625,
          87.99409484863281,
          91.45989990234375,
          37.523345947265625,
          5.46417236328125,
          64.3865966796875,
          2.902440071105957,
          31.717308044433594,
          21.547977447509766,
          151.10757446289062,
          73.856201171875,
          55.915069580078125,
          -5.495738983154297,
          112.55691528320312,
          70.03538513183594,
          66.09405517578125,
          77.74484252929688,
          60.17823791503906,
          83.33554077148438,
          45.03167724609375,
          6.848766326904297,
          18.22663116455078,
          12.424015045166016,
          72.60700988769531,
          43.79833984375,
          0.9084117412567139,
          -0.2838783264160156,
          28.729576110839844,
          51.81675720214844,
          50.85987854003906,
          114.94796752929688,
          10.237152099609375,
          33.18434143066406,
          14.718856811523438,
          17.44300079345703,
          89.22421264648438,
          39.3660888671875,
          8.67740249633789,
          20.0123291015625,
          137.83029174804688,
          74.96096801757812,
          102.53570556640625,
          81.53054809570312,
          9.801063537597656,
          0.9588432312011719,
          24.555320739746094,
          5.5238189697265625,
          79.17770385742188,
          101.38746643066406
        ],
        "coverage_overall": 0.7667430078423207,
        "mean_width": 218.53176879882812
      }
    },
    "LSTM_ACI": {
      "forecast": {
        "rmse_mean": null,
        "mae_mean": null,
        "mape_mean": null,
        "smape_mean": null
      },
      "operational": {
        "overload_rate": 0.0017928609433918617,
        "sla_violation_rate": 0.0017928609433918617,
        "over_provisioning_cost": 808944110.5263082,
        "asymmetric_op_cost": 809606669.3478147,
        "u_max_mean": 1.2179050878935371,
        "u_max_max": 3.611220813538978
      },
      "calibration": {
        "method": "aci",
        "target_alpha": 0.2,
        "gamma": 0.005,
        "window": 500,
        "qhat_mean": 87.14833466211955,
        "alpha_final_mean": 0.17375948148148143,
        "coverage_overall": 0.789009184074768,
        "mean_width": 249.27716064453125
      }
    }
  },
  "calibration": "both",
  "target_alpha": 0.2
}