{
  "seed": 2048,
  "dataset": "geant",
  "loss": "asym",
  "T_eff": 2083,
  "num_links": 58,
  "models": {
    "LSTM": {
      "forecast": {
        "rmse_mean": 3698.238037109375,
        "mae_mean": 3651.338623046875,
        "mape_mean": 1499.3283713439416,
        "smape_mean": 129.32679748535156
      },
      "operational": {
        "overload_rate": 0.21917161918320724,
        "sla_violation_rate": 0.21917161918320724,
        "over_provisioning_cost": 364891072.0,
        "asymmetric_op_cost": 1131304448.0,
        "u_max_mean": 160729739034624.0,
        "u_max_max": 2077203353305088.0
      }
    },
    "LSTM_CQR": {
      "forecast": {
        "rmse_mean": null,
        "mae_mean": null,
        "mape_mean": null,
        "smape_mean": null
      },
      "operational": {
        "overload_rate": 0.006356879169632659,
        "sla_violation_rate": 0.006356879169632659,
        "over_provisioning_cost": 361915392.84054744,
        "asymmetric_op_cost": 362104600.60071933,
        "u_max_mean": 0.7543327574225603,
        "u_max_max": 3.5925564808496273
      },
      "calibration": {
        "method": "cqr",
        "target_alpha": 0.05,
        "qhat_mean": 887.6205424132019,
        "qhat_per_link": [
          135.571533203125,
          1396.38525390625,
          1065.399169921875,
          -191.6658935546875,
          4110.00146484375,
          -498.32568359375,
          10294.9853515625,
          673.61279296875,
          1624.5020751953125,
          -3557.53076171875,
          2195.4638671875,
          -559.91552734375,
          -156.8560333251953,
          -420.8868713378906,
          -1197.470947265625,
          3971.1259765625,
          218.36587524414062,
          29.54314422607422,
          479.45703125,
          -3399.96826171875,
          -1267.18798828125,
          800.5870971679688,
          422.8497314453125,
          7388.18359375,
          114.31927490234375,
          76.59469604492188,
          1653.957763671875,
          1862.8896484375,
          3007.46044921875,
          1832.4093017578125,
          -0.5823841094970703,
          772.3322143554688,
          293.3463134765625,
          -4.8899383544921875,
          1344.677001953125,
          -962.328857421875,
          8558.2001953125,
          302.7265930175781,
          12.475058555603027,
          4137.1328125,
          245.859619140625,
          0.08026814460754395,
          118.75065612792969,
          -2779.744140625,
          549.94091796875,
          -5.3318023681640625,
          6.780379295349121,
          -116.57805633544922,
          27.409988403320312,
          0.5605813264846802,
          129.556884765625,
          4047.845947265625,
          95.62159729003906,
          82.53814697265625,
          -1.2487432956695557,
          25.010162353515625,
          1249.453369140625,
          1248.53955078125
        ],
        "coverage_overall": 0.9614696972205208,
        "mean_width": 4365.99609375
      }
    },
    "LSTM_ACI": {
      "forecast": {
        "rmse_mean": null,
        "mae_mean": null,
        "mape_mean": null,
        "smape_mean": null
      },
      "operational": {
        "overload_rate": 0.0011256973529557832,
        "sla_violation_rate": 0.0011256973529557832,
        "over_provisioning_cost": 322415713.4918493,
        "asymmetric_op_cost": 322424864.2052907,
        "u_max_mean": 0.7219684509132177,
        "u_max_max": 3.8208361825132875
      },
      "calibration": {
        "method": "aci",
        "target_alpha": 0.05,
        "gamma": 0.005,
        "window": 500,
        "qhat_mean": 452.94826054675826,
        "alpha_final_mean": 0.06847910344827601,
        "coverage_overall": 0.9381197543331071,
        "mean_width": 3438.06201171875
      }
    }
  },
  "calibration": "both",
  "target_alpha": 0.05
}