{
  "seed": 99,
  "dataset": "abilene",
  "loss": "asym_l1",
  "T_eff": 9606,
  "num_links": 54,
  "models": {
    "DLinear": {
      "forecast": {
        "rmse_mean": 47.121070861816406,
        "mae_mean": 21.6025390625,
        "mape_mean": 12.029677585319236,
        "smape_mean": 10.866398811340332
      },
      "operational": {
        "overload_rate": 7.711229864051018e-06,
        "sla_violation_rate": 7.711229864051018e-06,
        "over_provisioning_cost": 1118270720.0,
        "asymmetric_op_cost": 1118270848.0,
        "u_max_mean": 0.901241660118103,
        "u_max_max": 1.0253064632415771
      }
    },
    "iTransformer": {
      "forecast": {
        "rmse_mean": 53.60099411010742,
        "mae_mean": 23.248172760009766,
        "mape_mean": 12.67413016601845,
        "smape_mean": 11.035906791687012
      },
      "operational": {
        "overload_rate": 0.0,
        "sla_violation_rate": 0.0,
        "over_provisioning_cost": 1191408512.0,
        "asymmetric_op_cost": 1191408512.0,
        "u_max_mean": 0.842380166053772,
        "u_max_max": 0.9377306699752808
      }
    }
  }
}