{
  "seed": 99,
  "dataset": "abilene",
  "loss": "asym_l1",
  "T_eff": 9606,
  "num_links": 54,
  "models": {
    "LSTM": {
      "forecast": {
        "rmse_mean": 170.4158477783203,
        "mae_mean": 114.97698974609375,
        "mape_mean": 64.25851060726025,
        "smape_mean": 42.68241500854492
      },
      "operational": {
        "overload_rate": 0.05517770529221706,
        "sla_violation_rate": 0.05517770529221706,
        "over_provisioning_cost": 577443968.0,
        "asymmetric_op_cost": 608788800.0,
        "u_max_mean": 2.034200429916382,
        "u_max_max": 8.12259292602539
      }
    }
  }
}