{
  "seed": 789,
  "dataset": "abilene",
  "loss": "asym_l1",
  "T_eff": 9606,
  "num_links": 54,
  "models": {
    "LSTM": {
      "forecast": {
        "rmse_mean": 165.82867431640625,
        "mae_mean": 112.47294616699219,
        "mape_mean": 64.2712571532638,
        "smape_mean": 41.97771072387695
      },
      "operational": {
        "overload_rate": 0.051532221373986935,
        "sla_violation_rate": 0.051532221373986935,
        "over_provisioning_cost": 414092992.0,
        "asymmetric_op_cost": 447372576.0,
        "u_max_mean": 2.1563472747802734,
        "u_max_max": 6.656564235687256
      }
    }
  }
}