{
  "seed": 789,
  "dataset": "abilene",
  "loss": "pinball",
  "T_eff": 9606,
  "num_links": 54,
  "models": {
    "LSTM": {
      "forecast": {
        "rmse_mean": 78.24173736572266,
        "mae_mean": 41.794342041015625,
        "mape_mean": 22.134448563611066,
        "smape_mean": 18.530031204223633
      },
      "operational": {
        "overload_rate": 0.006967096182170094,
        "sla_violation_rate": 0.006967096182170094,
        "over_provisioning_cost": 942407296.0,
        "asymmetric_op_cost": 944732672.0,
        "u_max_mean": 1.2211247682571411,
        "u_max_max": 3.381211996078491
      }
    }
  }
}