{
  "seed": 123,
  "dataset": "cesnet",
  "loss": "asym",
  "T_eff": 7624,
  "num_links": 20,
  "models": {
    "DLinear": {
      "forecast": {
        "rmse_mean": 44.17632293701172,
        "mae_mean": 37.54443359375,
        "mape_mean": 176.42889652252197,
        "smape_mean": 76.15399932861328
      },
      "operational": {
        "overload_rate": 0.0004984260230849948,
        "sla_violation_rate": 0.0004984260230849948,
        "over_provisioning_cost": 55513296.0,
        "asymmetric_op_cost": 55613120.0,
        "u_max_mean": 1.4987375736236572,
        "u_max_max": 2.339489459991455
      }
    },
    "iTransformer": {
      "forecast": {
        "rmse_mean": 39.93696975708008,
        "mae_mean": 29.69354820251465,
        "mape_mean": 126.92803287506104,
        "smape_mean": 62.992713928222656
      },
      "operational": {
        "overload_rate": 0.0004918677859391395,
        "sla_violation_rate": 0.0004918677859391395,
        "over_provisioning_cost": 57030212.0,
        "asymmetric_op_cost": 57129372.0,
        "u_max_mean": 1.471331000328064,
        "u_max_max": 1.8660727739334106
      }
    }
  }
}