{
  "num_seeds": 20,
  "seeds": [
    1,
    100003,
    1024,
    123,
    13,
    17,
    2,
    2048,
    256,
    271828,
    3,
    31337,
    42,
    456,
    512,
    65521,
    7,
    789,
    8191,
    99
  ],
  "dataset": "cesnet",
  "loss": "asym",
  "per_seed": {},
  "models": {
    "LSTM": {
      "forecast": {
        "rmse_mean": {
          "mean": 38.31565608978271,
          "std": 0.9784963404820829,
          "min": 36.40971374511719,
          "max": 40.04511642456055,
          "values": [
            39.21464920043945,
            38.38706970214844,
            40.04511642456055,
            37.793235778808594,
            38.0572624206543,
            39.189327239990234,
            39.48571014404297,
            38.915916442871094,
            38.45533752441406,
            36.850486755371094,
            38.26604461669922,
            38.70020294189453,
            40.010982513427734,
            37.52834701538086,
            37.775177001953125,
            36.769832611083984,
            37.70008850097656,
            38.36255645751953,
            38.39606475830078,
            36.40971374511719
          ]
        },
        "mae_mean": {
          "mean": 31.52555646896362,
          "std": 1.1637658789426943,
          "min": 29.21394920349121,
          "max": 33.61898422241211,
          "values": [
            32.62299346923828,
            31.624420166015625,
            33.61898422241211,
            30.943782806396484,
            31.41153907775879,
            32.27408981323242,
            32.58461380004883,
            32.122703552246094,
            31.75429916381836,
            29.40915870666504,
            31.586994171142578,
            31.908817291259766,
            33.58596420288086,
            31.0491886138916,
            30.88930892944336,
            29.642730712890625,
            30.830249786376953,
            31.50101661682129,
            31.936325073242188,
            29.21394920349121
          ]
        },
        "mape_mean": {
          "mean": 182.36671611785886,
          "std": 5.010247995464652,
          "min": 173.68388481140136,
          "max": 191.12283096313476,
          "values": [
            186.50268516540527,
            179.13711853027343,
            186.48938941955566,
            176.67377319335938,
            183.6124240875244,
            188.36991767883302,
            186.1546558380127,
            183.75411415100098,
            186.1009979248047,
            174.02376747131348,
            182.57333679199218,
            184.25117225646972,
            188.7604290008545,
            176.80810928344727,
            180.63668251037598,
            173.68388481140136,
            178.1235237121582,
            191.12283096313476,
            184.18531341552733,
            176.3701961517334
          ]
        },
        "smape_mean": {
          "mean": 70.99806289672851,
          "std": 1.1202570905902272,
          "min": 68.78790283203125,
          "max": 72.80110931396484,
          "values": [
            71.89701080322266,
            70.6040267944336,
            72.79187774658203,
            70.06459045410156,
            71.61024475097656,
            71.67033386230469,
            71.5408935546875,
            71.24874114990234,
            71.64514923095703,
            68.96449279785156,
            71.06932067871094,
            71.39114379882812,
            72.80110931396484,
            70.51172637939453,
            70.49089050292969,
            68.78790283203125,
            70.53817749023438,
            71.71439361572266,
            71.69651794433594,
            68.92271423339844
          ]
        }
      },
      "operational": {
        "overload_rate": {
          "mean": 0.03727275708289612,
          "std": 0.006168948617793053,
          "min": 0.027806925498426022,
          "max": 0.05004590766002098,
          "values": [
            0.027806925498426022,
            0.034214323189926545,
            0.032338667366211965,
            0.03471274921301154,
            0.03707371458551941,
            0.028961175236096537,
            0.048465372507869885,
            0.036293284365162645,
            0.03883788037775446,
            0.03912644281217209,
            0.03938221406086044,
            0.04289742917103882,
            0.03151888772298006,
            0.039290398740818466,
            0.05004590766002098,
            0.04287775445960126,
            0.033342077649527804,
            0.03502098635886674,
            0.02823321091290661,
            0.045015739769150055
          ]
        },
        "sla_violation_rate": {
          "mean": 0.03727275708289612,
          "std": 0.006168948617793053,
          "min": 0.027806925498426022,
          "max": 0.05004590766002098,
          "values": [
            0.027806925498426022,
            0.034214323189926545,
            0.032338667366211965,
            0.03471274921301154,
            0.03707371458551941,
            0.028961175236096537,
            0.048465372507869885,
            0.036293284365162645,
            0.03883788037775446,
            0.03912644281217209,
            0.03938221406086044,
            0.04289742917103882,
            0.03151888772298006,
            0.039290398740818466,
            0.05004590766002098,
            0.04287775445960126,
            0.033342077649527804,
            0.03502098635886674,
            0.02823321091290661,
            0.045015739769150055
          ]
        },
        "over_provisioning_cost": {
          "mean": 13252409.3,
          "std": 798039.7854642399,
          "min": 11422348.0,
          "max": 14690867.0,
          "values": [
            14105272.0,
            13813223.0,
            14055616.0,
            13337115.0,
            13182243.0,
            13561114.0,
            12666051.0,
            13094471.0,
            13220789.0,
            12380642.0,
            13126298.0,
            12258558.0,
            14311558.0,
            14076297.0,
            11422348.0,
            12484480.0,
            13685505.0,
            13224784.0,
            14690867.0,
            12350955.0
          ]
        },
        "asymmetric_op_cost": {
          "mean": 14244998.5,
          "std": 703352.5977450784,
          "min": 12654319.0,
          "max": 15519773.0,
          "values": [
            14966315.0,
            14729776.0,
            14979052.0,
            14293544.0,
            14167666.0,
            14478630.0,
            13757329.0,
            14078880.0,
            14226446.0,
            13450343.0,
            14161190.0,
            13356456.0,
            15185963.0,
            15019588.0,
            12654319.0,
            13573307.0,
            14620644.0,
            14216427.0,
            15519773.0,
            13464322.0
          ]
        },
        "u_max_mean": {
          "mean": 5.472339153289795,
          "std": 0.26275465632786416,
          "min": 5.0765204429626465,
          "max": 6.020604610443115,
          "values": [
            5.108511924743652,
            5.385910511016846,
            5.246829032897949,
            5.391861438751221,
            5.383508682250977,
            5.132266521453857,
            5.940424919128418,
            5.520601749420166,
            5.439382553100586,
            5.672010898590088,
            5.574736595153809,
            5.759904384613037,
            5.17117166519165,
            5.484798431396484,
            6.020604610443115,
            5.702458381652832,
            5.3429646492004395,
            5.351471900939941,
            5.0765204429626465,
            5.740843772888184
          ]
        },
        "u_max_max": {
          "mean": 9.965089225769043,
          "std": 0.8768190626527058,
          "min": 8.721641540527344,
          "max": 11.527679443359375,