{
  "seed": 100003,
  "dataset": "geant",
  "loss": "asym_l1",
  "T_eff": 2083,
  "num_links": 58,
  "models": {
    "DLinear": {
      "forecast": {
        "rmse_mean": 165.53256225585938,
        "mae_mean": 145.39498901367188,
        "mape_mean": 52.86185530136372,
        "smape_mean": 38.05563735961914
      },
      "operational": {
        "overload_rate": 0.002574204976244475,
        "sla_violation_rate": 0.002574204976244475,
        "over_provisioning_cost": 78444440.0,
        "asymmetric_op_cost": 78621592.0,
        "u_max_mean": 0.9586988091468811,
        "u_max_max": 1.8393594026565552
      }
    },
    "iTransformer": {
      "forecast": {
        "rmse_mean": 99.07249450683594,
        "mae_mean": 75.8338851928711,
        "mape_mean": 30.44449945153861,
        "smape_mean": 24.56983757019043
      },
      "operational": {
        "overload_rate": 2.4831559256377573e-05,
        "sla_violation_rate": 2.4831559256377573e-05,
        "over_provisioning_cost": 93408640.0,
        "asymmetric_op_cost": 93408728.0,
        "u_max_mean": 0.862356960773468,
        "u_max_max": 1.5081568956375122
      }
    }
  }
}