{
  "seed": 100003,
  "dataset": "geant",
  "loss": "asym",
  "T_eff": 2083,
  "num_links": 58,
  "models": {
    "LSTM": {
      "forecast": {
        "rmse_mean": 4265.7841796875,
        "mae_mean": 4228.2197265625,
        "mape_mean": 1781.2835031049005,
        "smape_mean": 127.2829360961914
      },
      "operational": {
        "overload_rate": 0.1570099491780754,
        "sla_violation_rate": 0.1570099491780754,
        "over_provisioning_cost": 608630400.0,
        "asymmetric_op_cost": 1198147840.0,
        "u_max_mean": 83496420769792.0,
        "u_max_max": 2318928273473536.0
      }
    }
  }
}