{
  "seed": 1024,
  "dataset": "abilene",
  "loss": "asym_l1",
  "T_eff": 9606,
  "num_links": 54,
  "models": {
    "LSTM": {
      "forecast": {
        "rmse_mean": 182.44166564941406,
        "mae_mean": 89.6370620727539,
        "mape_mean": 42.77893859368783,
        "smape_mean": 34.561092376708984
      },
      "operational": {
        "overload_rate": 0.07517677994463337,
        "sla_violation_rate": 0.07517677994463337,
        "over_provisioning_cost": 275610976.0,
        "asymmetric_op_cost": 295389920.0,
        "u_max_mean": 2.732731580734253,
        "u_max_max": 10.606371879577637
      }
    }
  }
}