{
  "seed": 271828,
  "dataset": "cesnet",
  "loss": "asym_l1",
  "T_eff": 7624,
  "num_links": 20,
  "models": {
    "DLinear": {
      "forecast": {
        "rmse_mean": 24.369487762451172,
        "mae_mean": 14.71595287322998,
        "mape_mean": 54.197472763061526,
        "smape_mean": 38.99375534057617
      },
      "operational": {
        "overload_rate": 0.0015674186778593913,
        "sla_violation_rate": 0.0015674186778593913,
        "over_provisioning_cost": 38703000.0,
        "asymmetric_op_cost": 38740036.0,
        "u_max_mean": 2.072543144226074,
        "u_max_max": 4.265472888946533
      }
    },
    "iTransformer": {
      "forecast": {
        "rmse_mean": 23.967248916625977,
        "mae_mean": 13.865849494934082,
        "mape_mean": 44.888831329345706,
        "smape_mean": 36.217899322509766
      },
      "operational": {
        "overload_rate": 0.0035020986358866735,
        "sla_violation_rate": 0.0035020986358866735,
        "over_provisioning_cost": 34594568.0,
        "asymmetric_op_cost": 34651888.0,
        "u_max_mean": 2.718810796737671,
        "u_max_max": 5.617232799530029
      }
    }
  }
}