{
  "seed": 271828,
  "dataset": "geant",
  "loss": "asym",
  "T_eff": 2083,
  "num_links": 58,
  "models": {
    "LSTM": {
      "forecast": {
        "rmse_mean": 2317.414794921875,
        "mae_mean": 2253.629150390625,
        "mape_mean": 940.3762445778682,
        "smape_mean": 135.4037322998047
      },
      "operational": {
        "overload_rate": 0.3335954442365951,
        "sla_violation_rate": 0.3335954442365951,
        "over_provisioning_cost": 220027904.0,
        "asymmetric_op_cost": 715407104.0,
        "u_max_mean": 223656680620032.0,
        "u_max_max": 2641998397833216.0
      }
    },
    "LSTM_CQR": {
      "forecast": {
        "rmse_mean": null,
        "mae_mean": null,
        "mape_mean": null,
        "smape_mean": null
      },
      "operational": {
        "overload_rate": 0.011223864783882662,
        "sla_violation_rate": 0.011223864783882662,
        "over_provisioning_cost": 336741845.0117215,
        "asymmetric_op_cost": 337261668.72590625,
        "u_max_mean": 0.7019043943283191,
        "u_max_max": 2.9521368593179464
      },
      "calibration": {
        "method": "cqr",
        "target_alpha": 0.2,
        "qhat_mean": 1071.9978248733898,
        "qhat_per_link": [
          1396.9481201171875,
          2.087127685546875,
          -2399.08349609375,
          851.8797607421875,
          1795.562255859375,
          813.2072143554688,
          6626.1494140625,
          1439.4407958984375,
          4706.3388671875,
          -635.314208984375,
          -519.2900390625,
          259.771240234375,
          1630.0128173828125,
          976.5148315429688,
          1712.6204833984375,
          -1027.546875,
          500.2798156738281,
          17.990631103515625,
          1003.327392578125,
          -3036.384765625,
          1399.736083984375,
          -1912.8917236328125,
          341.62103271484375,
          2681.178466796875,
          469.46087646484375,
          86.24559020996094,
          781.3253173828125,
          3397.3876953125,
          -2494.53125,
          -771.0701293945312,
          5.494453430175781,
          456.20892333984375,
          152.89306640625,
          21.509815216064453,
          1456.244873046875,
          12833.8564453125,
          8586.6162109375,
          148.17300415039062,
          4.482008457183838,
          805.9284057617188,
          -25.9342041015625,
          0.5502994060516357,
          102.76836395263672,
          7306.251953125,
          -466.15545654296875,
          109.83770751953125,
          3.9964382648468018,
          1105.09765625,
          32.122154235839844,
          0.13943761587142944,
          14.321821212768555,
          2224.91748046875,
          198.8261260986328,
          -70.10716247558594,
          -5.171935081481934,
          20.857473373413086,
          166.44369506835938,
          6892.7314453125
        ],
        "coverage_overall": 0.8468886056251759,
        "mean_width": 3363.2578125
      }
    },
    "LSTM_ACI": {
      "forecast": {
        "rmse_mean": null,
        "mae_mean": null,
        "mape_mean": null,
        "smape_mean": null
      },
      "operational": {
        "overload_rate": 0.002971509924346516,
        "sla_violation_rate": 0.002971509924346516,
        "over_provisioning_cost": 311499047.9073447,
        "asymmetric_op_cost": 311576747.98772275,
        "u_max_mean": 0.7064818827112515,
        "u_max_max": 3.367954496222935
      },
      "calibration": {
        "method": "aci",
        "target_alpha": 0.2,
        "gamma": 0.005,
        "window": 500,
        "qhat_mean": 951.8344439185898,
        "alpha_final_mean": 0.2459829137931035,
        "coverage_overall": 0.7563444633900045,
        "mean_width": 2882.92626953125
      }
    }
  },
  "calibration": "both",
  "target_alpha": 0.2
}