{
  "seed": 99,
  "dataset": "geant",
  "loss": "asym_l1",
  "T_eff": 2083,
  "num_links": 58,
  "models": {
    "DLinear": {
      "forecast": {
        "rmse_mean": 692.8684692382812,
        "mae_mean": 618.534423828125,
        "mape_mean": 134.1881488109457,
        "smape_mean": 78.61024475097656
      },
      "operational": {
        "overload_rate": 0.02249739268627808,
        "sla_violation_rate": 0.02249739268627808,
        "over_provisioning_cost": 216768496.0,
        "asymmetric_op_cost": 279984256.0,
        "u_max_mean": 4320323174400.0,
        "u_max_max": 250578743590912.0
      }
    },
    "iTransformer": {
      "forecast": {
        "rmse_mean": 169.98561096191406,
        "mae_mean": 140.4184112548828,
        "mape_mean": 55.53645896911621,
        "smape_mean": 38.162330627441406
      },
      "operational": {
        "overload_rate": 0.0,
        "sla_violation_rate": 0.0,
        "over_provisioning_cost": 139537120.0,
        "asymmetric_op_cost": 139537120.0,
        "u_max_mean": 0.6449820399284363,
        "u_max_max": 0.8814257383346558
      }
    }
  }
}