{
  "seed": 100003,
  "dataset": "abilene",
  "loss": "asym_l1",
  "T_eff": 9606,
  "num_links": 54,
  "models": {
    "LSTM": {
      "forecast": {
        "rmse_mean": 177.47384643554688,
        "mae_mean": 105.52787017822266,
        "mape_mean": 57.37286532366717,
        "smape_mean": 40.90735626220703
      },
      "operational": {
        "overload_rate": 0.06793207948735744,
        "sla_violation_rate": 0.06793207948735744,
        "over_provisioning_cost": 428715872.0,
        "asymmetric_op_cost": 472839168.0,
        "u_max_mean": 2.2737791538238525,
        "u_max_max": 8.186842918395996
      }
    }
  }
}