{
  "seed": 42,
  "dataset": "cesnet",
  "loss": "mse",
  "T_eff": 7624,
  "num_links": 20,
  "models": {
    "DLinear": {
      "forecast": {
        "rmse_mean": 24.037097930908203,
        "mae_mean": 14.149927139282227,
        "mape_mean": 54.499775123596194,
        "smape_mean": 39.4244384765625
      },
      "operational": {
        "overload_rate": 0.0032725603357817417,
        "sla_violation_rate": 0.0032725603357817417,
        "over_provisioning_cost": 32443626.0,
        "asymmetric_op_cost": 32473986.0,
        "u_max_mean": 2.6098732948303223,
        "u_max_max": 6.512642860412598
      }
    },
    "iTransformer": {
      "forecast": {
        "rmse_mean": 23.635841369628906,
        "mae_mean": 13.255647659301758,
        "mape_mean": 41.374774265289304,
        "smape_mean": 35.803855895996094
      },
      "operational": {
        "overload_rate": 0.0038759181532004197,
        "sla_violation_rate": 0.0038759181532004197,
        "over_provisioning_cost": 36904000.0,
        "asymmetric_op_cost": 36931488.0,
        "u_max_mean": 2.7363028526306152,
        "u_max_max": 6.086968898773193
      }
    }
  }
}