{
  "seed": 1,
  "dataset": "geant",
  "loss": "asym",
  "T_eff": 2083,
  "num_links": 58,
  "models": {
    "LSTM": {
      "forecast": {
        "rmse_mean": 3251.55615234375,
        "mae_mean": 3207.003173828125,
        "mape_mean": 1126.217343100186,
        "smape_mean": 128.35353088378906
      },
      "operational": {
        "overload_rate": 0.14435413114374163,
        "sla_violation_rate": 0.14435413114374163,
        "over_provisioning_cost": 474483200.0,
        "asymmetric_op_cost": 614476288.0,
        "u_max_mean": 96475610611712.0,
        "u_max_max": 2452580139532288.0
      }
    },
    "LSTM_CQR": {
      "forecast": {
        "rmse_mean": null,
        "mae_mean": null,
        "mape_mean": null,
        "smape_mean": null
      },
      "operational": {
        "overload_rate": 0.0049000943599251745,
        "sla_violation_rate": 0.0049000943599251745,
        "over_provisioning_cost": 405299658.87116325,
        "asymmetric_op_cost": 405441057.15690506,
        "u_max_mean": 0.5966242130758073,
        "u_max_max": 2.2883475418174783
      },
      "calibration": {
        "method": "cqr",
        "target_alpha": 0.1,
        "qhat_mean": 234.26436504516107,
        "qhat_per_link": [
          206.76806640625,
          10.87109375,
          8314.1767578125,
          189.73583984375,
          -173.4345703125,
          -1836.9598388671875,
          2036.486083984375,
          2971.0224609375,
          3909.271484375,
          -631.4336547851562,
          704.89892578125,
          704.5960693359375,
          3552.3212890625,
          136.4392852783203,
          284.1273498535156,
          -821.701416015625,
          36.206787109375,
          12.207550048828125,
          512.8267211914062,
          -1702.520751953125,
          1313.8802490234375,
          -603.9718017578125,
          363.820068359375,
          -942.075927734375,
          32.074981689453125,
          -28.526885986328125,
          630.163818359375,
          1095.649169921875,
          -2098.25244140625,
          1107.2523193359375,
          36.17164993286133,
          233.08355712890625,
          -63.44757080078125,
          7.509303569793701,
          1161.8641357421875,
          -11119.970703125,
          4233.97265625,
          5.8135833740234375,
          5.555522918701172,
          -739.99169921875,
          -40.49853515625,
          0.9236292243003845,
          18.135074615478516,
          -4009.90380859375,
          -87.36550903320312,
          134.68699645996094,
          5.4632248878479,
          -294.791259765625,
          -99.48065185546875,
          1.551923155784607,
          195.7376251220703,
          6297.16162109375,
          358.749755859375,
          43.43831253051758,
          9.821130752563477,
          5.433002471923828,
          87.39659118652344,
          -2085.60546875
        ],
        "coverage_overall": 0.9147532570728558,
        "mean_width": 4132.8525390625
      }
    },
    "LSTM_ACI": {
      "forecast": {
        "rmse_mean": null,
        "mae_mean": null,
        "mape_mean": null,
        "smape_mean": null
      },
      "operational": {
        "overload_rate": 0.0009518764381611402,
        "sla_violation_rate": 0.0009518764381611402,
        "over_provisioning_cost": 375735124.17455757,
        "asymmetric_op_cost": 375742594.61104476,
        "u_max_mean": 0.6002471649167342,
        "u_max_max": 2.7032182782387792
      },
      "calibration": {
        "method": "aci",
        "target_alpha": 0.1,
        "gamma": 0.005,
        "window": 500,
        "qhat_mean": -172.49393235403915,
        "alpha_final_mean": 0.13325898275862075,
        "coverage_overall": 0.8786730014733392,
        "mean_width": 3397.336669921875
      }
    }
  },
  "calibration": "both",
  "target_alpha": 0.1
}