{
  "seed": 8191,
  "dataset": "geant",
  "loss": "asym_l1",
  "T_eff": 2083,
  "num_links": 58,
  "models": {
    "LSTM": {
      "forecast": {
        "rmse_mean": 2647.57763671875,
        "mae_mean": 2612.284912109375,
        "mape_mean": 933.4768539954877,
        "smape_mean": 125.98927307128906
      },
      "operational": {
        "overload_rate": 0.15288791034151672,
        "sla_violation_rate": 0.15288791034151672,
        "over_provisioning_cost": 414044416.0,
        "asymmetric_op_cost": 1045659008.0,
        "u_max_mean": 80431349235712.0,
        "u_max_max": 2318928273473536.0
      }
    }
  }
}