{
  "seed": 123,
  "dataset": "abilene",
  "loss": "asym",
  "T_eff": 9606,
  "num_links": 54,
  "models": {
    "LSTM": {
      "forecast": {
        "rmse_mean": 166.43206787109375,
        "mae_mean": 127.88616943359375,
        "mape_mean": 63.456435185891614,
        "smape_mean": 43.462158203125
      },
      "operational": {
        "overload_rate": 0.0608531704721586,
        "sla_violation_rate": 0.0608531704721586,
        "over_provisioning_cost": 475233152.0,
        "asymmetric_op_cost": 506003968.0,
        "u_max_mean": 2.1442081928253174,
        "u_max_max": 7.332832336425781
      }
    },
    "LSTM_CQR": {
      "forecast": {
        "rmse_mean": null,
        "mae_mean": null,
        "mape_mean": null,
        "smape_mean": null
      },
      "operational": {
        "overload_rate": 0.03903231776436024,
        "sla_violation_rate": 0.03903231776436024,
        "over_provisioning_cost": 542194905.2849857,
        "asymmetric_op_cost": 572354369.7429506,
        "u_max_mean": 1.8802303771048638,
        "u_max_max": 6.549784953115776
      },
      "calibration": {
        "method": "cqr",
        "target_alpha": 0.05,
        "qhat_mean": 62.58125195017568,
        "qhat_per_link": [
          1.35653817653656,
          1.744797706604004,
          76.62590789794922,
          13.796894073486328,
          90.55956268310547,
          93.4249267578125,
          91.50401306152344,
          77.05728149414062,
          33.09950256347656,
          30.29137420654297,
          81.80500793457031,
          8.416545867919922,
          62.463722229003906,
          21.779891967773438,
          160.160400390625,
          86.98516845703125,
          78.60821533203125,
          -6.776340484619141,
          104.03994750976562,
          86.36956787109375,
          58.09367370605469,
          125.4718017578125,
          113.72817993164062,
          62.53728485107422,
          54.81791687011719,
          12.698787689208984,
          44.221229553222656,
          17.545391082763672,
          108.30227661132812,
          77.94586181640625,
          1.264847993850708,
          1.6447315216064453,
          36.212791442871094,
          64.13426971435547,
          46.975616455078125,
          119.46852111816406,
          39.459136962890625,
          49.187889099121094,
          24.000606536865234,
          25.504478454589844,
          75.30810546875,
          50.88671112060547,
          19.047687530517578,
          27.93590545654297,
          134.7732391357422,
          124.50164794921875,
          162.51406860351562,
          79.76953125,
          28.05687713623047,
          22.873321533203125,
          36.797088623046875,
          26.976776123046875,
          138.75399780273438,
          174.6644287109375
        ],
        "coverage_overall": 0.8813569451191771,
        "mean_width": 280.752197265625
      }
    },
    "LSTM_ACI": {
      "forecast": {
        "rmse_mean": null,
        "mae_mean": null,
        "mape_mean": null,
        "smape_mean": null
      },
      "operational": {
        "overload_rate": 0.0001561524047470331,
        "sla_violation_rate": 0.0001561524047470331,
        "over_provisioning_cost": 919174679.7493116,
        "asymmetric_op_cost": 919443507.3995725,
        "u_max_mean": 1.0278788515803685,
        "u_max_max": 1.7520082851613654
      },
      "calibration": {
        "method": "aci",
        "target_alpha": 0.05,
        "gamma": 0.005,
        "window": 500,
        "qhat_mean": 107.96352029729772,
        "alpha_final_mean": 0.05195931481481513,
        "coverage_overall": 0.946794441745514,
        "mean_width": 364.38592529296875
      }
    }
  },
  "calibration": "both",
  "target_alpha": 0.05
}