{
  "seed": 1024,
  "dataset": "abilene",
  "loss": "asym",
  "T_eff": 9606,
  "num_links": 54,
  "models": {
    "LSTM": {
      "forecast": {
        "rmse_mean": 131.80819702148438,
        "mae_mean": 79.09140014648438,
        "mape_mean": 37.922369727381955,
        "smape_mean": 28.604597091674805
      },
      "operational": {
        "overload_rate": 0.005451839513884069,
        "sla_violation_rate": 0.005451839513884069,
        "over_provisioning_cost": 940835584.0,
        "asymmetric_op_cost": 943717312.0,
        "u_max_mean": 1.1600532531738281,
        "u_max_max": 3.0649452209472656
      }
    }
  }
}