{
  "seed": 1024,
  "dataset": "abilene",
  "loss": "asym",
  "T_eff": 9606,
  "num_links": 54,
  "models": {
    "LSTM": {
      "forecast": {
        "rmse_mean": 170.5282440185547,
        "mae_mean": 122.43389129638672,
        "mape_mean": 64.06964655275698,
        "smape_mean": 42.32633590698242
      },
      "operational": {
        "overload_rate": 0.056606210624532506,
        "sla_violation_rate": 0.056606210624532506,
        "over_provisioning_cost": 593589248.0,
        "asymmetric_op_cost": 647787904.0,
        "u_max_mean": 2.008920669555664,
        "u_max_max": 7.412047386169434
      }
    }
  }
}