{
  "seed": 456,
  "dataset": "abilene",
  "loss": "pinball",
  "T_eff": 9606,
  "num_links": 54,
  "models": {
    "LSTM": {
      "forecast": {
        "rmse_mean": 182.26129150390625,
        "mae_mean": 112.11894989013672,
        "mape_mean": 62.106810569763184,
        "smape_mean": 42.420467376708984
      },
      "operational": {
        "overload_rate": 0.06000107957218097,
        "sla_violation_rate": 0.06000107957218097,
        "over_provisioning_cost": 369648576.0,
        "asymmetric_op_cost": 413728384.0,
        "u_max_mean": 2.301785469055176,
        "u_max_max": 8.635271072387695
      }
    }
  }
}