{
  "seed": 3,
  "dataset": "geant",
  "loss": "asym",
  "T_eff": 2083,
  "num_links": 58,
  "models": {
    "LSTM": {
      "forecast": {
        "rmse_mean": 3264.89794921875,
        "mae_mean": 3214.603271484375,
        "mape_mean": 1161.5127388526653,
        "smape_mean": 139.8446807861328
      },
      "operational": {
        "overload_rate": 0.24027844455112818,
        "sla_violation_rate": 0.24027844455112818,
        "over_provisioning_cost": 430602176.0,
        "asymmetric_op_cost": 708246848.0,
        "u_max_mean": 170888125218816.0,
        "u_max_max": 2318928273473536.0
      }
    },
    "LSTM_CQR": {
      "forecast": {
        "rmse_mean": null,
        "mae_mean": null,
        "mape_mean": null,
        "smape_mean": null
      },
      "operational": {
        "overload_rate": 0.006572086016521264,
        "sla_violation_rate": 0.006572086016521264,
        "over_provisioning_cost": 427527359.3117899,
        "asymmetric_op_cost": 427724051.6927403,
        "u_max_mean": 0.7478081563048921,
        "u_max_max": 2.283052442630136
      },
      "calibration": {
        "method": "cqr",
        "target_alpha": 0.05,
        "qhat_mean": 1642.9956635986937,
        "qhat_per_link": [
          501.5023193359375,
          392.956298828125,
          6170.572265625,
          303.92724609375,
          4500.14208984375,
          3799.01953125,
          110.44830322265625,
          7474.0234375,
          5685.3603515625,
          3934.228759765625,
          962.783935546875,
          834.0823364257812,
          6449.2109375,
          1054.022705078125,
          2137.53271484375,
          8457.595703125,
          107.24874877929688,
          -91.36506652832031,
          1740.6641845703125,
          -3450.78759765625,
          8838.4814453125,
          777.24560546875,
          396.0296630859375,
          -371.65673828125,
          288.39111328125,
          49.451171875,
          1990.095947265625,
          2283.504638671875,
          2470.77978515625,
          412.57867431640625,
          23.938488006591797,
          -101.213623046875,
          101.52450561523438,
          11.087606430053711,
          1592.368896484375,
          3593.509765625,
          9515.603515625,
          140.86680603027344,
          14.222477912902832,
          2739.3759765625,
          335.08551025390625,
          0.5726227164268494,
          314.7125549316406,
          10673.7138671875,
          819.994384765625,
          203.71046447753906,
          7.809579849243164,
          -175.3380126953125,
          -45.29191589355469,
          1.168329119682312,
          87.38838958740234,
          557.4024658203125,
          498.5903625488281,
          126.58424377441406,
          22.21574592590332,
          15.523456573486328,
          -506.885986328125,
          -3482.5625
        ],
        "coverage_overall": 0.9520833678216101,
        "mean_width": 5359.0791015625
      }
    },
    "LSTM_ACI": {
      "forecast": {
        "rmse_mean": null,
        "mae_mean": null,
        "mape_mean": null,
        "smape_mean": null
      },
      "operational": {
        "overload_rate": 0.0009849851838363104,
        "sla_violation_rate": 0.0009849851838363104,
        "over_provisioning_cost": 390708786.0504159,
        "asymmetric_op_cost": 390717295.970188,
        "u_max_mean": 0.6982679457958467,
        "u_max_max": 2.292074434574912
      },
      "calibration": {
        "method": "aci",
        "target_alpha": 0.05,
        "gamma": 0.005,
        "window": 500,
        "qhat_mean": 1274.7211939034792,
        "alpha_final_mean": 0.06369894827586221,
        "coverage_overall": 0.9376976178257487,
        "mean_width": 4578.2412109375
      }
    }
  },
  "calibration": "both",
  "target_alpha": 0.05
}