{
  "seed": 8191,
  "dataset": "abilene",
  "loss": "asym",
  "T_eff": 9606,
  "num_links": 54,
  "models": {
    "DLinear": {
      "forecast": {
        "rmse_mean": 45.10126876831055,
        "mae_mean": 18.66109848022461,
        "mape_mean": 9.359525967527318,
        "smape_mean": 8.931973457336426
      },
      "operational": {
        "overload_rate": 0.00012723529275684178,
        "sla_violation_rate": 0.00012723529275684178,
        "over_provisioning_cost": 996111104.0,
        "asymmetric_op_cost": 996115136.0,
        "u_max_mean": 0.9914420247077942,
        "u_max_max": 1.1501379013061523
      }
    },
    "iTransformer": {
      "forecast": {
        "rmse_mean": 48.64253234863281,
        "mae_mean": 18.203527450561523,
        "mape_mean": 8.869180109765795,
        "smape_mean": 8.786966323852539
      },
      "operational": {
        "overload_rate": 5.205080158234437e-05,
        "sla_violation_rate": 5.205080158234437e-05,
        "over_provisioning_cost": 1132231936.0,
        "asymmetric_op_cost": 1132232448.0,
        "u_max_mean": 0.9415093064308167,
        "u_max_max": 1.190585970878601
      }
    }
  }
}