{
  "seed": 1024,
  "dataset": "abilene",
  "loss": "asym",
  "T_eff": 9606,
  "num_links": 54,
  "models": {
    "LSTM": {
      "forecast": {
        "rmse_mean": 167.51168823242188,
        "mae_mean": 95.42466735839844,
        "mape_mean": 45.29650093007971,
        "smape_mean": 35.56700134277344
      },
      "operational": {
        "overload_rate": 0.07650118367378413,
        "sla_violation_rate": 0.07650118367378413,
        "over_provisioning_cost": 373237376.0,
        "asymmetric_op_cost": 389192736.0,
        "u_max_mean": 2.4221627712249756,
        "u_max_max": 7.6594462394714355
      }
    }
  }
}