{
  "seed": 123,
  "dataset": "abilene",
  "loss": "mse",
  "T_eff": 9606,
  "num_links": 54,
  "models": {
    "LSTM": {
      "forecast": {
        "rmse_mean": 197.76162719726562,
        "mae_mean": 110.70962524414062,
        "mape_mean": 52.9206168739884,
        "smape_mean": 38.548065185546875
      },
      "operational": {
        "overload_rate": 0.07706988687625789,
        "sla_violation_rate": 0.07706988687625789,
        "over_provisioning_cost": 271352640.0,
        "asymmetric_op_cost": 281603328.0,
        "u_max_mean": 2.685662269592285,
        "u_max_max": 8.484240531921387
      }
    }
  }
}