{
  "seed": 2048,
  "dataset": "geant",
  "loss": "asym",
  "T_eff": 2083,
  "num_links": 58,
  "models": {
    "DLinear": {
      "forecast": {
        "rmse_mean": 9261.236328125,
        "mae_mean": 9256.8359375,
        "mape_mean": 3267.598701830568,
        "smape_mean": 146.33299255371094
      },
      "operational": {
        "overload_rate": 0.0,
        "sla_violation_rate": 0.0,
        "over_provisioning_cost": 1305731456.0,
        "asymmetric_op_cost": 1305731456.0,
        "u_max_mean": 0.3219921290874481,
        "u_max_max": 0.9899942874908447
      }
    },
    "iTransformer": {
      "forecast": {
        "rmse_mean": 131.81752014160156,
        "mae_mean": 100.09701538085938,
        "mape_mean": 35.10154414999074,
        "smape_mean": 27.720890045166016
      },
      "operational": {
        "overload_rate": 5.794030493154767e-05,
        "sla_violation_rate": 5.794030493154767e-05,
        "over_provisioning_cost": 112496904.0,
        "asymmetric_op_cost": 112497656.0,
        "u_max_mean": 0.8053593635559082,
        "u_max_max": 1.7697323560714722
      }
    }
  }
}