{
  "seed": 65521,
  "dataset": "geant",
  "loss": "asym",
  "T_eff": 2083,
  "num_links": 58,
  "models": {
    "LSTM": {
      "forecast": {
        "rmse_mean": 2921.916748046875,
        "mae_mean": 2828.645263671875,
        "mape_mean": 1132.1321148050242,
        "smape_mean": 138.6431884765625
      },
      "operational": {
        "overload_rate": 0.14081977254291722,
        "sla_violation_rate": 0.14081977254291722,
        "over_provisioning_cost": 442428896.0,
        "asymmetric_op_cost": 902393088.0,
        "u_max_mean": 61422599929856.0,
        "u_max_max": 1721138753306624.0
      }
    },
    "LSTM_CQR": {
      "forecast": {
        "rmse_mean": null,
        "mae_mean": null,
        "mape_mean": null,
        "smape_mean": null
      },
      "operational": {
        "overload_rate": 0.009916069329713444,
        "sla_violation_rate": 0.009916069329713444,
        "over_provisioning_cost": 159524681.6892599,
        "asymmetric_op_cost": 159921194.29142225,
        "u_max_mean": 0.9141743056197732,
        "u_max_max": 2.9490361107648635
      },
      "calibration": {
        "method": "cqr",
        "target_alpha": 0.1,
        "qhat_mean": 117.21688483604069,
        "qhat_per_link": [
          1619.315673828125,
          383.2388916015625,
          6724.18798828125,
          450.89434814453125,
          1701.1182861328125,
          693.6292724609375,
          4079.3876953125,
          -1288.1102294921875,
          -3843.550048828125,
          260.49566650390625,
          2211.19921875,
          -999.208984375,
          30.9166259765625,
          207.5164794921875,
          -293.76287841796875,
          -336.8114013671875,
          398.55975341796875,
          65.48701477050781,
          793.39990234375,
          929.59326171875,
          -1288.4014892578125,
          2309.706787109375,
          347.00567626953125,
          238.6640625,
          497.71026611328125,
          43.61924743652344,
          2240.946533203125,
          1223.512451171875,
          -2095.571044921875,
          -530.2005615234375,
          14.336509704589844,
          349.630859375,
          44.65032958984375,
          2.370976448059082,
          1622.0128173828125,
          -3546.59130859375,
          -1188.887939453125,
          -73.65231323242188,
          5.114166259765625,
          2564.4111328125,
          73.2418212890625,
          0.21219831705093384,
          139.36260986328125,
          -5483.42578125,
          -289.6221923828125,
          104.32931518554688,
          5.524028301239014,
          -364.6554260253906,
          -2.9163475036621094,
          1.9171924591064453,
          95.91495513916016,
          -2479.37744140625,
          -178.8114013671875,
          100.25375366210938,
          -8.573599815368652,
          12.136150360107422,
          335.043701171875,
          -1829.85791015625
        ],
        "coverage_overall": 0.9027265052063502,
        "mean_width": 2727.333740234375
      }
    },
    "LSTM_ACI": {
      "forecast": {
        "rmse_mean": null,
        "mae_mean": null,
        "mape_mean": null,
        "smape_mean": null
      },
      "operational": {
        "overload_rate": 0.0015726654195705797,
        "sla_violation_rate": 0.0015726654195705797,
        "over_provisioning_cost": 145822321.36834323,
        "asymmetric_op_cost": 145843708.8253945,
        "u_max_mean": 0.823742523235373,
        "u_max_max": 2.333565956994442
      },
      "calibration": {
        "method": "aci",
        "target_alpha": 0.1,
        "gamma": 0.005,
        "window": 500,
        "qhat_mean": -76.07321946631218,
        "alpha_final_mean": 0.11818129310344833,
        "coverage_overall": 0.8774976410018707,
        "mean_width": 2249.365966796875
      }
    }
  },
  "calibration": "both",
  "target_alpha": 0.1
}