{
  "seed": 99,
  "dataset": "abilene",
  "loss": "asym",
  "T_eff": 9606,
  "num_links": 54,
  "models": {
    "PatchTST": {
      "forecast": {
        "rmse_mean": 54.26204299926758,
        "mae_mean": 22.388315200805664,
        "mape_mean": 12.020986186133491,
        "smape_mean": 10.543913841247559
      },
      "operational": {
        "overload_rate": 0.0,
        "sla_violation_rate": 0.0,
        "over_provisioning_cost": 1404203264.0,
        "asymmetric_op_cost": 1404203264.0,
        "u_max_mean": 0.7909838557243347,
        "u_max_max": 0.9531069993972778
      }
    }
  }
}