{
  "seed": 456,
  "dataset": "cesnet",
  "loss": "asym_l1",
  "T_eff": 7624,
  "num_links": 20,
  "models": {
    "DLinear": {
      "forecast": {
        "rmse_mean": 37.90267562866211,
        "mae_mean": 29.916397094726562,
        "mape_mean": 123.07367000579833,
        "smape_mean": 63.629058837890625
      },
      "operational": {
        "overload_rate": 0.0005312172088142707,
        "sla_violation_rate": 0.0005312172088142707,
        "over_provisioning_cost": 57495256.0,
        "asymmetric_op_cost": 57547888.0,
        "u_max_mean": 1.4745045900344849,
        "u_max_max": 2.667116403579712
      }
    },
    "iTransformer": {
      "forecast": {
        "rmse_mean": 38.90534591674805,
        "mae_mean": 28.830875396728516,
        "mape_mean": 114.39810256958008,
        "smape_mean": 60.47673416137695
      },
      "operational": {
        "overload_rate": 0.0005574501573976915,
        "sla_violation_rate": 0.0005574501573976915,
        "over_provisioning_cost": 58211848.0,
        "asymmetric_op_cost": 58262224.0,
        "u_max_mean": 1.5239312648773193,
        "u_max_max": 2.280350685119629
      }
    }
  }
}