{
  "seed": 123,
  "dataset": "abilene",
  "loss": "asym_l1",
  "T_eff": 9606,
  "num_links": 54,
  "models": {
    "LSTM": {
      "forecast": {
        "rmse_mean": 163.52099609375,
        "mae_mean": 111.78797912597656,
        "mape_mean": 59.85782444918597,
        "smape_mean": 41.89338684082031
      },
      "operational": {
        "overload_rate": 0.04722164387998242,
        "sla_violation_rate": 0.04722164387998242,
        "over_provisioning_cost": 493358464.0,
        "asymmetric_op_cost": 525183872.0,
        "u_max_mean": 2.0285050868988037,
        "u_max_max": 7.641226768493652
      }
    }
  }
}