{
  "num_seeds": 20,
  "seeds": [
    1,
    100003,
    1024,
    123,
    13,
    17,
    2,
    2048,
    256,
    271828,
    3,
    31337,
    42,
    456,
    512,
    65521,
    7,
    789,
    8191,
    99
  ],
  "dataset": "geant",
  "loss": "asym",
  "per_seed": {},
  "models": {
    "LSTM": {
      "forecast": {
        "rmse_mean": {
          "mean": 1718.720785522461,
          "std": 483.1349099061914,
          "min": 791.4224853515625,
          "max": 2643.697509765625,
          "values": [
            791.4224853515625,
            1298.796630859375,
            1186.39501953125,
            1536.275634765625,
            1829.41162109375,
            1401.2371826171875,
            2018.0467529296875,
            1018.9605102539062,
            2080.602294921875,
            1776.4952392578125,
            2643.697509765625,
            2392.453125,
            2230.580078125,
            1098.3890380859375,
            2222.03271484375,
            1636.732177734375,
            1988.155517578125,
            1579.170166015625,
            2104.58447265625,
            1540.9775390625
          ]
        },
        "mae_mean": {
          "mean": 1686.1651000976562,
          "std": 485.1619323024842,
          "min": 750.16796875,
          "max": 2620.88427734375,
          "values": [
            750.16796875,
            1268.2471923828125,
            1153.55419921875,
            1503.8179931640625,
            1791.005615234375,
            1374.50634765625,
            1989.6522216796875,
            991.0799560546875,
            2046.935791015625,
            1706.4586181640625,
            2620.88427734375,
            2367.802978515625,
            2195.658935546875,
            1065.3973388671875,
            2196.043701171875,
            1600.3658447265625,
            1956.4674072265625,
            1550.3531494140625,
            2079.54296875,
            1515.3594970703125
          ]
        },
        "mape_mean": {
          "mean": 626.2085585684611,
          "std": 167.82842852596636,
          "min": 290.58202812589445,
          "max": 912.6778032368627,
          "values": [
            290.58202812589445,
            579.696955351994,
            406.27869303473113,
            629.5702758821948,
            735.6035434624245,
            534.8824402381634,
            653.278465468308,
            357.8238697874135,
            624.0872151605014,
            620.7507820787101,
            912.6778032368627,
            835.3374691667228,
            761.2527603774236,
            368.18742844154093,
            798.3988632004837,
            549.2975241726842,
            748.890138461672,
            584.9884895456248,
            815.5887030239763,
            716.9977231518976
          ]
        },
        "smape_mean": {
          "mean": 118.2132682800293,
          "std": 7.568998855085927,
          "min": 101.58213806152344,
          "max": 130.56381225585938,
          "values": [
            101.58213806152344,
            120.05597686767578,
            110.28045654296875,
            112.04068756103516,
            115.64519500732422,
            112.07655334472656,
            116.41016387939453,
            104.58074951171875,
            130.56381225585938,
            118.29714965820312,
            123.95449829101562,
            128.99871826171875,
            125.43655395507812,
            114.8735580444336,
            128.29959106445312,
            122.54696655273438,
            117.10462188720703,
            121.42830657958984,
            123.75115966796875,
            116.33850860595703
          ]
        }
      },
      "operational": {
        "overload_rate": {
          "mean": 0.2367676759315973,
          "std": 0.0803411495233555,
          "min": 0.07239227241875941,
          "max": 0.37911996953995397,
          "values": [
            0.07239227241875941,
            0.20771599317959838,
            0.1866753853030278,
            0.1930653732183356,
            0.1451487410399457,
            0.20470309732315792,
            0.276549075438277,
            0.19802340788319234,
            0.37911996953995397,
            0.19189828993328586,
            0.34215405499362656,
            0.3207244193553727,
            0.23962454682404358,
            0.25311636068667537,
            0.34647474630423625,
            0.34205472875660103,
            0.21316238184316388,
            0.27540682371248365,
            0.2460062575529326,
            0.10133759332527688
          ]
        },
        "sla_violation_rate": {
          "mean": 0.2367676759315973,
          "std": 0.0803411495233555,
          "min": 0.07239227241875941,
          "max": 0.37911996953995397,
          "values": [
            0.07239227241875941,
            0.20771599317959838,
            0.1866753853030278,
            0.1930653732183356,
            0.1451487410399457,
            0.20470309732315792,
            0.276549075438277,
            0.19802340788319234,
            0.37911996953995397,
            0.19189828993328586,
            0.34215405499362656,
            0.3207244193553727,
            0.23962454682404358,
            0.25311636068667537,
            0.34647474630423625,
            0.34205472875660103,
            0.21316238184316388,
            0.27540682371248365,
            0.2460062575529326,
            0.10133759332527688
          ]
        },
        "over_provisioning_cost": {
          "mean": 219712003.2,
          "std": 55060053.71244563,
          "min": 132421488.0,
          "max": 309679168.0,
          "values": [
            149268320.0,
            171075040.0,
            190580848.0,
            225276096.0,
            242440352.0,
            193389664.0,
            228436608.0,
            139777984.0,
            132421488.0,
            203469696.0,
            286650784.0,
            284031488.0,
            309679168.0,
            157615136.0,
            250315072.0,
            171632160.0,
            290671296.0,
            208520448.0,
            298753760.0,
            260234656.0
          ]
        },
        "asymmetric_op_cost": {
          "mean": 402478148.8,
          "std": 154807698.4419445,
          "min": 169173312.0,
          "max": 778100992.0,
          "values": [
            169173312.0,
            282534112.0,
            238273024.0,
            366214144.0,
            418436064.0,
            280704288.0,
            512505696.0,
            259830944.0,
            762835904.0,
            358583808.0,
            778100992.0,
            515364192.0,
            441547552.0,
            252501088.0,
            512715264.0,
            402068352.0,
            401404640.0,
            352533120.0,
            437476096.0,
            306760384.0
          ]
        },
        "u_max_mean": {
          "mean": 100715225730252.84,
          "std": 82102451511666.19,
          "min": 0.93619704246521,
          "max": 354759869464576.0,
          "values": [
            0.93619704246521,
            80914533056512.0,
            29053545349120.0,
            61256790704128.0,
            37603776659456.0,
            52139858591744.0,
            221240325308416.0,
            34028371574784.0,
            354759869464576.0,
            72850513854464.0,
            152080496984064.0,
            88595486474240.0,
            85704814100480.0,
            17573111398400.0,
            205453921353728.0,
            137210816888832.0,
            106187462803456.0,
            132187575812096.0,
            105481720823808.0,
            39981523402752.0
          ]
        },
        "u_max_max": {
          "mean": 1739990055990067.5,
          "std": 806752263736979.8,
          "min": 3.299748182296753,
          "max": 2885700479352832.0,