{
  "seed": 1024,
  "dataset": "abilene",
  "loss": "asym_l1",
  "T_eff": 9606,
  "num_links": 54,
  "models": {
    "LSTM": {
      "forecast": {
        "rmse_mean": 189.94395446777344,
        "mae_mean": 81.89081573486328,
        "mape_mean": 35.23803732130263,
        "smape_mean": 30.9561767578125
      },
      "operational": {
        "overload_rate": 0.08770174505131824,
        "sla_violation_rate": 0.08770174505131824,
        "over_provisioning_cost": 154182208.0,
        "asymmetric_op_cost": 167035664.0,
        "u_max_mean": 3.5169529914855957,
        "u_max_max": 10.09735107421875
      }
    }
  }
}