{
  "seed": 1024,
  "dataset": "abilene",
  "loss": "asym_l1",
  "T_eff": 9606,
  "num_links": 54,
  "models": {
    "DLinear": {
      "forecast": {
        "rmse_mean": 42.244781494140625,
        "mae_mean": 16.1994571685791,
        "mape_mean": 8.270921852853563,
        "smape_mean": 8.023689270019531
      },
      "operational": {
        "overload_rate": 2.8917111990191315e-05,
        "sla_violation_rate": 2.8917111990191315e-05,
        "over_provisioning_cost": 1057963136.0,
        "asymmetric_op_cost": 1057963456.0,
        "u_max_mean": 0.9601492881774902,
        "u_max_max": 1.1324474811553955
      }
    },
    "iTransformer": {
      "forecast": {
        "rmse_mean": 43.94654083251953,
        "mae_mean": 16.03827476501465,
        "mape_mean": 7.971343658588551,
        "smape_mean": 7.838534355163574
      },
      "operational": {
        "overload_rate": 2.8917111990191315e-05,
        "sla_violation_rate": 2.8917111990191315e-05,
        "over_provisioning_cost": 1062044928.0,
        "asymmetric_op_cost": 1062045376.0,
        "u_max_mean": 0.9383689165115356,
        "u_max_max": 1.0325806140899658
      }
    }
  }
}