{
  "seed": 42,
  "dataset": "geant",
  "loss": "asym",
  "T_eff": 2083,
  "num_links": 58,
  "models": {
    "LSTM": {
      "forecast": {
        "rmse_mean": 3589.273193359375,
        "mae_mean": 3544.595458984375,
        "mape_mean": 1427.6997861862183,
        "smape_mean": 136.87232971191406
      },
      "operational": {
        "overload_rate": 0.07038919330541163,
        "sla_violation_rate": 0.07038919330541163,
        "over_provisioning_cost": 554785536.0,
        "asymmetric_op_cost": 650998016.0,
        "u_max_mean": 80502442688512.0,
        "u_max_max": 2641998397833216.0
      }
    },
    "LSTM_CQR": {
      "forecast": {
        "rmse_mean": null,
        "mae_mean": null,
        "mape_mean": null,
        "smape_mean": null
      },
      "operational": {
        "overload_rate": 0.0063154932375386955,
        "sla_violation_rate": 0.0063154932375386955,
        "over_provisioning_cost": 380904771.73223007,
        "asymmetric_op_cost": 381167255.9153174,
        "u_max_mean": 0.6308076346534389,
        "u_max_max": 1.9028764395388786
      },
      "calibration": {
        "method": "cqr",
        "target_alpha": 0.1,
        "qhat_mean": 695.2000939887146,
        "qhat_per_link": [
          1002.7363891601562,
          616.1611328125,
          4100.94775390625,
          635.4507446289062,
          2209.252197265625,
          -491.8705139160156,
          -81.42111206054688,
          -1063.8216552734375,
          1430.537109375,
          1990.1143798828125,
          531.8936767578125,
          886.3575439453125,
          -997.5421142578125,
          3894.864501953125,
          1263.6309814453125,
          3103.543701171875,
          -71.44607543945312,
          -171.04022216796875,
          553.614013671875,
          640.3279418945312,
          1264.5032958984375,
          122.94175720214844,
          345.52593994140625,
          6065.9169921875,
          -441.84942626953125,
          16.617446899414062,
          611.4620361328125,
          1178.717529296875,
          -3330.5830078125,
          115.2664794921875,
          23.830127716064453,
          2410.5791015625,
          177.79254150390625,
          23.896711349487305,
          1011.1771240234375,
          5729.99853515625,
          818.5155029296875,
          -61.6129150390625,
          3.245077133178711,
          -1166.1103515625,
          10.33880615234375,
          0.7396236658096313,
          -61.601661682128906,
          -120.6455078125,
          -594.4727172851562,
          172.3812255859375,
          4.4599480628967285,
          966.8027954101562,
          116.13499450683594,
          1.5001674890518188,
          66.25233459472656,
          3880.22607421875,
          -348.35552978515625,
          -24.153213500976562,
          7.326123237609863,
          13.285490989685059,
          97.2591552734375,
          1232.0064697265625
        ],
        "coverage_overall": 0.8879765590080619,
        "mean_width": 3898.2744140625
      }
    },
    "LSTM_ACI": {
      "forecast": {
        "rmse_mean": null,
        "mae_mean": null,
        "mape_mean": null,
        "smape_mean": null
      },
      "operational": {
        "overload_rate": 0.001266409522075256,
        "sla_violation_rate": 0.001266409522075256,
        "over_provisioning_cost": 380061266.08629596,
        "asymmetric_op_cost": 380086004.80834377,
        "u_max_mean": 0.6040341487490383,
        "u_max_max": 1.6533479132556879
      },
      "calibration": {
        "method": "aci",
        "target_alpha": 0.1,
        "gamma": 0.005,
        "window": 500,
        "qhat_mean": 553.7597457694596,
        "alpha_final_mean": 0.12193998275862074,
        "coverage_overall": 0.8775638584932209,
        "mean_width": 3553.693115234375
      }
    }
  },
  "calibration": "both",
  "target_alpha": 0.1
}