{
  "seed": 2048,
  "dataset": "cesnet",
  "loss": "asym_l1",
  "T_eff": 7624,
  "num_links": 20,
  "models": {
    "DLinear": {
      "forecast": {
        "rmse_mean": 90.51718139648438,
        "mae_mean": 81.38101959228516,
        "mape_mean": 354.8276763916016,
        "smape_mean": 108.40767669677734
      },
      "operational": {
        "overload_rate": 0.0001246065057712487,
        "sla_violation_rate": 0.0001246065057712487,
        "over_provisioning_cost": 90435984.0,
        "asymmetric_op_cost": 90506768.0,
        "u_max_mean": 0.9862620234489441,
        "u_max_max": 1.3047653436660767
      }
    },
    "iTransformer": {
      "forecast": {
        "rmse_mean": 97.24729919433594,
        "mae_mean": 78.62495422363281,
        "mape_mean": 337.8991012573242,
        "smape_mean": 104.89384460449219
      },
      "operational": {
        "overload_rate": 5.902413431269675e-05,
        "sla_violation_rate": 5.902413431269675e-05,
        "over_provisioning_cost": 102104776.0,
        "asymmetric_op_cost": 102134056.0,
        "u_max_mean": 0.8820735812187195,
        "u_max_max": 1.1712646484375
      }
    }
  }
}