{
  "seed": 256,
  "dataset": "abilene",
  "loss": "asym_l1",
  "T_eff": 9606,
  "num_links": 54,
  "models": {
    "DLinear": {
      "forecast": {
        "rmse_mean": 55.925758361816406,
        "mae_mean": 28.677928924560547,
        "mape_mean": 15.894799144179732,
        "smape_mean": 13.923544883728027
      },
      "operational": {
        "overload_rate": 7.711229864051018e-06,
        "sla_violation_rate": 7.711229864051018e-06,
        "over_provisioning_cost": 1179245440.0,
        "asymmetric_op_cost": 1179245568.0,
        "u_max_mean": 0.8758135437965393,
        "u_max_max": 1.0236399173736572
      }
    },
    "iTransformer": {
      "forecast": {
        "rmse_mean": 75.72754669189453,
        "mae_mean": 35.187171936035156,
        "mape_mean": 19.06662658408836,
        "smape_mean": 15.441353797912598
      },
      "operational": {
        "overload_rate": 0.0,
        "sla_violation_rate": 0.0,
        "over_provisioning_cost": 1506454528.0,
        "asymmetric_op_cost": 1506454528.0,
        "u_max_mean": 0.7343452572822571,
        "u_max_max": 0.902286171913147
      }
    }
  }
}