{
  "seed": 1,
  "dataset": "abilene",
  "loss": "mse",
  "T_eff": 9606,
  "num_links": 54,
  "models": {
    "DLinear": {
      "forecast": {
        "rmse_mean": 44.83130645751953,
        "mae_mean": 18.515037536621094,
        "mape_mean": 9.214736766285366,
        "smape_mean": 8.90067195892334
      },
      "operational": {
        "overload_rate": 0.00012337967782481628,
        "sla_violation_rate": 0.00012337967782481628,
        "over_provisioning_cost": 988580160.0,
        "asymmetric_op_cost": 988585984.0,
        "u_max_mean": 0.9826220870018005,
        "u_max_max": 1.1796329021453857
      }
    },
    "iTransformer": {
      "forecast": {
        "rmse_mean": 49.77287673950195,
        "mae_mean": 19.199804306030273,
        "mape_mean": 9.631114747789171,
        "smape_mean": 9.078483581542969
      },
      "operational": {
        "overload_rate": 0.00016579144207709687,
        "sla_violation_rate": 0.00016579144207709687,
        "over_provisioning_cost": 1003493120.0,
        "asymmetric_op_cost": 1003502528.0,
        "u_max_mean": 1.0004359483718872,
        "u_max_max": 1.329386591911316
      }
    }
  }
}