{
  "seed": 512,
  "dataset": "abilene",
  "loss": "asym",
  "T_eff": 9606,
  "num_links": 54,
  "models": {
    "LSTM": {
      "forecast": {
        "rmse_mean": 173.65426635742188,
        "mae_mean": 126.88743591308594,
        "mape_mean": 62.57845721421418,
        "smape_mean": 42.604671478271484
      },
      "operational": {
        "overload_rate": 0.05342532830561146,
        "sla_violation_rate": 0.05342532830561146,
        "over_provisioning_cost": 484034336.0,
        "asymmetric_op_cost": 516736096.0,
        "u_max_mean": 2.0302388668060303,
        "u_max_max": 6.65941047668457
      }
    },
    "LSTM_CQR": {
      "forecast": {
        "rmse_mean": null,
        "mae_mean": null,
        "mape_mean": null,
        "smape_mean": null
      },
      "operational": {
        "overload_rate": 0.032231013024267244,
        "sla_violation_rate": 0.032231013024267244,
        "over_provisioning_cost": 664962363.4135305,
        "asymmetric_op_cost": 684500455.7537519,
        "u_max_mean": 1.6552986137440129,
        "u_max_max": 5.433505224177941
      },
      "calibration": {
        "method": "cqr",
        "target_alpha": 0.05,
        "qhat_mean": 65.94878600041072,
        "qhat_per_link": [
          1.4034454822540283,
          1.4117143154144287,
          60.64915466308594,
          17.60131072998047,
          83.77413940429688,
          106.45684814453125,
          106.58695983886719,
          121.17300415039062,
          55.527137756347656,
          20.698013305664062,
          77.35187530517578,
          6.112254619598389,
          44.99414825439453,
          28.892452239990234,
          189.36688232421875,
          101.72518920898438,
          81.2418212890625,
          2.9525623321533203,
          141.77740478515625,
          81.39285278320312,
          85.18437194824219,
          106.26779174804688,
          79.2590560913086,
          100.3174819946289,
          69.65971374511719,
          11.800113677978516,
          36.09870910644531,
          16.527957916259766,
          99.205810546875,
          77.65103149414062,
          1.3839071989059448,
          1.4337310791015625,
          40.497222900390625,
          75.97697448730469,
          70.71966552734375,
          145.28488159179688,
          32.67240905761719,
          46.790992736816406,
          22.113149642944336,
          36.30992889404297,
          107.63754272460938,
          58.202598571777344,
          14.983978271484375,
          30.609207153320312,
          166.07008361816406,
          116.37554931640625,
          123.77850341796875,
          109.09652709960938,
          18.339927673339844,
          17.189109802246094,
          36.41876983642578,
          18.445663452148438,
          130.89633178710938,
          126.94657897949219
        ],
        "coverage_overall": 0.8830187151548801,
        "mean_width": 254.3787841796875
      }
    },
    "LSTM_ACI": {
      "forecast": {
        "rmse_mean": null,
        "mae_mean": null,
        "mape_mean": null,
        "smape_mean": null
      },
      "operational": {
        "overload_rate": 0.00016579144207709687,
        "sla_violation_rate": 0.00016579144207709687,
        "over_provisioning_cost": 911909796.3125669,
        "asymmetric_op_cost": 912092868.895651,
        "u_max_mean": 1.009176042879132,
        "u_max_max": 1.7279380300903948
      },
      "calibration": {
        "method": "aci",
        "target_alpha": 0.05,
        "gamma": 0.005,
        "window": 500,
        "qhat_mean": 122.3378450428998,
        "alpha_final_mean": 0.05169074074074114,
        "coverage_overall": 0.946794441745514,
        "mean_width": 317.7300109863281
      }
    }
  },
  "calibration": "both",
  "target_alpha": 0.05
}