{
  "seed": 42,
  "dataset": "abilene",
  "loss": "asym_l1",
  "T_eff": 9606,
  "num_links": 54,
  "models": {
    "LSTM": {
      "forecast": {
        "rmse_mean": 191.5669708251953,
        "mae_mean": 85.5995101928711,
        "mape_mean": 38.045307141763196,
        "smape_mean": 31.95588493347168
      },
      "operational": {
        "overload_rate": 0.0883302102852384,
        "sla_violation_rate": 0.0883302102852384,
        "over_provisioning_cost": 148853728.0,
        "asymmetric_op_cost": 161016976.0,
        "u_max_mean": 3.5474681854248047,
        "u_max_max": 10.253535270690918
      }
    }
  }
}