{
  "seed": 512,
  "dataset": "cesnet",
  "loss": "asym",
  "T_eff": 7624,
  "num_links": 20,
  "models": {
    "LSTM": {
      "forecast": {
        "rmse_mean": 37.775177001953125,
        "mae_mean": 30.88930892944336,
        "mape_mean": 180.63668251037598,
        "smape_mean": 70.49089050292969
      },
      "operational": {
        "overload_rate": 0.05004590766002098,
        "sla_violation_rate": 0.05004590766002098,
        "over_provisioning_cost": 11422348.0,
        "asymmetric_op_cost": 12654319.0,
        "u_max_mean": 6.020604610443115,
        "u_max_max": 11.234661102294922
      }
    },
    "LSTM_CQR": {
      "forecast": {
        "rmse_mean": null,
        "mae_mean": null,
        "mape_mean": null,
        "smape_mean": null
      },
      "operational": {
        "overload_rate": 0.011214585519412382,
        "sla_violation_rate": 0.011214585519412382,
        "over_provisioning_cost": 19470298.96527096,
        "asymmetric_op_cost": 19959783.72014805,
        "u_max_mean": 4.033970255254793,
        "u_max_max": 6.894690957063297
      },
      "calibration": {
        "method": "cqr",
        "target_alpha": 0.05,
        "qhat_mean": 19.52476133108139,
        "qhat_per_link": [
          57.553550720214844,
          49.117431640625,
          76.330322265625,
          20.965972900390625,
          3.4473562240600586,
          16.739078521728516,
          33.51194763183594,
          32.08907699584961,
          13.212316513061523,
          8.570240020751953,
          16.63420295715332,
          3.577975273132324,
          8.23867130279541,
          9.202144622802734,
          8.088508605957031,
          12.174840927124023,
          9.11865520477295,
          5.045660495758057,
          3.7699289321899414,
          3.10734486579895
        ],
        "coverage_overall": 0.9416120146904512,
        "mean_width": 105.82606506347656
      }
    },
    "LSTM_ACI": {
      "forecast": {
        "rmse_mean": null,
        "mae_mean": null,
        "mape_mean": null,
        "smape_mean": null
      },
      "operational": {
        "overload_rate": 0.00287906610703043,
        "sla_violation_rate": 0.00287906610703043,
        "over_provisioning_cost": 39537973.06247517,
        "asymmetric_op_cost": 39650067.128904305,
        "u_max_mean": 2.417432865603783,
        "u_max_max": 4.886706944537931
      },
      "calibration": {
        "method": "aci",
        "target_alpha": 0.05,
        "gamma": 0.005,
        "window": 500,
        "qhat_mean": 14.901976072788239,
        "alpha_final_mean": 0.04827510000000137,
        "coverage_overall": 0.9466684155299055,
        "mean_width": 105.72557830810547
      }
    }
  },
  "calibration": "both",
  "target_alpha": 0.05
}