{
  "seed": 271828,
  "dataset": "geant",
  "loss": "asym",
  "T_eff": 2083,
  "num_links": 58,
  "models": {
    "LSTM": {
      "forecast": {
        "rmse_mean": 2317.414794921875,
        "mae_mean": 2253.629150390625,
        "mape_mean": 940.3762445778682,
        "smape_mean": 135.4037322998047
      },
      "operational": {
        "overload_rate": 0.3335954442365951,
        "sla_violation_rate": 0.3335954442365951,
        "over_provisioning_cost": 220027904.0,
        "asymmetric_op_cost": 715407104.0,
        "u_max_mean": 223656680620032.0,
        "u_max_max": 2641998397833216.0
      }
    },
    "LSTM_CQR": {
      "forecast": {
        "rmse_mean": null,
        "mae_mean": null,
        "mape_mean": null,
        "smape_mean": null
      },
      "operational": {
        "overload_rate": 0.004047544158789544,
        "sla_violation_rate": 0.004047544158789544,
        "over_provisioning_cost": 383842227.77858245,
        "asymmetric_op_cost": 383976943.888626,
        "u_max_mean": 0.5904236340666015,
        "u_max_max": 1.8199315585271338
      },
      "calibration": {
        "method": "cqr",
        "target_alpha": 0.05,
        "qhat_mean": 1462.4940040409565,
        "qhat_per_link": [
          1566.7940673828125,
          687.1142578125,
          -1140.8873291015625,
          984.1995849609375,
          2451.56201171875,
          1574.363525390625,
          7151.783203125,
          1726.6748046875,
          6678.0380859375,
          -340.1107482910156,
          -103.607177734375,
          1073.8798828125,
          1874.958740234375,
          1076.5880126953125,
          2233.42431640625,
          88.481201171875,
          568.0885009765625,
          58.37220001220703,
          1224.6171875,
          -2581.651123046875,
          2296.062255859375,
          -1143.29150390625,
          389.8507080078125,
          4490.5419921875,
          562.280029296875,
          111.97093200683594,
          1033.5584716796875,
          3867.342529296875,
          274.1981201171875,
          -384.937255859375,
          14.278404235839844,
          654.8682250976562,
          261.39471435546875,
          22.25193977355957,
          1663.04052734375,
          13333.0234375,
          8889.34375,
          198.94155883789062,
          13.980728149414062,
          1194.744140625,
          64.30874633789062,
          0.7286528944969177,
          138.56031799316406,
          8069.74267578125,
          -406.3338623046875,
          160.01063537597656,
          7.970536231994629,
          1355.419921875,
          72.67337036132812,
          0.381320595741272,
          21.34228515625,
          2433.2724609375,
          445.4230651855469,
          54.89949035644531,
          -1.5487091541290283,
          28.05454444885254,
          346.081787109375,
          7437.5380859375
        ],
        "coverage_overall": 0.9572566093333554,
        "mean_width": 4144.25048828125
      }
    },
    "LSTM_ACI": {
      "forecast": {
        "rmse_mean": null,
        "mae_mean": null,
        "mape_mean": null,
        "smape_mean": null
      },
      "operational": {
        "overload_rate": 0.0002069296604698131,
        "sla_violation_rate": 0.0002069296604698131,
        "over_provisioning_cost": 342184488.29867065,
        "asymmetric_op_cost": 342185172.30993927,
        "u_max_mean": 0.5920244011289679,
        "u_max_max": 1.4565195441603112
      },
      "calibration": {
        "method": "aci",
        "target_alpha": 0.05,
        "gamma": 0.005,
        "window": 500,
        "qhat_mean": 1093.0241615171062,
        "alpha_final_mean": 0.07395332758620703,
        "coverage_overall": 0.9386743258231662,
        "mean_width": 3246.583251953125
      }
    }
  },
  "calibration": "both",
  "target_alpha": 0.05
}