{
  "seed": 2,
  "dataset": "abilene",
  "loss": "asym_l1",
  "T_eff": 9606,
  "num_links": 54,
  "models": {
    "LSTM": {
      "forecast": {
        "rmse_mean": 184.0343017578125,
        "mae_mean": 122.39981079101562,
        "mape_mean": 67.4821347837095,
        "smape_mean": 44.411746978759766
      },
      "operational": {
        "overload_rate": 0.05940924268011505,
        "sla_violation_rate": 0.05940924268011505,
        "over_provisioning_cost": 348655168.0,
        "asymmetric_op_cost": 388090912.0,
        "u_max_mean": 2.4045681953430176,
        "u_max_max": 8.152581214904785
      }
    }
  }
}