{
  "seed": 456,
  "dataset": "abilene",
  "loss": "asym",
  "T_eff": 9606,
  "num_links": 54,
  "models": {
    "LSTM": {
      "forecast": {
        "rmse_mean": 180.14219665527344,
        "mae_mean": 122.85610961914062,
        "mape_mean": 59.50428971537837,
        "smape_mean": 42.339359283447266
      },
      "operational": {
        "overload_rate": 0.05402680423500744,
        "sla_violation_rate": 0.05402680423500744,
        "over_provisioning_cost": 412959808.0,
        "asymmetric_op_cost": 449723232.0,
        "u_max_mean": 2.1866235733032227,
        "u_max_max": 7.455743789672852
      }
    },
    "LSTM_CQR": {
      "forecast": {
        "rmse_mean": null,
        "mae_mean": null,
        "mape_mean": null,
        "smape_mean": null
      },
      "operational": {
        "overload_rate": 0.03230619751544174,
        "sla_violation_rate": 0.03230619751544174,
        "over_provisioning_cost": 673682736.0408326,
        "asymmetric_op_cost": 694168928.3509847,
        "u_max_mean": 1.676650482082441,
        "u_max_max": 6.486257472885759
      },
      "calibration": {
        "method": "cqr",
        "target_alpha": 0.1,
        "qhat_mean": 45.945592924400614,
        "qhat_per_link": [
          1.0765304565429688,
          1.5197197198867798,
          53.01160430908203,
          12.910425186157227,
          75.73062133789062,
          74.83786010742188,
          88.37698364257812,
          69.07986450195312,
          7.9910430908203125,
          3.099700927734375,
          61.77799987792969,
          5.604061126708984,
          18.93646240234375,
          22.083219528198242,
          149.18106079101562,
          73.2921142578125,
          26.8436279296875,
          8.625484466552734,
          89.29049682617188,
          73.44055938720703,
          32.93659973144531,
          61.93035888671875,
          102.09654235839844,
          50.25153350830078,
          16.009429931640625,
          8.541839599609375,
          21.47162628173828,
          15.093169212341309,
          69.16337585449219,
          42.014404296875,
          1.1338077783584595,
          1.26943039894104,
          34.019378662109375,
          63.574737548828125,
          44.58988952636719,
          112.3441162109375,
          23.080841064453125,
          32.1810302734375,
          22.114360809326172,
          47.573524475097656,
          101.54210662841797,
          55.85595703125,
          18.75769805908203,
          20.97064971923828,
          104.769287109375,
          16.99127197265625,
          112.400146484375,
          60.83168029785156,
          10.45865249633789,
          9.96978759765625,
          22.01202392578125,
          6.4621734619140625,
          78.23416137695312,
          143.7069854736328
        ],
        "coverage_overall": 0.8435179401762787,
        "mean_width": 284.0885009765625
      }
    },
    "LSTM_ACI": {
      "forecast": {
        "rmse_mean": null,
        "mae_mean": null,
        "mape_mean": null,
        "smape_mean": null
      },
      "operational": {
        "overload_rate": 0.0005552085502116733,
        "sla_violation_rate": 0.0005552085502116733,
        "over_provisioning_cost": 873759454.7419645,
        "asymmetric_op_cost": 874186673.3498288,
        "u_max_mean": 1.0924306378699213,
        "u_max_max": 2.1169202130398177
      },
      "calibration": {
        "method": "aci",
        "target_alpha": 0.1,
        "gamma": 0.005,
        "window": 500,
        "qhat_mean": 72.40519348780315,
        "alpha_final_mean": 0.09895444444444453,
        "coverage_overall": 0.8945373647643062,
        "mean_width": 322.6735534667969
      }
    }
  },
  "calibration": "both",
  "target_alpha": 0.1
}