{
  "seed": 7,
  "dataset": "abilene",
  "loss": "asym",
  "T_eff": 9606,
  "num_links": 54,
  "models": {
    "DLinear": {
      "forecast": {
        "rmse_mean": 136.15354919433594,
        "mae_mean": 77.03789520263672,
        "mape_mean": 30.641178493146544,
        "smape_mean": 23.723140716552734
      },
      "operational": {
        "overload_rate": 7.711229864051018e-06,
        "sla_violation_rate": 7.711229864051018e-06,
        "over_provisioning_cost": 1497511552.0,
        "asymmetric_op_cost": 1497512448.0,
        "u_max_mean": 0.828991174697876,
        "u_max_max": 1.03438138961792
      }
    },
    "iTransformer": {
      "forecast": {
        "rmse_mean": 75.46806335449219,
        "mae_mean": 32.05227279663086,
        "mape_mean": 16.95019073839541,
        "smape_mean": 13.701885223388672
      },
      "operational": {
        "overload_rate": 0.0,
        "sla_violation_rate": 0.0,
        "over_provisioning_cost": 1443224064.0,
        "asymmetric_op_cost": 1443224064.0,
        "u_max_mean": 0.7601496577262878,
        "u_max_max": 0.8896605372428894
      }
    }
  }
}