{
  "seed": 123,
  "dataset": "abilene",
  "loss": "asym",
  "T_eff": 9606,
  "num_links": 54,
  "models": {
    "LSTM": {
      "forecast": {
        "rmse_mean": 166.43206787109375,
        "mae_mean": 127.88616943359375,
        "mape_mean": 63.456435185891614,
        "smape_mean": 43.462158203125
      },
      "operational": {
        "overload_rate": 0.0608531704721586,
        "sla_violation_rate": 0.0608531704721586,
        "over_provisioning_cost": 475233152.0,
        "asymmetric_op_cost": 506003968.0,
        "u_max_mean": 2.1442081928253174,
        "u_max_max": 7.332832336425781
      }
    },
    "LSTM_CQR": {
      "forecast": {
        "rmse_mean": null,
        "mae_mean": null,
        "mape_mean": null,
        "smape_mean": null
      },
      "operational": {
        "overload_rate": 0.04216693270409698,
        "sla_violation_rate": 0.04216693270409698,
        "over_provisioning_cost": 538020268.7815324,
        "asymmetric_op_cost": 568882757.9585973,
        "u_max_mean": 1.9168229280987237,
        "u_max_max": 6.643637142938979
      },
      "calibration": {
        "method": "cqr",
        "target_alpha": 0.1,
        "qhat_mean": 54.26230112711588,
        "qhat_per_link": [
          1.1427993774414062,
          0.543595552444458,
          67.63846588134766,
          11.865499496459961,
          85.65872955322266,
          79.0162353515625,
          84.231201171875,
          64.22930908203125,
          25.252220153808594,
          21.8310546875,
          76.05061340332031,
          7.283605575561523,
          56.223594665527344,
          18.707542419433594,
          143.07415771484375,
          70.68106079101562,
          65.234375,
          -10.336658477783203,
          90.6898193359375,
          81.49862670898438,
          48.866851806640625,
          112.2840576171875,
          105.06434631347656,
          54.68141174316406,
          43.36192321777344,
          10.42258071899414,
          33.553077697753906,
          15.71263599395752,
          95.76052856445312,
          63.1097412109375,
          1.055896520614624,
          0.4434051513671875,
          30.60858917236328,
          54.1317138671875,
          38.225242614746094,
          108.18292236328125,
          26.689788818359375,
          43.50981140136719,
          20.958215713500977,
          17.643348693847656,
          65.93522644042969,
          42.384979248046875,
          16.37274169921875,
          23.050621032714844,
          121.77609252929688,
          103.5087890625,
          151.56643676757812,
          68.42913818359375,
          24.01154327392578,
          13.959144592285156,
          31.069969177246094,
          21.3282470703125,
          119.01333618164062,
          162.97605895996094
        ],
        "coverage_overall": 0.8370887022771262,
        "mean_width": 264.11431884765625
      }
    },
    "LSTM_ACI": {
      "forecast": {
        "rmse_mean": null,
        "mae_mean": null,
        "mape_mean": null,
        "smape_mean": null
      },
      "operational": {
        "overload_rate": 0.000541713897949584,
        "sla_violation_rate": 0.000541713897949584,
        "over_provisioning_cost": 811628271.8301221,
        "asymmetric_op_cost": 812379067.1486112,
        "u_max_mean": 1.130679810047982,
        "u_max_max": 2.001841232309835
      },
      "calibration": {
        "method": "aci",
        "target_alpha": 0.1,
        "gamma": 0.005,
        "window": 500,
        "qhat_mean": 93.78294929751644,
        "alpha_final_mean": 0.09476933333333344,
        "coverage_overall": 0.8944274797387435,
        "mean_width": 325.2317199707031
      }
    }
  },
  "calibration": "both",
  "target_alpha": 0.1
}