{
  "seed": 31337,
  "dataset": "geant",
  "loss": "mse",
  "T_eff": 2083,
  "num_links": 58,
  "models": {
    "LSTM": {
      "forecast": {
        "rmse_mean": 2110.49462890625,
        "mae_mean": 2058.79638671875,
        "mape_mean": 706.8254436295608,
        "smape_mean": 129.50413513183594
      },
      "operational": {
        "overload_rate": 0.26121972619067324,
        "sla_violation_rate": 0.26121972619067324,
        "over_provisioning_cost": 246828800.0,
        "asymmetric_op_cost": 281048576.0,
        "u_max_mean": 139409965973504.0,
        "u_max_max": 2077203353305088.0
      }
    }
  }
}