{
  "seed": 271828,
  "dataset": "geant",
  "loss": "asym",
  "T_eff": 2083,
  "num_links": 58,
  "models": {
    "DLinear": {
      "forecast": {
        "rmse_mean": 7305.0693359375,
        "mae_mean": 7294.49169921875,
        "mape_mean": 2477.2368908915028,
        "smape_mean": 141.4366455078125
      },
      "operational": {
        "overload_rate": 6.62174913503402e-05,
        "sla_violation_rate": 6.62174913503402e-05,
        "over_provisioning_cost": 1077653632.0,
        "asymmetric_op_cost": 1077654016.0,
        "u_max_mean": 0.3587900400161743,
        "u_max_max": 1.2873814105987549
      }
    },
    "iTransformer": {
      "forecast": {
        "rmse_mean": 146.44749450683594,
        "mae_mean": 108.24856567382812,
        "mape_mean": 40.62108391728894,
        "smape_mean": 30.99319076538086
      },
      "operational": {
        "overload_rate": 0.004254473819259357,
        "sla_violation_rate": 0.004254473819259357,
        "over_provisioning_cost": 65742088.0,
        "asymmetric_op_cost": 66017964.0,
        "u_max_mean": 1.1807974576950073,
        "u_max_max": 3.052154779434204
      }
    }
  }
}