{
  "seed": 1,
  "dataset": "cesnet",
  "loss": "mse",
  "T_eff": 7624,
  "num_links": 20,
  "models": {
    "DLinear": {
      "forecast": {
        "rmse_mean": 24.04452896118164,
        "mae_mean": 14.114224433898926,
        "mape_mean": 53.79679985046387,
        "smape_mean": 39.02424240112305
      },
      "operational": {
        "overload_rate": 0.0030561385099685204,
        "sla_violation_rate": 0.0030561385099685204,
        "over_provisioning_cost": 32454260.0,
        "asymmetric_op_cost": 32484098.0,
        "u_max_mean": 2.569098949432373,
        "u_max_max": 6.059189796447754
      }
    },
    "iTransformer": {
      "forecast": {
        "rmse_mean": 23.641315460205078,
        "mae_mean": 13.038414001464844,
        "mape_mean": 39.92562351226807,
        "smape_mean": 35.647796630859375
      },
      "operational": {
        "overload_rate": 0.004807187827911857,
        "sla_violation_rate": 0.004807187827911857,
        "over_provisioning_cost": 30961632.0,
        "asymmetric_op_cost": 30999738.0,
        "u_max_mean": 2.916095733642578,
        "u_max_max": 6.294699668884277
      }
    }
  }
}