{
  "num_seeds": 5,
  "seeds": [
    42,
    123,
    456,
    789,
    1024
  ],
  "dataset": "abilene",
  "loss": "asym",
  "per_seed": [
    {
      "seed": 42,
      "dataset": "abilene",
      "loss": "asym",
      "T_eff": 9606,
      "num_links": 54,
      "models": {
        "LSTM": {
          "forecast": {
            "rmse_mean": 174.84902954101562,
            "mae_mean": 121.463134765625,
            "mape_mean": 68.22104657137835,
            "smape_mean": 43.48001480102539
          },
          "operational": {
            "overload_rate": 0.008586454453620808,
            "sla_violation_rate": 0.008586454453620808,
            "over_provisioning_cost": 1115254272.0,
            "asymmetric_op_cost": 1159762048.0,
            "u_max_mean": 1.0918983221054077,
            "u_max_max": 3.22153377532959
          }
        }
      }
    },
    {
      "seed": 123,
      "dataset": "abilene",
      "loss": "asym",
      "T_eff": 9606,
      "num_links": 54,
      "models": {
        "LSTM": {
          "forecast": {
            "rmse_mean": 162.4525604248047,
            "mae_mean": 116.60752868652344,
            "mape_mean": 69.07939041985406,
            "smape_mean": 44.000587463378906
          },
          "operational": {
            "overload_rate": 0.004277804767082302,
            "sla_violation_rate": 0.004277804767082302,
            "over_provisioning_cost": 1000129728.0,
            "asymmetric_op_cost": 1025836160.0,
            "u_max_mean": 1.0732277631759644,
            "u_max_max": 3.1799023151397705
          }
        }
      }
    },
    {
      "seed": 456,
      "dataset": "abilene",
      "loss": "asym",
      "T_eff": 9606,
      "num_links": 54,
      "models": {
        "LSTM": {
          "forecast": {
            "rmse_mean": 245.42433166503906,
            "mae_mean": 172.97879028320312,
            "mape_mean": 92.46529663933649,
            "smape_mean": 50.99940490722656
          },
          "operational": {
            "overload_rate": 0.0062229625002891715,
            "sla_violation_rate": 0.0062229625002891715,
            "over_provisioning_cost": 1116230784.0,
            "asymmetric_op_cost": 1145241088.0,
            "u_max_mean": 1.0533093214035034,
            "u_max_max": 3.4955246448516846
          }
        }
      }
    },
    {
      "seed": 789,
      "dataset": "abilene",
      "loss": "asym",
      "T_eff": 9606,
      "num_links": 54,
      "models": {
        "LSTM": {
          "forecast": {
            "rmse_mean": 167.0546112060547,
            "mae_mean": 121.01317596435547,
            "mape_mean": 71.37249084755227,
            "smape_mean": 45.50252914428711
          },
          "operational": {
            "overload_rate": 0.007084692437596872,
            "sla_violation_rate": 0.007084692437596872,
            "over_provisioning_cost": 1051263872.0,
            "asymmetric_op_cost": 1089598848.0,
            "u_max_mean": 1.0675160884857178,
            "u_max_max": 2.9809305667877197
          }
        }
      }
    },
    {
      "seed": 1024,
      "dataset": "abilene",
      "loss": "asym",
      "T_eff": 9606,
      "num_links": 54,
      "models": {
        "LSTM": {
          "forecast": {
            "rmse_mean": 191.18215942382812,
            "mae_mean": 130.65126037597656,
            "mape_mean": 71.7795554973461,
            "smape_mean": 43.302066802978516
          },
          "operational": {
            "overload_rate": 0.006774315435568819,
            "sla_violation_rate": 0.006774315435568819,
            "over_provisioning_cost": 1039941632.0,
            "asymmetric_op_cost": 1085564672.0,
            "u_max_mean": 1.0989693403244019,
            "u_max_max": 3.491428852081299
          }
        }
      }
    }
  ],
  "models": {
    "LSTM": {
      "forecast": {
        "rmse_mean": {
          "mean": 188.19253845214843,
          "std": 30.23846442889636,
          "min": 162.4525604248047,
          "max": 245.42433166503906,
          "values": [
            174.84902954101562,
            162.4525604248047,
            245.42433166503906,
            167.0546112060547,
            191.18215942382812
          ]
        },
        "mae_mean": {
          "mean": 132.54277801513672,
          "std": 20.728103223755767,
          "min": 116.60752868652344,
          "max": 172.97879028320312,
          "values": [
            121.463134765625,
            116.60752868652344,
            172.97879028320312,
            121.01317596435547,
            130.65126037597656
          ]
        },
        "mape_mean": {
          "mean": 74.58355599509346,
          "std": 9.041099175295095,
          "min": 68.22104657137835,
          "max": 92.46529663933649,
          "values": [
            68.22104657137835,
            69.07939041985406,
            92.46529663933649,
            71.37249084755227,
            71.7795554973461
          ]
        },
        "smape_mean": {
          "mean": 45.4569206237793,
          "std": 2.8772789251145836,
          "min": 43.302066802978516,
          "max": 50.99940490722656,
          "values": [
            43.48001480102539,
            44.000587463378906,
            50.99940490722656,
            45.50252914428711,
            43.302066802978516
          ]
        }
      },
      "operational": {
        "overload_rate": {
          "mean": 0.006589245918831595,
          "std": 0.0013961005444534486,
          "min": 0.004277804767082302,
          "max": 0.008586454453620808,
          "values": [
            0.008586454453620808,
            0.004277804767082302,
            0.0062229625002891715,
            0.007084692437596872,
            0.006774315435568819
          ]
        },
        "sla_violation_rate": {
          "mean": 0.006589245918831595,
          "std": 0.0013961005444534486,
          "min": 0.004277804767082302,
          "max": 0.008586454453620808,
          "values": [
            0.008586454453620808,
            0.004277804767082302,
            0.0062229625002891715,
            0.007084692437596872,
            0.006774315435568819
          ]
        },
        "over_provisioning_cost": {
          "mean": 1064564057.6,
          "std": 45108513.74903377,
          "min": 1000129728.0,
          "max": 1116230784.0,
          "values": [
            1115254272.0,
            1000129728.0,
            1116230784.0,
            1051263872.0,
            1039941632.0
          ]
        },
        "asymmetric_op_cost": {
          "mean": 1101200563.2,
          "std": 47807717.96589409,
          "min": 1025836160.0,
          "max": 1159762048.0,
          "values": [
            1159762048.0,
            1025836160.0,
            1145241088.0,
            1089598848.0,
            1085564672.0
          ]
        },
        "u_max_mean": {
          "mean": 1.076984167098999,
          "std": 0.016553146305593663,
          "min": 1.0533093214035034,
          "max": 1.0989693403244019,
          "values": [
            1.0918983221054077,
            1.0732277631759644,
            1.0533093214035034,
            1.0675160884857178,
            1.0989693403244019
          ]
        },
        "u_max_max": {
          "mean": 3.2738640308380127,
          "std": 0.1968985288246611,
          "min": 2.9809305667877197,
          "max": 3.4955246448516846,
          "values": [
            3.22153377532959,
            3.1799023151397705,
            3.4955246448516846,
            2.9809305667877197,
            3.491428852081299
          ]
        }
      }
    }
  }
}