{
  "seed": 123,
  "dataset": "abilene",
  "loss": "asym",
  "T_eff": 9606,
  "num_links": 54,
  "models": {
    "DLinear": {
      "forecast": {
        "rmse_mean": 100.00847625732422,
        "mae_mean": 52.73103713989258,
        "mape_mean": 21.85244721836514,
        "smape_mean": 18.062211990356445
      },
      "operational": {
        "overload_rate": 3.855614932025509e-06,
        "sla_violation_rate": 3.855614932025509e-06,
        "over_provisioning_cost": 1359205120.0,
        "asymmetric_op_cost": 1359205376.0,
        "u_max_mean": 0.8553639054298401,
        "u_max_max": 1.0328947305679321
      }
    },
    "iTransformer": {
      "forecast": {
        "rmse_mean": 61.30624008178711,
        "mae_mean": 23.91829490661621,
        "mape_mean": 13.153785996966892,
        "smape_mean": 11.274436950683594
      },
      "operational": {
        "overload_rate": 0.0,
        "sla_violation_rate": 0.0,
        "over_provisioning_cost": 1561495424.0,
        "asymmetric_op_cost": 1561495424.0,
        "u_max_mean": 0.7567600607872009,
        "u_max_max": 0.9445105791091919
      }
    }
  }
}