{
  "seed": 456,
  "dataset": "cesnet",
  "loss": "asym",
  "T_eff": 7624,
  "num_links": 20,
  "models": {
    "DLinear": {
      "forecast": {
        "rmse_mean": 79.06776428222656,
        "mae_mean": 71.38169860839844,
        "mape_mean": 352.363298034668,
        "smape_mean": 104.766845703125
      },
      "operational": {
        "overload_rate": 0.00014428121720881426,
        "sla_violation_rate": 0.00014428121720881426,
        "over_provisioning_cost": 79516792.0,
        "asymmetric_op_cost": 79653344.0,
        "u_max_mean": 1.1117801666259766,
        "u_max_max": 1.7124093770980835
      }
    },
    "iTransformer": {
      "forecast": {
        "rmse_mean": 77.10660552978516,
        "mae_mean": 61.34949493408203,
        "mape_mean": 284.7314033508301,
        "smape_mean": 95.62046813964844
      },
      "operational": {
        "overload_rate": 5.246589716684155e-05,
        "sla_violation_rate": 5.246589716684155e-05,
        "over_provisioning_cost": 97415840.0,
        "asymmetric_op_cost": 97448864.0,
        "u_max_mean": 0.8910215497016907,
        "u_max_max": 1.1994800567626953
      }
    }
  }
}