{
  "seed": 42,
  "dataset": "geant",
  "loss": "asym_l1",
  "T_eff": 2083,
  "num_links": 58,
  "models": {
    "DLinear": {
      "forecast": {
        "rmse_mean": 203.35548400878906,
        "mae_mean": 186.2860870361328,
        "mape_mean": 77.79978949448159,
        "smape_mean": 45.64093780517578
      },
      "operational": {
        "overload_rate": 0.0036336848378499182,
        "sla_violation_rate": 0.0036336848378499182,
        "over_provisioning_cost": 72400888.0,
        "asymmetric_op_cost": 72591848.0,
        "u_max_mean": 0.994118332862854,
        "u_max_max": 2.4943997859954834
      }
    },
    "iTransformer": {
      "forecast": {
        "rmse_mean": 63.63142013549805,
        "mae_mean": 48.33308410644531,
        "mape_mean": 19.600619439421028,
        "smape_mean": 17.47992515563965
      },
      "operational": {
        "overload_rate": 3.31087456751701e-05,
        "sla_violation_rate": 3.31087456751701e-05,
        "over_provisioning_cost": 89849984.0,
        "asymmetric_op_cost": 89850040.0,
        "u_max_mean": 0.8915497064590454,
        "u_max_max": 1.5013433694839478
      }
    }
  }
}