{
  "seed": 1,
  "dataset": "cesnet",
  "loss": "asym",
  "T_eff": 7624,
  "num_links": 20,
  "models": {
    "DLinear": {
      "forecast": {
        "rmse_mean": 45.12322235107422,
        "mae_mean": 38.5560302734375,
        "mape_mean": 184.5730770111084,
        "smape_mean": 77.74095153808594
      },
      "operational": {
        "overload_rate": 0.00046563483735571876,
        "sla_violation_rate": 0.00046563483735571876,
        "over_provisioning_cost": 58007404.0,
        "asymmetric_op_cost": 58096752.0,
        "u_max_mean": 1.4650638103485107,
        "u_max_max": 2.064373254776001
      }
    },
    "iTransformer": {
      "forecast": {
        "rmse_mean": 42.437923431396484,
        "mae_mean": 31.9164981842041,
        "mape_mean": 134.6557888031006,
        "smape_mean": 66.09352111816406
      },
      "operational": {
        "overload_rate": 0.00050498426023085,
        "sla_violation_rate": 0.00050498426023085,
        "over_provisioning_cost": 57053440.0,
        "asymmetric_op_cost": 57151632.0,
        "u_max_mean": 1.4746620655059814,
        "u_max_max": 2.035209894180298
      }
    }
  }
}