{
  "seed": 3,
  "dataset": "geant",
  "loss": "asym",
  "T_eff": 2083,
  "num_links": 58,
  "models": {
    "LSTM": {
      "forecast": {
        "rmse_mean": 3264.89794921875,
        "mae_mean": 3214.603271484375,
        "mape_mean": 1161.5127388526653,
        "smape_mean": 139.8446807861328
      },
      "operational": {
        "overload_rate": 0.24027844455112818,
        "sla_violation_rate": 0.24027844455112818,
        "over_provisioning_cost": 430602176.0,
        "asymmetric_op_cost": 708246848.0,
        "u_max_mean": 170888125218816.0,
        "u_max_max": 2318928273473536.0
      }
    },
    "LSTM_CQR": {
      "forecast": {
        "rmse_mean": null,
        "mae_mean": null,
        "mape_mean": null,
        "smape_mean": null
      },
      "operational": {
        "overload_rate": 0.01186948532454848,
        "sla_violation_rate": 0.01186948532454848,
        "over_provisioning_cost": 412107218.7100867,
        "asymmetric_op_cost": 412498513.38176525,
        "u_max_mean": 0.8102472489545055,
        "u_max_max": 2.8685393495211366
      },
      "calibration": {
        "method": "cqr",
        "target_alpha": 0.1,
        "qhat_mean": 1515.0381527676664,
        "qhat_per_link": [
          244.1748046875,
          120.97320556640625,
          5860.5244140625,
          272.5499267578125,
          4285.7900390625,
          3695.40625,
          -417.6122131347656,
          7296.9921875,
          5472.4658203125,
          3835.719482421875,
          866.609619140625,
          759.8593139648438,
          6348.8369140625,
          971.5457763671875,
          2055.598388671875,
          8118.673828125,
          84.1353759765625,
          -108.36738586425781,
          1634.314697265625,
          -3804.75439453125,
          8651.6962890625,
          631.1212158203125,
          374.8420104980469,
          -656.5560302734375,
          262.09405517578125,
          39.9688720703125,
          1902.9803466796875,
          2133.6171875,
          2040.1529541015625,
          294.52349853515625,
          17.859786987304688,
          -182.89450073242188,
          49.4595947265625,
          10.720333099365234,
          1503.812255859375,
          3243.484130859375,
          9384.8828125,
          120.84335327148438,
          8.77116870880127,
          2632.984375,
          291.8372802734375,
          0.42495793104171753,
          303.2290344238281,
          10373.51953125,
          790.0692138671875,
          190.7096710205078,
          5.849062442779541,
          -309.0942077636719,
          -52.707637786865234,
          1.0989420413970947,
          72.71121978759766,
          54.97509765625,
          416.38623046875,
          42.54180908203125,
          21.200695037841797,
          9.526458740234375,
          -572.242431640625,
          -3825.621826171875
        ],
        "coverage_overall": 0.908123230751403,
        "mean_width": 5103.16357421875
      }
    },
    "LSTM_ACI": {
      "forecast": {
        "rmse_mean": null,
        "mae_mean": null,
        "mape_mean": null,
        "smape_mean": null
      },
      "operational": {
        "overload_rate": 0.0020279106726041685,
        "sla_violation_rate": 0.0020279106726041685,
        "over_provisioning_cost": 381128258.0192956,
        "asymmetric_op_cost": 381155399.83656013,
        "u_max_mean": 0.7428329038991683,
        "u_max_max": 2.3392480440398624
      },
      "calibration": {
        "method": "aci",
        "target_alpha": 0.1,
        "gamma": 0.005,
        "window": 500,
        "qhat_mean": 1209.1524451847733,
        "alpha_final_mean": 0.11875910344827592,
        "coverage_overall": 0.877125167613025,
        "mean_width": 4432.03857421875
      }
    }
  },
  "calibration": "both",
  "target_alpha": 0.1
}