{
  "seed": 3,
  "dataset": "geant",
  "loss": "asym",
  "T_eff": 2083,
  "num_links": 58,
  "models": {
    "LSTM": {
      "forecast": {
        "rmse_mean": 2891.552734375,
        "mae_mean": 2865.1337890625,
        "mape_mean": 1029.7258768410518,
        "smape_mean": 131.09353637695312
      },
      "operational": {
        "overload_rate": 0.29033059082556656,
        "sla_violation_rate": 0.29033059082556656,
        "over_provisioning_cost": 326645312.0,
        "asymmetric_op_cost": 479199840.0,
        "u_max_mean": 160430014070784.0,
        "u_max_max": 2318928273473536.0
      }
    }
  }
}