{
  "seed": 3,
  "dataset": "geant",
  "loss": "asym",
  "T_eff": 2083,
  "num_links": 58,
  "models": {
    "DLinear": {
      "forecast": {
        "rmse_mean": 1772.64501953125,
        "mae_mean": 1760.534912109375,
        "mape_mean": 681.8480457437449,
        "smape_mean": 106.07750701904297
      },
      "operational": {
        "overload_rate": 0.038803449931299354,
        "sla_violation_rate": 0.038803449931299354,
        "over_provisioning_cost": 251886240.0,
        "asymmetric_op_cost": 255213968.0,
        "u_max_mean": 0.7651097774505615,
        "u_max_max": 2.418485641479492
      }
    },
    "iTransformer": {
      "forecast": {
        "rmse_mean": 109.02095031738281,
        "mae_mean": 82.41921997070312,
        "mape_mean": 26.908604112164728,
        "smape_mean": 24.295642852783203
      },
      "operational": {
        "overload_rate": 0.014369195623023821,
        "sla_violation_rate": 0.014369195623023821,
        "over_provisioning_cost": 54780808.0,
        "asymmetric_op_cost": 54953712.0,
        "u_max_mean": 1.3318073749542236,
        "u_max_max": 4.268741130828857
      }
    }
  }
}