{
  "seed": 42,
  "dataset": "abilene",
  "loss": "asym_l1",
  "T_eff": 9606,
  "num_links": 54,
  "models": {
    "LSTM": {
      "forecast": {
        "rmse_mean": 184.21212768554688,
        "mae_mean": 88.75857543945312,
        "mape_mean": 42.57641428488272,
        "smape_mean": 34.39560317993164
      },
      "operational": {
        "overload_rate": 0.0816966247946885,
        "sla_violation_rate": 0.0816966247946885,
        "over_provisioning_cost": 224932320.0,
        "asymmetric_op_cost": 247329200.0,
        "u_max_mean": 2.9065277576446533,
        "u_max_max": 9.027584075927734
      }
    }
  }
}