{
  "seed": 42,
  "dataset": "abilene",
  "loss": "asym_l1",
  "T_eff": 9606,
  "num_links": 54,
  "models": {
    "DLinear": {
      "forecast": {
        "rmse_mean": 43.11762237548828,
        "mae_mean": 17.24242401123047,
        "mape_mean": 9.157447585353145,
        "smape_mean": 8.584060668945312
      },
      "operational": {
        "overload_rate": 1.1566844796076525e-05,
        "sla_violation_rate": 1.1566844796076525e-05,
        "over_provisioning_cost": 1079942400.0,
        "asymmetric_op_cost": 1079942656.0,
        "u_max_mean": 0.9321028590202332,
        "u_max_max": 1.0837349891662598
      }
    },
    "iTransformer": {
      "forecast": {
        "rmse_mean": 48.27254867553711,
        "mae_mean": 18.199169158935547,
        "mape_mean": 9.393032316808346,
        "smape_mean": 8.752625465393066
      },
      "operational": {
        "overload_rate": 7.711229864051018e-06,
        "sla_violation_rate": 7.711229864051018e-06,
        "over_provisioning_cost": 1200141696.0,
        "asymmetric_op_cost": 1200141824.0,
        "u_max_mean": 0.8848745822906494,
        "u_max_max": 1.0951765775680542
      }
    }
  }
}