{
  "seed": 456,
  "dataset": "abilene",
  "loss": "asym_l1",
  "T_eff": 9606,
  "num_links": 54,
  "models": {
    "LSTM": {
      "forecast": {
        "rmse_mean": 190.71534729003906,
        "mae_mean": 116.58203125,
        "mape_mean": 63.54932986365424,
        "smape_mean": 42.504756927490234
      },
      "operational": {
        "overload_rate": 0.05818894055412898,
        "sla_violation_rate": 0.05818894055412898,
        "over_provisioning_cost": 349302912.0,
        "asymmetric_op_cost": 394322496.0,
        "u_max_mean": 2.3054311275482178,
        "u_max_max": 7.998007774353027
      }
    }
  }
}