{
  "seed": 456,
  "dataset": "abilene",
  "loss": "asym_l1",
  "T_eff": 9606,
  "num_links": 54,
  "models": {
    "DLinear": {
      "forecast": {
        "rmse_mean": 46.469242095947266,
        "mae_mean": 21.407983779907227,
        "mape_mean": 12.242396504790694,
        "smape_mean": 11.02761459350586
      },
      "operational": {
        "overload_rate": 9.639037330063772e-06,
        "sla_violation_rate": 9.639037330063772e-06,
        "over_provisioning_cost": 1100506496.0,
        "asymmetric_op_cost": 1100506752.0,
        "u_max_mean": 0.9127057194709778,
        "u_max_max": 1.036605954170227
      }
    },
    "iTransformer": {
      "forecast": {
        "rmse_mean": 55.47734069824219,
        "mae_mean": 22.71727180480957,
        "mape_mean": 12.27766509409304,
        "smape_mean": 10.720707893371582
      },
      "operational": {
        "overload_rate": 0.0,
        "sla_violation_rate": 0.0,
        "over_provisioning_cost": 1266081792.0,
        "asymmetric_op_cost": 1266081792.0,
        "u_max_mean": 0.8027896285057068,
        "u_max_max": 0.9134989976882935
      }
    }
  }
}