{
  "seed": 42,
  "dataset": "abilene",
  "loss": "asym_l1",
  "T_eff": 9606,
  "num_links": 54,
  "models": {
    "LSTM": {
      "forecast": {
        "rmse_mean": 219.66575622558594,
        "mae_mean": 135.12831115722656,
        "mape_mean": 79.50915054038718,
        "smape_mean": 47.777854919433594
      },
      "operational": {
        "overload_rate": 0.005565580154378822,
        "sla_violation_rate": 0.005565580154378822,
        "over_provisioning_cost": 1142767872.0,
        "asymmetric_op_cost": 1180498816.0,
        "u_max_mean": 1.0512722730636597,
        "u_max_max": 3.2921347618103027
      }
    }
  }
}