{
  "seed": 42,
  "dataset": "abilene",
  "loss": "asym_l1",
  "T_eff": 9606,
  "num_links": 54,
  "models": {
    "LSTM": {
      "forecast": {
        "rmse_mean": 292.6046447753906,
        "mae_mean": 271.1053466796875,
        "mape_mean": 165.36646118870487,
        "smape_mean": 74.14237976074219
      },
      "operational": {
        "overload_rate": 0.02323586338785173,
        "sla_violation_rate": 0.02323586338785173,
        "over_provisioning_cost": 834119616.0,
        "asymmetric_op_cost": 1121518080.0,
        "u_max_mean": 1.422522783279419,
        "u_max_max": 7.073019027709961
      }
    }
  }
}