{
  "seed": 42,
  "dataset": "abilene",
  "loss": "asym_l1",
  "T_eff": 9606,
  "num_links": 54,
  "models": {
    "DLinear": {
      "forecast": {
        "rmse_mean": 226.51182556152344,
        "mae_mean": 139.0511932373047,
        "mape_mean": 56.35395516289605,
        "smape_mean": 39.03176498413086
      },
      "operational": {
        "overload_rate": 0.0,
        "sla_violation_rate": 0.0,
        "over_provisioning_cost": 1899590656.0,
        "asymmetric_op_cost": 1899590656.0,
        "u_max_mean": 0.7263159155845642,
        "u_max_max": 0.9405465126037598
      }
    },
    "iTransformer": {
      "forecast": {
        "rmse_mean": 196.12042236328125,
        "mae_mean": 96.32595825195312,
        "mape_mean": 48.75469267809832,
        "smape_mean": 32.03384017944336
      },
      "operational": {
        "overload_rate": 0.0,
        "sla_violation_rate": 0.0,
        "over_provisioning_cost": 2110721792.0,
        "asymmetric_op_cost": 2110721792.0,
        "u_max_mean": 0.5419849753379822,
        "u_max_max": 0.8207747340202332
      }
    }
  }
}