{
  "seed": 65521,
  "dataset": "geant",
  "loss": "asym",
  "T_eff": 2083,
  "num_links": 58,
  "models": {
    "LSTM": {
      "forecast": {
        "rmse_mean": 2921.916748046875,
        "mae_mean": 2828.645263671875,
        "mape_mean": 1132.1321148050242,
        "smape_mean": 138.6431884765625
      },
      "operational": {
        "overload_rate": 0.14081977254291722,
        "sla_violation_rate": 0.14081977254291722,
        "over_provisioning_cost": 442428896.0,
        "asymmetric_op_cost": 902393088.0,
        "u_max_mean": 61422599929856.0,
        "u_max_max": 1721138753306624.0
      }
    },
    "LSTM_CQR": {
      "forecast": {
        "rmse_mean": null,
        "mae_mean": null,
        "mape_mean": null,
        "smape_mean": null
      },
      "operational": {
        "overload_rate": 0.02006389987915308,
        "sla_violation_rate": 0.02006389987915308,
        "over_provisioning_cost": 137329974.19818532,
        "asymmetric_op_cost": 138194424.01303422,
        "u_max_mean": 1.0183157883766034,
        "u_max_max": 3.7922034054111244
      },
      "calibration": {
        "method": "cqr",
        "target_alpha": 0.2,
        "qhat_mean": -67.26750211571824,
        "qhat_per_link": [
          1428.2349853515625,
          -43.0281982421875,
          6536.0458984375,
          418.8118591308594,
          1510.8228759765625,
          652.0733642578125,
          3786.749755859375,
          -2442.885986328125,
          -4898.193359375,
          183.6077880859375,
          1981.452392578125,
          -1182.556884765625,
          -234.2667236328125,
          129.4789276123047,
          -340.6569519042969,
          -1904.5821533203125,
          369.183837890625,
          53.353240966796875,
          641.826904296875,
          783.6405639648438,
          -2570.490478515625,
          2143.91748046875,
          321.5299072265625,
          99.356689453125,
          456.1868896484375,
          31.962997436523438,
          2127.64892578125,
          1092.5028076171875,
          -2247.433349609375,
          -606.2062377929688,
          6.618083953857422,
          263.535400390625,
          -6.062255859375,
          0.08941268920898438,
          1508.1785888671875,
          -3885.967529296875,
          -1363.2218017578125,
          -90.64315795898438,
          -0.02929401397705078,
          2252.86962890625,
          13.87347412109375,
          0.1471298336982727,
          132.5311279296875,
          -5669.87744140625,
          -313.75762939453125,
          54.547332763671875,
          3.7750930786132812,
          -474.34375,
          -14.410163879394531,
          1.4770210981369019,
          87.67707824707031,
          -2685.04833984375,
          -254.85101318359375,
          39.137969970703125,
          -9.206586837768555,
          5.957851409912109,
          304.6162109375,
          -2087.21533203125
        ],
        "coverage_overall": 0.8059496415978281,
        "mean_width": 2358.364990234375
      }
    },
    "LSTM_ACI": {
      "forecast": {
        "rmse_mean": null,
        "mae_mean": null,
        "mape_mean": null,
        "smape_mean": null
      },
      "operational": {
        "overload_rate": 0.005669872696872879,
        "sla_violation_rate": 0.005669872696872879,
        "over_provisioning_cost": 135514781.81969726,
        "asymmetric_op_cost": 135618610.8285483,
        "u_max_mean": 0.9263859317798723,
        "u_max_max": 3.532234269734803
      },
      "calibration": {
        "method": "aci",
        "target_alpha": 0.2,
        "gamma": 0.005,
        "window": 500,
        "qhat_mean": -154.35452303418825,
        "alpha_final_mean": 0.21808637931034483,
        "coverage_overall": 0.7536957637359909,
        "mean_width": 2063.71533203125
      }
    }
  },
  "calibration": "both",
  "target_alpha": 0.2
}