{
  "seed": 42,
  "dataset": "cesnet",
  "loss": "asym",
  "T_eff": 7624,
  "num_links": 20,
  "models": {
    "DLinear": {
      "forecast": {
        "rmse_mean": 25.34037971496582,
        "mae_mean": 16.596389770507812,
        "mape_mean": 70.95438299179077,
        "smape_mean": 44.83098602294922
      },
      "operational": {
        "overload_rate": 0.001993704092339979,
        "sla_violation_rate": 0.001993704092339979,
        "over_provisioning_cost": 37256816.0,
        "asymmetric_op_cost": 37296728.0,
        "u_max_mean": 2.2687859535217285,
        "u_max_max": 5.16981840133667
      }
    },
    "iTransformer": {
      "forecast": {
        "rmse_mean": 24.63622283935547,
        "mae_mean": 15.088737487792969,
        "mape_mean": 52.834572887420656,
        "smape_mean": 39.07866668701172
      },
      "operational": {
        "overload_rate": 0.002675760755508919,
        "sla_violation_rate": 0.002675760755508919,
        "over_provisioning_cost": 39318480.0,
        "asymmetric_op_cost": 39363532.0,
        "u_max_mean": 2.4729580879211426,
        "u_max_max": 5.27197790145874
      }
    }
  }
}