{
  "seed": 17,
  "dataset": "cesnet",
  "loss": "asym_l1",
  "T_eff": 7624,
  "num_links": 20,
  "models": {
    "LSTM": {
      "forecast": {
        "rmse_mean": 113.8708724975586,
        "mae_mean": 111.23167419433594,
        "mape_mean": 582.1933631896973,
        "smape_mean": 121.48789978027344
      },
      "operational": {
        "overload_rate": 0.00304302203567681,
        "sla_violation_rate": 0.00304302203567681,
        "over_provisioning_cost": 33612540.0,
        "asymmetric_op_cost": 37727628.0,
        "u_max_mean": 2.6313254833221436,
        "u_max_max": 4.610731601715088
      }
    }
  }
}