{
  "seed": 17,
  "dataset": "cesnet",
  "loss": "asym_l1",
  "T_eff": 7624,
  "num_links": 20,
  "models": {
    "DLinear": {
      "forecast": {
        "rmse_mean": 88.69227600097656,
        "mae_mean": 80.61885833740234,
        "mape_mean": 345.95839805603026,
        "smape_mean": 107.6753921508789
      },
      "operational": {
        "overload_rate": 0.0001049317943336831,
        "sla_violation_rate": 0.0001049317943336831,
        "over_provisioning_cost": 87465888.0,
        "asymmetric_op_cost": 87541120.0,
        "u_max_mean": 1.0093708038330078,
        "u_max_max": 1.3483037948608398
      }
    },
    "iTransformer": {
      "forecast": {
        "rmse_mean": 93.46669006347656,
        "mae_mean": 75.58128356933594,
        "mape_mean": 324.71387786865233,
        "smape_mean": 102.5850830078125
      },
      "operational": {
        "overload_rate": 4.590766002098636e-05,
        "sla_violation_rate": 4.590766002098636e-05,
        "over_provisioning_cost": 100231552.0,
        "asymmetric_op_cost": 100265824.0,
        "u_max_mean": 0.872398853302002,
        "u_max_max": 1.2520896196365356
      }
    }
  }
}