{
  "seed": 256,
  "dataset": "abilene",
  "loss": "asym",
  "T_eff": 9606,
  "num_links": 54,
  "models": {
    "DLinear": {
      "forecast": {
        "rmse_mean": 47.983158111572266,
        "mae_mean": 21.325857162475586,
        "mape_mean": 11.242410876132825,
        "smape_mean": 10.22702407836914
      },
      "operational": {
        "overload_rate": 2.8917111990191315e-05,
        "sla_violation_rate": 2.8917111990191315e-05,
        "over_provisioning_cost": 1083472256.0,
        "asymmetric_op_cost": 1083472512.0,
        "u_max_mean": 0.9413588643074036,
        "u_max_max": 1.0647060871124268
      }
    },
    "iTransformer": {
      "forecast": {
        "rmse_mean": 51.422760009765625,
        "mae_mean": 19.876447677612305,
        "mape_mean": 10.2508447876683,
        "smape_mean": 9.440107345581055
      },
      "operational": {
        "overload_rate": 2.8917111990191315e-05,
        "sla_violation_rate": 2.8917111990191315e-05,
        "over_provisioning_cost": 1150856704.0,
        "asymmetric_op_cost": 1150857088.0,
        "u_max_mean": 0.9218153953552246,
        "u_max_max": 1.143720269203186
      }
    }
  }
}