{
  "num_seeds": 20,
  "seeds": [
    1,
    100003,
    1024,
    123,
    13,
    17,
    2,
    2048,
    256,
    271828,
    3,
    31337,
    42,
    456,
    512,
    65521,
    7,
    789,
    8191,
    99
  ],
  "dataset": "abilene",
  "loss": "asym",
  "per_seed": {},
  "models": {
    "PatchTST": {
      "forecast": {
        "rmse_mean": {
          "mean": 55.10119342803955,
          "std": 3.3918606497223163,
          "min": 50.41299819946289,
          "max": 62.616477966308594,
          "values": [
            50.41299819946289,
            54.541316986083984,
            50.97793197631836,
            50.835205078125,
            59.77854537963867,
            56.58687973022461,
            52.21221160888672,
            57.95527648925781,
            62.616477966308594,
            51.23383712768555,
            57.70320510864258,
            51.43506622314453,
            58.09941864013672,
            57.249244689941406,
            58.57271194458008,
            52.40958023071289,
            56.241844177246094,
            52.92934036254883,
            55.970733642578125,
            54.26204299926758
          ]
        },
        "mae_mean": {
          "mean": 23.15346269607544,
          "std": 1.8826893990681355,
          "min": 20.38808250427246,
          "max": 26.682348251342773,
          "values": [
            21.65481185913086,
            22.439332962036133,
            20.38808250427246,
            21.543962478637695,
            26.05278778076172,
            22.888256072998047,
            21.373085021972656,
            25.779430389404297,
            26.682348251342773,
            21.66824722290039,
            24.496986389160156,
            20.824413299560547,
            25.217435836791992,
            25.729175567626953,
            23.03317642211914,
            23.34144401550293,
            22.36863136291504,
            21.065479278564453,
            24.133852005004883,
            22.388315200805664
          ]
        },
        "mape_mean": {
          "mean": 12.331547432696377,
          "std": 1.0128503317735063,
          "min": 10.743334377253497,
          "max": 13.991909362651684,
          "values": [
            11.679761136019671,
            11.9552550845676,
            10.743334377253497,
            11.926375556875158,
            13.991909362651684,
            12.155303919756854,
            11.218145043761641,
            13.92800462687457,
            13.949347178141275,
            11.649095667733086,
            12.810818389610008,
            11.15964518211506,
            13.352174388037788,
            13.845897497954192,
            11.805800490909153,
            12.723611019275806,
            11.680014972333554,
            11.146220008532206,
            12.889248565391258,
            12.020986186133491
          ]
        },
        "smape_mean": {
          "mean": 10.716394281387329,
          "std": 0.684364743827178,
          "min": 9.634692192077637,
          "max": 11.82036018371582,
          "values": [
            10.326865196228027,
            10.486112594604492,
            9.634692192077637,
            10.466626167297363,
            11.760619163513184,
            10.555731773376465,
            9.938373565673828,
            11.780637741088867,
            11.82036018371582,
            10.23406982421875,
            11.02627182006836,
            9.900012969970703,
            11.474800109863281,
            11.743430137634277,
            10.380890846252441,
            11.016691207885742,
            10.28243350982666,
            9.887303352355957,
            11.068049430847168,
            10.543913841247559
          ]
        }
      },
      "operational": {
        "overload_rate": {
          "mean": 3.470053438822958e-06,
          "std": 5.404741546130962e-06,
          "min": 0.0,
          "max": 1.735026719411479e-05,
          "values": [
            1.9278074660127544e-06,
            3.855614932025509e-06,
            0.0,
            0.0,
            0.0,
            1.735026719411479e-05,
            0.0,
            0.0,
            0.0,
            0.0,
            7.711229864051018e-06,
            9.639037330063772e-06,
            0.0,
            1.735026719411479e-05,
            1.9278074660127544e-06,
            5.783422398038263e-06,
            3.855614932025509e-06,
            0.0,
            0.0,
            0.0
          ]
        },
        "sla_violation_rate": {
          "mean": 3.470053438822958e-06,
          "std": 5.404741546130962e-06,
          "min": 0.0,
          "max": 1.735026719411479e-05,
          "values": [
            1.9278074660127544e-06,
            3.855614932025509e-06,
            0.0,
            0.0,
            0.0,
            1.735026719411479e-05,
            0.0,
            0.0,
            0.0,
            0.0,
            7.711229864051018e-06,
            9.639037330063772e-06,
            0.0,
            1.735026719411479e-05,
            1.9278074660127544e-06,
            5.783422398038263e-06,
            3.855614932025509e-06,
            0.0,
            0.0,
            0.0
          ]
        },
        "over_provisioning_cost": {
          "mean": 1252629792.0,
          "std": 86240065.87086345,
          "min": 1103852544.0,
          "max": 1451126016.0,
          "values": [
            1264569600.0,
            1272126464.0,
            1345284736.0,
            1256457472.0,
            1196716544.0,
            1153297664.0,
            1338998400.0,
            1183231872.0,
            1277069056.0,
            1229079552.0,
            1172915712.0,
            1193545984.0,
            1273842432.0,
            1162398976.0,
            1232335616.0,
            1103852544.0,
            1451126016.0,
            1338547968.0,
            1202995968.0,
            1404203264.0
          ]
        },
        "asymmetric_op_cost": {
          "mean": 1252629894.4,
          "std": 86239998.75611997,
          "min": 1103852672.0,
          "max": 1451126144.0,
          "values": [
            1264569728.0,
            1272126592.0,
            1345284736.0,
            1256457472.0,
            1196716544.0,
            1153298304.0,
            1338998400.0,
            1183231872.0,
            1277069056.0,
            1229079552.0,
            1172915840.0,
            1193546240.0,
            1273842432.0,
            1162399360.0,
            1232335744.0,
            1103852672.0,
            1451126144.0,
            1338547968.0,
            1202995968.0,
            1404203264.0
          ]
        },
        "u_max_mean": {
          "mean": 0.8502559691667557,
          "std": 0.03800611508723904,
          "min": 0.7909838557243347,
          "max": 0.910268247127533,
          "values": [
            0.8472041487693787,
            0.8527778387069702,
            0.8029581904411316,
            0.8177238702774048,
            0.853518545627594,
            0.9070431590080261,
            0.8287431001663208,
            0.8670359253883362,
            0.8369278907775879,
            0.826012372970581,
            0.8994575142860413,
            0.9008740782737732,
            0.834381103515625,
            0.910268247127533,
            0.8566666841506958,
            0.9076583981513977,
            0.7926941514015198,
            0.8093294501304626,
            0.8628608584403992,
            0.7909838557243347
          ]
        },
        "u_max_max": {
          "mean": 1.0022100538015366,
          "std": 0.05676350477632931,
          "min": 0.9268869161605835,
          "max": 1.1177085638046265,