{
  "seed": 3,
  "dataset": "geant",
  "loss": "asym_l1",
  "T_eff": 2083,
  "num_links": 58,
  "models": {
    "LSTM": {
      "forecast": {
        "rmse_mean": 1956.7991943359375,
        "mae_mean": 1925.6593017578125,
        "mape_mean": 747.6083285561923,
        "smape_mean": 114.62236022949219
      },
      "operational": {
        "overload_rate": 0.34903239690764315,
        "sla_violation_rate": 0.34903239690764315,
        "over_provisioning_cost": 205884192.0,
        "asymmetric_op_cost": 282089792.0,
        "u_max_mean": 174171057291264.0,
        "u_max_max": 2318928273473536.0
      }
    }
  }
}