{
  "seed": 13,
  "dataset": "abilene",
  "loss": "asym",
  "T_eff": 9606,
  "num_links": 54,
  "models": {
    "LSTM": {
      "forecast": {
        "rmse_mean": 162.14181518554688,
        "mae_mean": 99.94969177246094,
        "mape_mean": 51.97135718663534,
        "smape_mean": 38.0885009765625
      },
      "operational": {
        "overload_rate": 0.062245047462619815,
        "sla_violation_rate": 0.062245047462619815,
        "over_provisioning_cost": 427545600.0,
        "asymmetric_op_cost": 459695680.0,
        "u_max_mean": 2.2510671615600586,
        "u_max_max": 7.226821422576904
      }
    },
    "LSTM_CQR": {
      "forecast": {
        "rmse_mean": null,
        "mae_mean": null,
        "mape_mean": null,
        "smape_mean": null
      },
      "operational": {
        "overload_rate": 0.03284791141339132,
        "sla_violation_rate": 0.03284791141339132,
        "over_provisioning_cost": 597654701.2250291,
        "asymmetric_op_cost": 620860372.5369893,
        "u_max_mean": 1.7170737285641617,
        "u_max_max": 5.750973832485759
      },
      "calibration": {
        "method": "cqr",
        "target_alpha": 0.05,
        "qhat_mean": 56.34532269504335,
        "qhat_per_link": [
          1.355373740196228,
          2.041166305541992,
          55.477752685546875,
          13.581075668334961,
          72.19984436035156,
          70.2236328125,
          94.902587890625,
          78.91583251953125,
          17.838455200195312,
          25.539581298828125,
          64.99162292480469,
          4.627322673797607,
          38.541656494140625,
          24.714496612548828,
          153.36282348632812,
          64.53521728515625,
          47.374114990234375,
          -13.460681915283203,
          104.58843994140625,
          57.890350341796875,
          93.43931579589844,
          102.112548828125,
          99.78286743164062,
          85.83383178710938,
          57.006744384765625,
          10.677536010742188,
          30.617034912109375,
          15.313529968261719,
          86.06517028808594,
          73.20358276367188,
          1.3158140182495117,
          1.8888416290283203,
          36.30543518066406,
          68.56407165527344,
          74.6851806640625,
          105.67477416992188,
          36.41310119628906,
          41.46464538574219,
          21.600311279296875,
          8.043617248535156,
          82.54962158203125,
          61.21302795410156,
          21.69454574584961,
          22.716297149658203,
          151.46792602539062,
          110.41683959960938,
          137.53773498535156,
          88.46917724609375,
          16.537029266357422,
          9.712446212768555,
          26.77709197998047,
          21.611114501953125,
          124.63006591796875,
          138.06588745117188
        ],
        "coverage_overall": 0.8860627231437141,
        "mean_width": 299.730712890625
      }
    },
    "LSTM_ACI": {
      "forecast": {
        "rmse_mean": null,
        "mae_mean": null,
        "mape_mean": null,
        "smape_mean": null
      },
      "operational": {
        "overload_rate": 0.00021591443619342848,
        "sla_violation_rate": 0.00021591443619342848,
        "over_provisioning_cost": 902439756.543192,
        "asymmetric_op_cost": 902795887.7988187,
        "u_max_mean": 1.0298847954130623,
        "u_max_max": 1.7926477232253744
      },
      "calibration": {
        "method": "aci",
        "target_alpha": 0.05,
        "gamma": 0.005,
        "window": 500,
        "qhat_mean": 104.89497771086516,
        "alpha_final_mean": 0.05278340740740776,
        "coverage_overall": 0.9468561315844264,
        "mean_width": 364.9502868652344
      }
    }
  },
  "calibration": "both",
  "target_alpha": 0.05
}