{
  "seed": 3,
  "dataset": "abilene",
  "loss": "asym_l1",
  "T_eff": 9606,
  "num_links": 54,
  "models": {
    "DLinear": {
      "forecast": {
        "rmse_mean": 48.35499572753906,
        "mae_mean": 21.958972930908203,
        "mape_mean": 12.297810695789478,
        "smape_mean": 11.061182022094727
      },
      "operational": {
        "overload_rate": 7.711229864051018e-06,
        "sla_violation_rate": 7.711229864051018e-06,
        "over_provisioning_cost": 1142459648.0,
        "asymmetric_op_cost": 1142459776.0,
        "u_max_mean": 0.8949185013771057,
        "u_max_max": 1.021443247795105
      }
    },
    "iTransformer": {
      "forecast": {
        "rmse_mean": 57.54944610595703,
        "mae_mean": 24.446651458740234,
        "mape_mean": 12.790769426910966,
        "smape_mean": 11.17001724243164
      },
      "operational": {
        "overload_rate": 0.0,
        "sla_violation_rate": 0.0,
        "over_provisioning_cost": 1249990784.0,
        "asymmetric_op_cost": 1249990784.0,
        "u_max_mean": 0.8148583769798279,
        "u_max_max": 0.9362065196037292
      }
    }
  }
}