{
  "seed": 8191,
  "dataset": "cesnet",
  "loss": "asym_l1",
  "T_eff": 7624,
  "num_links": 20,
  "models": {
    "DLinear": {
      "forecast": {
        "rmse_mean": 48.032386779785156,
        "mae_mean": 40.468360900878906,
        "mape_mean": 168.4446891784668,
        "smape_mean": 76.5380859375
      },
      "operational": {
        "overload_rate": 0.0003279118572927597,
        "sla_violation_rate": 0.0003279118572927597,
        "over_provisioning_cost": 65070156.0,
        "asymmetric_op_cost": 65132184.0,
        "u_max_mean": 1.3205032348632812,
        "u_max_max": 2.399855852127075
      }
    },
    "iTransformer": {
      "forecast": {
        "rmse_mean": 50.10483932495117,
        "mae_mean": 38.76551055908203,
        "mape_mean": 155.38863468170166,
        "smape_mean": 72.29499816894531
      },
      "operational": {
        "overload_rate": 0.00026232948583420777,
        "sla_violation_rate": 0.00026232948583420777,
        "over_provisioning_cost": 68147552.0,
        "asymmetric_op_cost": 68194512.0,
        "u_max_mean": 1.2611024379730225,
        "u_max_max": 1.693459153175354
      }
    }
  }
}