{
  "seed": 789,
  "dataset": "abilene",
  "loss": "asym_l1",
  "T_eff": 9606,
  "num_links": 54,
  "models": {
    "LSTM": {
      "forecast": {
        "rmse_mean": 194.0031280517578,
        "mae_mean": 84.90848541259766,
        "mape_mean": 38.60328451792399,
        "smape_mean": 32.241451263427734
      },
      "operational": {
        "overload_rate": 0.08861938140514031,
        "sla_violation_rate": 0.08861938140514031,
        "over_provisioning_cost": 132499584.0,
        "asymmetric_op_cost": 145840512.0,
        "u_max_mean": 3.7387588024139404,
        "u_max_max": 10.106608390808105
      }
    }
  }
}