{
  "seed": 1,
  "dataset": "abilene",
  "loss": "asym",
  "T_eff": 9606,
  "num_links": 54,
  "models": {
    "LSTM": {
      "forecast": {
        "rmse_mean": 176.16262817382812,
        "mae_mean": 113.92029571533203,
        "mape_mean": 57.729291915893555,
        "smape_mean": 40.25684356689453
      },
      "operational": {
        "overload_rate": 0.06796678002174567,
        "sla_violation_rate": 0.06796678002174567,
        "over_provisioning_cost": 419071776.0,
        "asymmetric_op_cost": 457824576.0,
        "u_max_mean": 2.2338569164276123,
        "u_max_max": 6.964114665985107
      }
    },
    "LSTM_CQR": {
      "forecast": {
        "rmse_mean": null,
        "mae_mean": null,
        "mape_mean": null,
        "smape_mean": null
      },
      "operational": {
        "overload_rate": 0.04129556372945921,
        "sla_violation_rate": 0.04129556372945921,
        "over_provisioning_cost": 545003928.8226386,
        "asymmetric_op_cost": 578126694.0636083,
        "u_max_mean": 1.896985848333401,
        "u_max_max": 7.416448541936246
      },
      "calibration": {
        "method": "cqr",
        "target_alpha": 0.2,
        "qhat_mean": 34.411550716117574,
        "qhat_per_link": [
          0.9518921375274658,
          -0.034261226654052734,
          61.699249267578125,
          9.512577056884766,
          56.50676345825195,
          45.546478271484375,
          45.67109680175781,
          51.8709716796875,
          0.8964080810546875,
          2.5829925537109375,
          46.943023681640625,
          3.3065404891967773,
          21.657424926757812,
          15.911052703857422,
          102.06735229492188,
          41.809722900390625,
          7.86700439453125,
          -3.9239959716796875,
          63.009857177734375,
          51.940528869628906,
          23.708114624023438,
          87.77032470703125,
          81.51933288574219,
          24.717666625976562,
          23.546340942382812,
          5.5324249267578125,
          6.294219970703125,
          7.577541351318359,
          80.61614990234375,
          26.220703125,
          0.9481446743011475,
          0.0570225715637207,
          31.04772186279297,
          45.294586181640625,
          14.606369018554688,
          107.18478393554688,
          8.406005859375,
          14.993072509765625,
          16.477741241455078,
          37.68342590332031,
          77.67659759521484,
          42.29786682128906,
          8.485733032226562,
          11.514511108398438,
          73.75808715820312,
          36.259307861328125,
          126.6759033203125,
          27.057464599609375,
          2.2629661560058594,
          0.0737152099609375,
          10.586021423339844,
          1.8465728759765625,
          64.71331787109375,
          105.02130126953125
        ],
        "coverage_overall": 0.7610135640533309,
        "mean_width": 243.44009399414062
      }
    },
    "LSTM_ACI": {
      "forecast": {
        "rmse_mean": null,
        "mae_mean": null,
        "mape_mean": null,
        "smape_mean": null
      },
      "operational": {
        "overload_rate": 0.0014863395562958335,
        "sla_violation_rate": 0.0014863395562958335,
        "over_provisioning_cost": 812819493.545065,
        "asymmetric_op_cost": 813547404.295683,
        "u_max_mean": 1.2194222732494024,
        "u_max_max": 3.602663538694988
      },
      "calibration": {
        "method": "aci",
        "target_alpha": 0.2,
        "gamma": 0.005,
        "window": 500,
        "qhat_mean": 69.51315293488679,
        "alpha_final_mean": 0.18425951851851852,
        "coverage_overall": 0.7892231707034955,
        "mean_width": 291.90997314453125
      }
    }
  },
  "calibration": "both",
  "target_alpha": 0.2
}