{
  "seed": 456,
  "dataset": "abilene",
  "loss": "mse",
  "T_eff": 9606,
  "num_links": 54,
  "models": {
    "LSTM": {
      "forecast": {
        "rmse_mean": 182.82806396484375,
        "mae_mean": 105.95618438720703,
        "mape_mean": 52.75560716346458,
        "smape_mean": 38.834716796875
      },
      "operational": {
        "overload_rate": 0.07263400189696255,
        "sla_violation_rate": 0.07263400189696255,
        "over_provisioning_cost": 299464320.0,
        "asymmetric_op_cost": 308719712.0,
        "u_max_mean": 2.5775930881500244,
        "u_max_max": 8.373185157775879
      }
    }
  }
}