{
  "seed": 2,
  "dataset": "cesnet",
  "loss": "asym",
  "T_eff": 7624,
  "num_links": 20,
  "models": {
    "LSTM": {
      "forecast": {
        "rmse_mean": 90.50679779052734,
        "mae_mean": 86.40180969238281,
        "mape_mean": 496.1923629760742,
        "smape_mean": 113.32423400878906
      },
      "operational": {
        "overload_rate": 0.003108604407135362,
        "sla_violation_rate": 0.003108604407135362,
        "over_provisioning_cost": 32774054.0,
        "asymmetric_op_cost": 36090696.0,
        "u_max_mean": 2.5249152183532715,
        "u_max_max": 5.233579158782959
      }
    }
  }
}