{
  "seed": 2,
  "dataset": "cesnet",
  "loss": "asym",
  "T_eff": 7624,
  "num_links": 20,
  "models": {
    "DLinear": {
      "forecast": {
        "rmse_mean": 77.91178894042969,
        "mae_mean": 70.50357055664062,
        "mape_mean": 345.085737991333,
        "smape_mean": 103.73338317871094
      },
      "operational": {
        "overload_rate": 0.00015739769150052466,
        "sla_violation_rate": 0.00015739769150052466,
        "over_provisioning_cost": 77771616.0,
        "asymmetric_op_cost": 77908016.0,
        "u_max_mean": 1.1230586767196655,
        "u_max_max": 1.650067925453186
      }
    },
    "iTransformer": {
      "forecast": {
        "rmse_mean": 74.86251068115234,
        "mae_mean": 59.47425079345703,
        "mape_mean": 269.41221809387207,
        "smape_mean": 93.69593811035156
      },
      "operational": {
        "overload_rate": 7.214060860440713e-05,
        "sla_violation_rate": 7.214060860440713e-05,
        "over_provisioning_cost": 98542016.0,
        "asymmetric_op_cost": 98576296.0,
        "u_max_mean": 0.8985379934310913,
        "u_max_max": 1.1632986068725586
      }
    }
  }
}