{
  "seed": 789,
  "dataset": "cesnet",
  "loss": "asym",
  "T_eff": 7624,
  "num_links": 20,
  "models": {
    "LSTM": {
      "forecast": {
        "rmse_mean": 38.36255645751953,
        "mae_mean": 31.50101661682129,
        "mape_mean": 191.12283096313476,
        "smape_mean": 71.71439361572266
      },
      "operational": {
        "overload_rate": 0.03502098635886674,
        "sla_violation_rate": 0.03502098635886674,
        "over_provisioning_cost": 13224784.0,
        "asymmetric_op_cost": 14216427.0,
        "u_max_mean": 5.351471900939941,
        "u_max_max": 9.999207496643066
      }
    },
    "LSTM_CQR": {
      "forecast": {
        "rmse_mean": null,
        "mae_mean": null,
        "mape_mean": null,
        "smape_mean": null
      },
      "operational": {
        "overload_rate": 0.01840897166841553,
        "sla_violation_rate": 0.01840897166841553,
        "over_provisioning_cost": 17129760.30710789,
        "asymmetric_op_cost": 17760906.803518258,
        "u_max_mean": 4.606381529112571,
        "u_max_max": 8.298319283154754
      },
      "calibration": {
        "method": "cqr",
        "target_alpha": 0.2,
        "qhat_mean": 7.9428479194641115,
        "qhat_per_link": [
          46.10584259033203,
          19.289520263671875,
          2.5107269287109375,
          12.010284423828125,
          1.9853577613830566,
          6.18022346496582,
          20.479148864746094,
          0.544891357421875,
          9.762577056884766,
          2.7130794525146484,
          9.519838333129883,
          2.0705337524414062,
          5.882177352905273,
          5.600743293762207,
          2.622436046600342,
          2.4704360961914062,
          4.340167999267578,
          2.3926615715026855,
          1.8998475074768066,
          0.47646427154541016
        ],
        "coverage_overall": 0.728803777544596,
        "mean_width": 73.30845642089844
      }
    },
    "LSTM_ACI": {
      "forecast": {
        "rmse_mean": null,
        "mae_mean": null,
        "mape_mean": null,
        "smape_mean": null
      },
      "operational": {
        "overload_rate": 0.014644543546694649,
        "sla_violation_rate": 0.014644543546694649,
        "over_provisioning_cost": 19684765.806982003,
        "asymmetric_op_cost": 20160934.313260995,
        "u_max_mean": 4.308844392379334,
        "u_max_max": 7.965273256190975
      },
      "calibration": {
        "method": "aci",
        "target_alpha": 0.2,
        "gamma": 0.005,
        "window": 500,
        "qhat_mean": 9.028198516368866,
        "alpha_final_mean": 0.19874999999999995,
        "coverage_overall": 0.7868507345225604,
        "mean_width": 73.16216278076172
      }
    }
  },
  "calibration": "both",
  "target_alpha": 0.2
}