{
  "seed": 31337,
  "dataset": "geant",
  "loss": "asym",
  "T_eff": 2083,
  "num_links": 58,
  "models": {
    "DLinear": {
      "forecast": {
        "rmse_mean": 3553.663330078125,
        "mae_mean": 3546.529296875,
        "mape_mean": 1328.6376377549664,
        "smape_mean": 122.83444213867188
      },
      "operational": {
        "overload_rate": 0.010760342344430282,
        "sla_violation_rate": 0.010760342344430282,
        "over_provisioning_cost": 501346848.0,
        "asymmetric_op_cost": 503216512.0,
        "u_max_mean": 0.5481189489364624,
        "u_max_max": 1.8804752826690674
      }
    },
    "iTransformer": {
      "forecast": {
        "rmse_mean": 102.7929458618164,
        "mae_mean": 78.77962493896484,
        "mape_mean": 27.549136581092046,
        "smape_mean": 24.230989456176758
      },
      "operational": {
        "overload_rate": 0.005818862052411144,
        "sla_violation_rate": 0.005818862052411144,
        "over_provisioning_cost": 65111464.0,
        "asymmetric_op_cost": 65222436.0,
        "u_max_mean": 1.2294604778289795,
        "u_max_max": 3.929292917251587
      }
    }
  }
}