{
  "seed": 456,
  "dataset": "abilene",
  "loss": "asym",
  "T_eff": 9606,
  "num_links": 54,
  "models": {
    "LSTM": {
      "forecast": {
        "rmse_mean": 197.53578186035156,
        "mae_mean": 165.23388671875,
        "mape_mean": 89.40160150881167,
        "smape_mean": 51.35209274291992
      },
      "operational": {
        "overload_rate": 0.04564084175785196,
        "sla_violation_rate": 0.04564084175785196,
        "over_provisioning_cost": 599942528.0,
        "asymmetric_op_cost": 698710208.0,
        "u_max_mean": 1.9116860628128052,
        "u_max_max": 7.139404773712158
      }
    }
  }
}