{
  "seed": 456,
  "dataset": "abilene",
  "loss": "asym",
  "T_eff": 9606,
  "num_links": 54,
  "models": {
    "DLinear": {
      "forecast": {
        "rmse_mean": 118.17718505859375,
        "mae_mean": 75.2908706665039,
        "mape_mean": 31.967734513459384,
        "smape_mean": 24.789087295532227
      },
      "operational": {
        "overload_rate": 3.855614932025509e-06,
        "sla_violation_rate": 3.855614932025509e-06,
        "over_provisioning_cost": 1416603008.0,
        "asymmetric_op_cost": 1416603136.0,
        "u_max_mean": 0.8302224278450012,
        "u_max_max": 1.008833408355713
      }
    },
    "iTransformer": {
      "forecast": {
        "rmse_mean": 88.451171875,
        "mae_mean": 36.98389434814453,
        "mape_mean": 19.464006574065596,
        "smape_mean": 15.311567306518555
      },
      "operational": {
        "overload_rate": 0.0,
        "sla_violation_rate": 0.0,
        "over_provisioning_cost": 1661214080.0,
        "asymmetric_op_cost": 1661214080.0,
        "u_max_mean": 0.6635552048683167,
        "u_max_max": 0.8626987934112549
      }
    }
  }
}