{
  "seed": 271828,
  "dataset": "abilene",
  "loss": "asym",
  "T_eff": 9606,
  "num_links": 54,
  "models": {
    "LSTM": {
      "forecast": {
        "rmse_mean": 163.8302764892578,
        "mae_mean": 105.59651947021484,
        "mape_mean": 57.27132295679163,
        "smape_mean": 40.287113189697266
      },
      "operational": {
        "overload_rate": 0.0632995581465288,
        "sla_violation_rate": 0.0632995581465288,
        "over_provisioning_cost": 423795520.0,
        "asymmetric_op_cost": 458805856.0,
        "u_max_mean": 2.2607169151306152,
        "u_max_max": 7.633989334106445
      }
    },
    "LSTM_CQR": {
      "forecast": {
        "rmse_mean": null,
        "mae_mean": null,
        "mape_mean": null,
        "smape_mean": null
      },
      "operational": {
        "overload_rate": 0.028138277773922162,
        "sla_violation_rate": 0.028138277773922162,
        "over_provisioning_cost": 619732561.04344,
        "asymmetric_op_cost": 645524562.4292241,
        "u_max_mean": 1.6732858302070572,
        "u_max_max": 6.334953423296874
      },
      "calibration": {
        "method": "cqr",
        "target_alpha": 0.05,
        "qhat_mean": 42.93854011208923,
        "qhat_per_link": [
          1.1870973110198975,
          1.7024211883544922,
          33.02935028076172,
          9.034353256225586,
          55.915626525878906,
          66.28555297851562,
          60.66975402832031,
          74.76419067382812,
          42.80598449707031,
          22.052566528320312,
          45.26856231689453,
          6.4995317459106445,
          35.6446418762207,
          13.256011962890625,
          123.27032470703125,
          67.33114624023438,
          63.534820556640625,
          -9.623905181884766,
          90.60595703125,
          30.42508316040039,
          69.87034606933594,
          80.87200927734375,
          53.776519775390625,
          70.03719329833984,
          34.723480224609375,
          10.102710723876953,
          32.134735107421875,
          9.05044174194336,
          65.0263671875,
          52.0980224609375,
          1.1790279150009155,
          1.733140230178833,
          23.82012176513672,
          39.195953369140625,
          34.384361267089844,
          98.81446838378906,
          26.04962158203125,
          29.22747039794922,
          13.75140380859375,
          -7.654205322265625,
          66.61335754394531,
          56.41143798828125,
          14.484073638916016,
          17.322540283203125,
          108.59617614746094,
          80.6331787109375,
          88.70069885253906,
          58.47132873535156,
          14.191581726074219,
          6.550374984741211,
          27.217697143554688,
          19.93280029296875,
          98.60501098632812,
          89.09864807128906
        ],
        "coverage_overall": 0.9015044609464764,
        "mean_width": 279.4792785644531
      }
    },
    "LSTM_ACI": {
      "forecast": {
        "rmse_mean": null,
        "mae_mean": null,
        "mape_mean": null,
        "smape_mean": null
      },
      "operational": {
        "overload_rate": 0.00027760427510583664,
        "sla_violation_rate": 0.00027760427510583664,
        "over_provisioning_cost": 887970244.0768491,
        "asymmetric_op_cost": 888320439.9882566,
        "u_max_mean": 1.0399640742432252,
        "u_max_max": 1.729089331276632
      },
      "calibration": {
        "method": "aci",
        "target_alpha": 0.05,
        "gamma": 0.005,
        "window": 500,
        "qhat_mean": 66.13770398387203,
        "alpha_final_mean": 0.05460281481481513,
        "coverage_overall": 0.9469891502995813,
        "mean_width": 341.3694763183594
      }
    }
  },
  "calibration": "both",
  "target_alpha": 0.05
}