{
  "seed": 99,
  "dataset": "geant",
  "loss": "asym_l1",
  "T_eff": 2083,
  "num_links": 58,
  "models": {
    "DLinear": {
      "forecast": {
        "rmse_mean": 188.25355529785156,
        "mae_mean": 155.43540954589844,
        "mape_mean": 48.5473467645974,
        "smape_mean": 40.71321105957031
      },
      "operational": {
        "overload_rate": 0.021131656927177313,
        "sla_violation_rate": 0.021131656927177313,
        "over_provisioning_cost": 90055208.0,
        "asymmetric_op_cost": 91687704.0,
        "u_max_mean": 1.0152283906936646,
        "u_max_max": 3.6794488430023193
      }
    },
    "iTransformer": {
      "forecast": {
        "rmse_mean": 101.69221496582031,
        "mae_mean": 79.8120346069336,
        "mape_mean": 30.854536632011676,
        "smape_mean": 24.969383239746094
      },
      "operational": {
        "overload_rate": 4.138593209396262e-05,
        "sla_violation_rate": 4.138593209396262e-05,
        "over_provisioning_cost": 89019176.0,
        "asymmetric_op_cost": 89019384.0,
        "u_max_mean": 0.8954437971115112,
        "u_max_max": 1.4350486993789673
      }
    }
  }
}