{
  "seed": 7,
  "dataset": "geant",
  "loss": "asym",
  "T_eff": 2083,
  "num_links": 58,
  "models": {
    "DLinear": {
      "forecast": {
        "rmse_mean": 9360.201171875,
        "mae_mean": 9356.5634765625,
        "mape_mean": 3302.037242157706,
        "smape_mean": 147.4254913330078
      },
      "operational": {
        "overload_rate": 0.0,
        "sla_violation_rate": 0.0,
        "over_provisioning_cost": 1310679808.0,
        "asymmetric_op_cost": 1310679808.0,
        "u_max_mean": 0.3223915100097656,
        "u_max_max": 0.994996190071106
      }
    },
    "iTransformer": {
      "forecast": {
        "rmse_mean": 144.6591796875,
        "mae_mean": 109.61424255371094,
        "mape_mean": 41.02539950403674,
        "smape_mean": 30.963623046875
      },
      "operational": {
        "overload_rate": 0.00024003840614498319,
        "sla_violation_rate": 0.00024003840614498319,
        "over_provisioning_cost": 101137360.0,
        "asymmetric_op_cost": 101139352.0,
        "u_max_mean": 0.8795070052146912,
        "u_max_max": 2.0949463844299316
      }
    }
  }
}