{
  "seed": 1,
  "dataset": "geant",
  "loss": "asym",
  "T_eff": 2083,
  "num_links": 58,
  "models": {
    "DLinear": {
      "forecast": {
        "rmse_mean": 1444.0487060546875,
        "mae_mean": 1430.8643798828125,
        "mape_mean": 564.6325379404528,
        "smape_mean": 102.14228820800781
      },
      "operational": {
        "overload_rate": 0.053329912096280234,
        "sla_violation_rate": 0.053329912096280234,
        "over_provisioning_cost": 202850656.0,
        "asymmetric_op_cost": 208625888.0,
        "u_max_mean": 0.8488491177558899,
        "u_max_max": 2.862133026123047
      }
    },
    "iTransformer": {
      "forecast": {
        "rmse_mean": 97.637939453125,
        "mae_mean": 72.22673797607422,
        "mape_mean": 24.413498968913636,
        "smape_mean": 22.119823455810547
      },
      "operational": {
        "overload_rate": 0.00993262370255103,
        "sla_violation_rate": 0.00993262370255103,
        "over_provisioning_cost": 58473812.0,
        "asymmetric_op_cost": 58566432.0,
        "u_max_mean": 1.2931993007659912,
        "u_max_max": 3.4129316806793213
      }
    }
  }
}