{
  "seed": 42,
  "dataset": "abilene",
  "loss": "asym_l1",
  "T_eff": 9606,
  "num_links": 54,
  "models": {
    "LSTM": {
      "forecast": {
        "rmse_mean": 186.99000549316406,
        "mae_mean": 105.90621948242188,
        "mape_mean": 56.185706544805456,
        "smape_mean": 39.95781326293945
      },
      "operational": {
        "overload_rate": 0.05991818385114242,
        "sla_violation_rate": 0.05991818385114242,
        "over_provisioning_cost": 334963904.0,
        "asymmetric_op_cost": 384837056.0,
        "u_max_mean": 2.401383876800537,
        "u_max_max": 7.512360572814941
      }
    }
  }
}