{
  "seed": 456,
  "dataset": "geant",
  "loss": "asym_l1",
  "T_eff": 2083,
  "num_links": 58,
  "models": {
    "DLinear": {
      "forecast": {
        "rmse_mean": 703.8331909179688,
        "mae_mean": 630.5828247070312,
        "mape_mean": 137.58934086766737,
        "smape_mean": 77.13404846191406
      },
      "operational": {
        "overload_rate": 0.018358799476881817,
        "sla_violation_rate": 0.018358799476881817,
        "over_provisioning_cost": 216476512.0,
        "asymmetric_op_cost": 335529024.0,
        "u_max_mean": 4320323174400.0,
        "u_max_max": 250578743590912.0
      }
    },
    "iTransformer": {
      "forecast": {
        "rmse_mean": 206.88157653808594,
        "mae_mean": 172.7803192138672,
        "mape_mean": 64.55036969020449,
        "smape_mean": 42.960872650146484
      },
      "operational": {
        "overload_rate": 8.277186418792524e-06,
        "sla_violation_rate": 8.277186418792524e-06,
        "over_provisioning_cost": 150603840.0,
        "asymmetric_op_cost": 150603920.0,
        "u_max_mean": 0.6296226382255554,
        "u_max_max": 1.109163522720337
      }
    }
  }
}