{
  "num_seeds": 5,
  "seeds": [
    42,
    123,
    456,
    789,
    1024
  ],
  "dataset": "abilene",
  "loss": "asym",
  "per_seed": [
    {
      "seed": 42,
      "dataset": "abilene",
      "loss": "asym",
      "T_eff": 9606,
      "num_links": 54,
      "models": {
        "LSTM": {
          "forecast": {
            "rmse_mean": 115.49579620361328,
            "mae_mean": 66.02085876464844,
            "mape_mean": 34.20165937918204,
            "smape_mean": 26.26211929321289
          },
          "operational": {
            "overload_rate": 0.009517585459704969,
            "sla_violation_rate": 0.009517585459704969,
            "over_provisioning_cost": 953769024.0,
            "asymmetric_op_cost": 959618112.0,
            "u_max_mean": 1.1952636241912842,
            "u_max_max": 3.4551825523376465
          }
        }
      }
    },
    {
      "seed": 123,
      "dataset": "abilene",
      "loss": "asym",
      "T_eff": 9606,
      "num_links": 54,
      "models": {
        "LSTM": {
          "forecast": {
            "rmse_mean": 96.47367095947266,
            "mae_mean": 59.09700012207031,
            "mape_mean": 31.471333742141724,
            "smape_mean": 25.985807418823242
          },
          "operational": {
            "overload_rate": 0.00859416568348486,
            "sla_violation_rate": 0.00859416568348486,
            "over_provisioning_cost": 926314048.0,
            "asymmetric_op_cost": 931283840.0,
            "u_max_mean": 1.21766197681427,
            "u_max_max": 3.411747455596924
          }
        }
      }
    },
    {
      "seed": 456,
      "dataset": "abilene",
      "loss": "asym",
      "T_eff": 9606,
      "num_links": 54,
      "models": {
        "LSTM": {
          "forecast": {
            "rmse_mean": 113.86986541748047,
            "mae_mean": 68.85680389404297,
            "mape_mean": 33.900264757650866,
            "smape_mean": 26.14834976196289
          },
          "operational": {
            "overload_rate": 0.009702654976442193,
            "sla_violation_rate": 0.009702654976442193,
            "over_provisioning_cost": 886962688.0,
            "asymmetric_op_cost": 892787584.0,
            "u_max_mean": 1.2859342098236084,
            "u_max_max": 3.6433005332946777
          }
        }
      }
    },
    {
      "seed": 789,
      "dataset": "abilene",
      "loss": "asym",
      "T_eff": 9606,
      "num_links": 54,
      "models": {
        "LSTM": {
          "forecast": {
            "rmse_mean": 123.427734375,
            "mae_mean": 74.03996276855469,
            "mape_mean": 34.96426831351386,
            "smape_mean": 27.726943969726562
          },
          "operational": {
            "overload_rate": 0.00870019509411556,
            "sla_violation_rate": 0.00870019509411556,
            "over_provisioning_cost": 926851264.0,
            "asymmetric_op_cost": 936807040.0,
            "u_max_mean": 1.1871421337127686,
            "u_max_max": 3.073641061782837
          }
        }
      }
    },
    {
      "seed": 1024,
      "dataset": "abilene",
      "loss": "asym",
      "T_eff": 9606,
      "num_links": 54,
      "models": {
        "LSTM": {
          "forecast": {
            "rmse_mean": 131.80819702148438,
            "mae_mean": 79.09140014648438,
            "mape_mean": 37.922369727381955,
            "smape_mean": 28.604597091674805
          },
          "operational": {
            "overload_rate": 0.005451839513884069,
            "sla_violation_rate": 0.005451839513884069,
            "over_provisioning_cost": 940835584.0,
            "asymmetric_op_cost": 943717312.0,
            "u_max_mean": 1.1600532531738281,
            "u_max_max": 3.0649452209472656
          }
        }
      }
    }
  ],
  "models": {
    "LSTM": {
      "forecast": {
        "rmse_mean": {
          "mean": 116.21505279541016,
          "std": 11.755069656096756,
          "min": 96.47367095947266,
          "max": 131.80819702148438,
          "values": [
            115.49579620361328,
            96.47367095947266,
            113.86986541748047,
            123.427734375,
            131.80819702148438
          ]
        },
        "mae_mean": {
          "mean": 69.42120513916015,
          "std": 6.831042482459267,
          "min": 59.09700012207031,
          "max": 79.09140014648438,
          "values": [
            66.02085876464844,
            59.09700012207031,
            68.85680389404297,
            74.03996276855469,
            79.09140014648438
          ]
        },
        "mape_mean": {
          "mean": 34.49197918397409,
          "std": 2.0760224824803664,
          "min": 31.471333742141724,
          "max": 37.922369727381955,
          "values": [
            34.20165937918204,
            31.471333742141724,
            33.900264757650866,
            34.96426831351386,
            37.922369727381955
          ]
        },
        "smape_mean": {
          "mean": 26.945563507080077,
          "std": 1.0379523457304998,
          "min": 25.985807418823242,
          "max": 28.604597091674805,
          "values": [
            26.26211929321289,
            25.985807418823242,
            26.14834976196289,
            27.726943969726562,
            28.604597091674805
          ]
        }
      },
      "operational": {
        "overload_rate": {
          "mean": 0.00839328814552633,
          "std": 0.0015339589082834463,
          "min": 0.005451839513884069,
          "max": 0.009702654976442193,
          "values": [
            0.009517585459704969,
            0.00859416568348486,
            0.009702654976442193,
            0.00870019509411556,
            0.005451839513884069
          ]
        },
        "sla_violation_rate": {
          "mean": 0.00839328814552633,
          "std": 0.0015339589082834463,
          "min": 0.005451839513884069,
          "max": 0.009702654976442193,
          "values": [
            0.009517585459704969,
            0.00859416568348486,
            0.009702654976442193,
            0.00870019509411556,
            0.005451839513884069
          ]
        },
        "over_provisioning_cost": {
          "mean": 926946521.6,
          "std": 22411910.831371088,
          "min": 886962688.0,
          "max": 953769024.0,
          "values": [
            953769024.0,
            926314048.0,
            886962688.0,
            926851264.0,
            940835584.0
          ]
        },
        "asymmetric_op_cost": {
          "mean": 932842777.6,
          "std": 22170873.81137169,
          "min": 892787584.0,
          "max": 959618112.0,
          "values": [
            959618112.0,
            931283840.0,
            892787584.0,
            936807040.0,
            943717312.0
          ]
        },
        "u_max_mean": {
          "mean": 1.209211039543152,
          "std": 0.042558003146116276,
          "min": 1.1600532531738281,
          "max": 1.2859342098236084,
          "values": [
            1.1952636241912842,
            1.21766197681427,
            1.2859342098236084,
            1.1871421337127686,
            1.1600532531738281
          ]
        },
        "u_max_max": {
          "mean": 3.3297633647918703,
          "std": 0.22648805848895634,
          "min": 3.0649452209472656,
          "max": 3.6433005332946777,
          "values": [
            3.4551825523376465,
            3.411747455596924,
            3.6433005332946777,
            3.073641061782837,
            3.0649452209472656
          ]
        }
      }
    }
  }
}