{
  "seed": 456,
  "dataset": "abilene",
  "loss": "asym_l1",
  "T_eff": 9606,
  "num_links": 54,
  "models": {
    "DLinear": {
      "forecast": {
        "rmse_mean": 74.43974304199219,
        "mae_mean": 42.81089401245117,
        "mape_mean": 22.567567560407852,
        "smape_mean": 19.05508804321289
      },
      "operational": {
        "overload_rate": 0.0,
        "sla_violation_rate": 0.0,
        "over_provisioning_cost": 1317270784.0,
        "asymmetric_op_cost": 1317270784.0,
        "u_max_mean": 0.8292559385299683,
        "u_max_max": 0.9870933890342712
      }
    },
    "iTransformer": {
      "forecast": {
        "rmse_mean": 92.7408218383789,
        "mae_mean": 42.105323791503906,
        "mape_mean": 22.533660729726154,
        "smape_mean": 17.808258056640625
      },
      "operational": {
        "overload_rate": 0.0,
        "sla_violation_rate": 0.0,
        "over_provisioning_cost": 1742888704.0,
        "asymmetric_op_cost": 1742888704.0,
        "u_max_mean": 0.6421977877616882,
        "u_max_max": 0.831827700138092
      }
    }
  }
}