{
  "seed": 456,
  "dataset": "abilene",
  "loss": "asym_l1",
  "T_eff": 9606,
  "num_links": 54,
  "models": {
    "LSTM": {
      "forecast": {
        "rmse_mean": 200.26943969726562,
        "mae_mean": 172.89344787597656,
        "mape_mean": 98.84461805555556,
        "smape_mean": 54.97504425048828
      },
      "operational": {
        "overload_rate": 0.03135000501229941,
        "sla_violation_rate": 0.03135000501229941,
        "over_provisioning_cost": 758099968.0,
        "asymmetric_op_cost": 829674432.0,
        "u_max_mean": 1.6328630447387695,
        "u_max_max": 6.4974684715271
      }
    }
  }
}