{
  "seed": 3,
  "dataset": "cesnet",
  "loss": "asym",
  "T_eff": 7624,
  "num_links": 20,
  "models": {
    "LSTM": {
      "forecast": {
        "rmse_mean": 56.95025634765625,
        "mae_mean": 52.470611572265625,
        "mape_mean": 301.7581413269043,
        "smape_mean": 92.3570556640625
      },
      "operational": {
        "overload_rate": 0.010381689401888772,
        "sla_violation_rate": 0.010381689401888772,
        "over_provisioning_cost": 21002236.0,
        "asymmetric_op_cost": 22747988.0,
        "u_max_mean": 3.6994662284851074,
        "u_max_max": 6.242462158203125
      }
    }
  }
}