{
  "seed": 1024,
  "dataset": "cesnet",
  "loss": "asym_l1",
  "T_eff": 7624,
  "num_links": 20,
  "models": {
    "DLinear": {
      "forecast": {
        "rmse_mean": 24.361051559448242,
        "mae_mean": 14.800134658813477,
        "mape_mean": 55.49483213424683,
        "smape_mean": 39.480682373046875
      },
      "operational": {
        "overload_rate": 0.0016526757607555089,
        "sla_violation_rate": 0.0016526757607555089,
        "over_provisioning_cost": 38703812.0,
        "asymmetric_op_cost": 38741844.0,
        "u_max_mean": 2.103215456008911,
        "u_max_max": 5.043072700500488
      }
    },
    "iTransformer": {
      "forecast": {
        "rmse_mean": 23.77060890197754,
        "mae_mean": 13.591151237487793,
        "mape_mean": 43.20515928268433,
        "smape_mean": 35.62075424194336
      },
      "operational": {
        "overload_rate": 0.003646379853095488,
        "sla_violation_rate": 0.003646379853095488,
        "over_provisioning_cost": 35116760.0,
        "asymmetric_op_cost": 35173820.0,
        "u_max_mean": 2.700742244720459,
        "u_max_max": 5.477544784545898
      }
    }
  }
}