{
  "seed": 8191,
  "dataset": "cesnet",
  "loss": "mse",
  "T_eff": 7624,
  "num_links": 20,
  "models": {
    "DCRNN": {
      "forecast": {
        "rmse_mean": 23.646081924438477,
        "mae_mean": 13.879305839538574,
        "mape_mean": 51.16573619842529,
        "smape_mean": 38.236488342285156
      },
      "operational": {
        "overload_rate": 0.004990818467995803,
        "sla_violation_rate": 0.004990818467995803,
        "over_provisioning_cost": 30898706.0,
        "asymmetric_op_cost": 30937950.0,
        "u_max_mean": 2.9807052612304688,
        "u_max_max": 5.544590950012207
      }
    }
  }
}