{
  "seed": 3,
  "dataset": "abilene",
  "loss": "asym",
  "T_eff": 9606,
  "num_links": 54,
  "models": {
    "DLinear": {
      "forecast": {
        "rmse_mean": 57.62184143066406,
        "mae_mean": 33.52865219116211,
        "mape_mean": 16.47444220825478,
        "smape_mean": 14.377036094665527
      },
      "operational": {
        "overload_rate": 1.1566844796076525e-05,
        "sla_violation_rate": 1.1566844796076525e-05,
        "over_provisioning_cost": 1155787776.0,
        "asymmetric_op_cost": 1155788544.0,
        "u_max_mean": 0.9149650931358337,
        "u_max_max": 1.1131459474563599
      }
    },
    "iTransformer": {
      "forecast": {
        "rmse_mean": 63.896141052246094,
        "mae_mean": 26.09954833984375,
        "mape_mean": 13.61594487119604,
        "smape_mean": 11.560450553894043
      },
      "operational": {
        "overload_rate": 3.855614932025509e-06,
        "sla_violation_rate": 3.855614932025509e-06,
        "over_provisioning_cost": 1220084736.0,
        "asymmetric_op_cost": 1220084864.0,
        "u_max_mean": 0.8544766902923584,
        "u_max_max": 1.0500375032424927
      }
    }
  }
}