{
  "num_seeds": 20,
  "seeds": [
    1,
    100003,
    1024,
    123,
    13,
    17,
    2,
    2048,
    256,
    271828,
    3,
    31337,
    42,
    456,
    512,
    65521,
    7,
    789,
    8191,
    99
  ],
  "dataset": "cesnet",
  "loss": "asym",
  "per_seed": {},
  "models": {
    "LSTM": {
      "forecast": {
        "rmse_mean": {
          "mean": 38.23299350738525,
          "std": 0.7861256915927204,
          "min": 37.194271087646484,
          "max": 40.34245300292969,
          "values": [
            38.42434310913086,
            37.98383712768555,
            37.501888275146484,
            37.640296936035156,
            38.87285232543945,
            38.349449157714844,
            39.59251403808594,
            40.34245300292969,
            38.077945709228516,
            37.752010345458984,
            37.704246520996094,
            39.0256233215332,
            39.060279846191406,
            38.575199127197266,
            37.45315933227539,
            37.71686553955078,
            38.02838134765625,
            37.47319793701172,
            37.891056060791016,
            37.194271087646484
          ]
        },
        "mae_mean": {
          "mean": 31.220793628692626,
          "std": 0.9551981994676373,
          "min": 29.747806549072266,
          "max": 33.706504821777344,
          "values": [
            31.290624618530273,
            30.86884117126465,
            30.28713607788086,
            30.626327514648438,
            32.19047927856445,
            31.2618465423584,
            32.720726013183594,
            33.706504821777344,
            31.153491973876953,
            30.610382080078125,
            30.291540145874023,
            32.06116485595703,
            32.289188385009766,
            31.864456176757812,
            30.362743377685547,
            30.468822479248047,
            31.113445281982422,
            30.53204917907715,
            30.96829605102539,
            29.747806549072266
          ]
        },
        "mape_mean": {
          "mean": 173.958357963562,
          "std": 5.130087884420768,
          "min": 166.27460060119628,
          "max": 185.52958908081055,
          "values": [
            173.85467262268065,
            173.00621185302734,
            166.68468551635743,
            168.25883903503419,
            181.533154296875,
            170.75020446777344,
            179.6509754180908,
            185.52958908081055,
            176.95992126464844,
            173.06925354003906,
            172.53944778442383,
            179.71099395751952,
            174.89941368103027,
            180.6089771270752,
            170.90002670288087,
            168.67240943908692,
            174.5362091064453,
            171.20660209655762,
            170.5209716796875,
            166.27460060119628
          ]
        },
        "smape_mean": {
          "mean": 69.66940155029297,
          "std": 1.1279069668490977,
          "min": 67.81596374511719,
          "max": 72.15853881835938,
          "values": [
            69.37385559082031,
            69.49734497070312,
            68.17289733886719,
            68.76017761230469,
            71.49674987792969,
            69.10188293457031,
            70.96158599853516,
            72.15853881835938,
            70.22994232177734,
            69.31529998779297,
            68.90260314941406,
            70.66244506835938,
            70.29795837402344,
            71.02186584472656,
            68.8709487915039,
            68.32878875732422,
            70.0558090209961,
            69.16590881347656,
            69.19746398925781,
            67.81596374511719
          ]
        }
      },
      "operational": {
        "overload_rate": {
          "mean": 0.046750393494228756,
          "std": 0.006197857321806955,
          "min": 0.03650314795383001,
          "max": 0.057076337880377755,
          "values": [
            0.0505115424973767,
            0.04551416579223505,
            0.054839979013641134,
            0.046661857292759706,
            0.0366211962224554,
            0.049842602308499476,
            0.044117261280167894,
            0.03650314795383001,
            0.04397953830010493,
            0.039644543546694645,
            0.053980849947534104,
            0.04777675760755509,
            0.04679958027282267,
            0.038391920251836305,
            0.057076337880377755,
            0.0530889296956978,
            0.041723504721930746,
            0.04589454354669465,
            0.045002623294858345,
            0.05703698845750262
          ]
        },
        "sla_violation_rate": {
          "mean": 0.046750393494228756,
          "std": 0.006197857321806955,
          "min": 0.03650314795383001,
          "max": 0.057076337880377755,
          "values": [
            0.0505115424973767,
            0.04551416579223505,
            0.054839979013641134,
            0.046661857292759706,
            0.0366211962224554,
            0.049842602308499476,
            0.044117261280167894,
            0.03650314795383001,
            0.04397953830010493,
            0.039644543546694645,
            0.053980849947534104,
            0.04777675760755509,
            0.04679958027282267,
            0.038391920251836305,
            0.057076337880377755,
            0.0530889296956978,
            0.041723504721930746,
            0.04589454354669465,
            0.045002623294858345,
            0.05703698845750262
          ]
        },
        "over_provisioning_cost": {
          "mean": 11862432.25,
          "std": 720433.2948961253,
          "min": 10454020.0,
          "max": 13306659.0,
          "values": [
            11733013.0,
            11947164.0,
            11195448.0,
            11965307.0,
            12733262.0,
            11927099.0,
            11977318.0,
            13069156.0,
            11684182.0,
            12295623.0,
            10454020.0,
            12202680.0,
            11902772.0,
            13306659.0,
            10798786.0,
            11083668.0,
            12215230.0,
            12064791.0,
            11989196.0,
            10703271.0
          ]
        },
        "asymmetric_op_cost": {
          "mean": 13006554.75,
          "std": 612499.335703303,
          "min": 11794740.0,
          "max": 14272229.0,
          "values": [
            12900735.0,
            13083084.0,
            12480595.0,
            13091428.0,
            13723298.0,
            13072880.0,
            13081469.0,
            14040401.0,
            12834758.0,
            13346152.0,
            11794740.0,
            13308214.0,
            13038235.0,
            14272229.0,
            12126892.0,
            12347730.0,
            13280669.0,
            13192302.0,
            13097010.0,
            12018274.0
          ]
        },
        "u_max_mean": {
          "mean": 6.159835028648376,
          "std": 0.2778501875121654,
          "min": 5.6855363845825195,
          "max": 6.68500280380249,
          "values": [
            6.320857048034668,
            6.127339839935303,
            6.4732232093811035,
            6.226347923278809,
            5.6855363845825195,
            6.238857746124268,
            6.0995564460754395,
            5.762744903564453,
            5.984541893005371,
            5.910159111022949,
            6.68500280380249,
            6.128348350524902,
            6.10133171081543,
            5.7921462059021,
            6.534058570861816,
            6.4091668128967285,
            5.888065814971924,
            6.164456844329834,
            6.034403324127197,
            6.630555629730225
          ]
        },
        "u_max_max": {
          "mean": 11.037373685836792,
          "std": 0.6876436309902553,
          "min": 9.91183090209961,
          "max": 12.061820983886719,