{
  "seed": 100003,
  "dataset": "abilene",
  "loss": "asym_l1",
  "T_eff": 9606,
  "num_links": 54,
  "models": {
    "LSTM": {
      "forecast": {
        "rmse_mean": 306.3649597167969,
        "mae_mean": 279.18157958984375,
        "mape_mean": 157.87083530426025,
        "smape_mean": 73.14774322509766
      },
      "operational": {
        "overload_rate": 0.021574093352148733,
        "sla_violation_rate": 0.021574093352148733,
        "over_provisioning_cost": 901626944.0,
        "asymmetric_op_cost": 1133029760.0,
        "u_max_mean": 1.3947234153747559,
        "u_max_max": 5.593536376953125
      }
    }
  }
}