{
  "seed": 456,
  "dataset": "abilene",
  "loss": "asym",
  "T_eff": 9606,
  "num_links": 54,
  "models": {
    "DLinear": {
      "forecast": {
        "rmse_mean": 86.61040496826172,
        "mae_mean": 51.18171310424805,
        "mape_mean": 22.141717619366116,
        "smape_mean": 18.318979263305664
      },
      "operational": {
        "overload_rate": 5.783422398038263e-06,
        "sla_violation_rate": 5.783422398038263e-06,
        "over_provisioning_cost": 1304020992.0,
        "asymmetric_op_cost": 1304021248.0,
        "u_max_mean": 0.8669558167457581,
        "u_max_max": 1.051779866218567
      }
    },
    "iTransformer": {
      "forecast": {
        "rmse_mean": 73.17103576660156,
        "mae_mean": 29.20194435119629,
        "mape_mean": 14.521386279000176,
        "smape_mean": 12.289872169494629
      },
      "operational": {
        "overload_rate": 0.0,
        "sla_violation_rate": 0.0,
        "over_provisioning_cost": 1412388864.0,
        "asymmetric_op_cost": 1412388864.0,
        "u_max_mean": 0.7415458559989929,
        "u_max_max": 0.9008853435516357
      }
    }
  }
}