{
  "ratios": [
    "1:1",
    "2:1",
    "5:1",
    "10:1",
    "20:1",
    "100:1"
  ],
  "models": [
    "DLinear",
    "iTransformer"
  ],
  "per_model": {
    "DLinear": [
      {
        "ratio": "1:1",
        "alpha": 1.0,
        "beta": 1.0,
        "overload_rate": 0.0030358079748163693,
        "over_provisioning_cost": 32206580.4,
        "asymmetric_op_cost": 32239776.0,
        "rmse_mean": 24.066709136962892,
        "overload_rate_values": [
          0.003239769150052466,
          0.0031807450157397693,
          0.002898740818467996,
          0.0031217208814270725,
          0.003239769150052466,
          0.0029512067156348375,
          0.0027938090241343126,
          0.002800367261280168,
          0.00286594963273872,
          0.0028593913955928646,
          0.0031545120671563486,
          0.0031938614900314795,
          0.0030299055613850997,
          0.0030561385099685204,
          0.0031545120671563486,
          0.0033578174186778592,
          0.0029971143756558237,
          0.002839716684155299,
          0.0027938090241343126,
          0.003187303252885624
        ]
      },
      {
        "ratio": "2:1",
        "alpha": 2.0,
        "beta": 1.0,
        "overload_rate": 0.0015736490031479536,
        "over_provisioning_cost": 39038038.0,
        "asymmetric_op_cost": 39074471.6,
        "rmse_mean": 24.381143856048585,
        "overload_rate_values": [
          0.0015346274921301155,
          0.0014624868835257084,
          0.0015739769150052466,
          0.0015739769150052466,
          0.0016526757607555089,
          0.0015608604407135363,
          0.0015346274921301155,
          0.0014821615949632738,
          0.0017510493179433368,
          0.0015280692549842602,
          0.0015739769150052466,
          0.0016067681007345225,
          0.0016002098635886674,
          0.0016330010493179434,
          0.0015149527806925499,
          0.001554302203567681,
          0.0016067681007345225,
          0.001587093389296957,
          0.0015739769150052466,
          0.0015674186778593913
        ]
      },
      {
        "ratio": "5:1",
        "alpha": 5.0,
        "beta": 1.0,
        "overload_rate": 0.0007148478488982162,
        "over_provisioning_cost": 48922317.6,
        "asymmetric_op_cost": 48965028.4,
        "rmse_mean": 29.672472858428954,
        "overload_rate_values": [
          0.0007214060860440713,
          0.0007476390346274921,
          0.0007214060860440713,
          0.0007148478488982162,
          0.000708289611752361,
          0.0006820566631689402,
          0.0006951731374606506,
          0.0007017313746065058,
          0.0007148478488982162,
          0.0006951731374606506,
          0.0006886149003147954,
          0.0007214060860440713,
          0.0006951731374606506,
          0.0006820566631689402,
          0.0007017313746065058,
          0.0007345225603357817,
          0.0007869884575026233,
          0.0007410807974816369,
          0.0007279643231899265,
          0.0007148478488982162
        ]
      },
      {
        "ratio": "10:1",
        "alpha": 10.0,
        "beta": 1.0,
        "overload_rate": 0.000551219832109129,
        "over_provisioning_cost": 56245312.6,
        "asymmetric_op_cost": 56299617.2,
        "rmse_mean": 37.32297229766846,
        "overload_rate_values": [
          0.0005574501573976915,
          0.0005181007345225604,
          0.0005312172088142707,
          0.0005640083945435467,
          0.0005574501573976915,
          0.0005377754459601259,
          0.0005836831059811123,
          0.0005508919202518363,
          0.0005705666316894018,
          0.0005640083945435467,
          0.0005574501573976915,
          0.0005508919202518363,
          0.0005640083945435467,
          0.0005246589716684155,
          0.0005377754459601259,
          0.0005705666316894018,
          0.0005312172088142707,
          0.0005246589716684155,
          0.0005574501573976915,
          0.0005705666316894018
        ]
      },
      {
        "ratio": "20:1",
        "alpha": 20.0,
        "beta": 1.0,
        "overload_rate": 0.00035119359916054564,
        "over_provisioning_cost": 64523652.8,
        "asymmetric_op_cost": 64587178.0,
        "rmse_mean": 47.90401992797852,
        "overload_rate_values": [
          0.0003607030430220357,
          0.0003344700944386149,
          0.0003607030430220357,
          0.0003279118572927597,
          0.0003410283315844701,
          0.00038693599160545647,
          0.0003213536201469045,
          0.00038693599160545647,
          0.0003213536201469045,
          0.0003410283315844701,
          0.0003475865687303253,
          0.0003541448058761805,
          0.0003541448058761805,
          0.0003279118572927597,
          0.0003607030430220357,
          0.00038037775445960123,
          0.0003279118572927597,
          0.00039349422875131166,
          0.0003279118572927597,
          0.00036726128016789086
        ]
      },
      {
        "ratio": "100:1",
        "alpha": 100.0,
        "beta": 1.0,
        "overload_rate": 0.00010919464847848899,
        "over_provisioning_cost": 89840142.8,
        "asymmetric_op_cost": 89912801.6,
        "rmse_mean": 90.19408531188965,
        "overload_rate_values": [
          0.0001114900314795383,
          9.837355718782791e-05,
          0.0001049317943336831,
          0.0001180482686253935,
          0.0001049317943336831,
          0.0001114900314795383,
          0.0001049317943336831,
          0.0001049317943336831,
          9.181532004197271e-05,
          0.0001114900314795383,
          0.0001049317943336831,
          0.0001049317943336831,
          9.837355718782791e-05,
          0.0001180482686253935,
          0.0001246065057712487,
          0.0001049317943336831,
          0.0001114900314795383,
          0.0001246065057712487,
          0.0001180482686253935,
          0.0001114900314795383
        ]
      }
    ],
    "iTransformer": [
      {
        "ratio": "1:1",
        "alpha": 1.0,
        "beta": 1.0,
        "overload_rate": 0.006656610703043022,
        "over_provisioning_cost": 30363412.7,
        "asymmetric_op_cost": 30409022.9,
        "rmse_mean": 23.97283411026001,
        "overload_rate_values": [
          0.006394281217208814,
          0.006433630640083945,
          0.0062303252885624345,
          0.00660414480587618,
          0.0067812172088142705,
          0.006873032528856244,
          0.007463273871983211,
          0.007214060860440714,
          0.006164742917103882,
          0.007043546694648479,
          0.006420514165792235,
          0.006787775445960126,
          0.008158447009443862,
          0.0064008394543546695,
          0.006420514165792235,
          0.006151626442812172,
          0.006092602308499475,
          0.0074567156348373555,
          0.005784365162644281,
          0.006256558237145855
        ]
      },
      {
        "ratio": "2:1",
        "alpha": 2.0,
        "beta": 1.0,
        "overload_rate": 0.0037850865687303246,
        "over_provisioning_cost": 35587534.8,
        "asymmetric_op_cost": 35645097.6,
        "rmse_mean": 23.891844749450684,
        "overload_rate_values": [
          0.003515215110178384,
          0.0033643756558237145,
          0.003233210912906611,
          0.004171038824763903,
          0.003646379853095488,
          0.003961175236096537,
          0.003974291710388248,
          0.004505508919202518,
          0.003928384050367262,
          0.0036594963273871984,
          0.0031217208814270725,
          0.0038890346274921303,
          0.0035283315844700943,
          0.004085781741867786,
          0.004256295907660021,
          0.004118572927597062,
          0.0032266526757607555,
          0.004112014690451206,
          0.0039021511017838404,
          0.0035020986358866735
        ]
      },
      {
        "ratio": "5:1",
        "alpha": 5.0,
        "beta": 1.0,