{
  "seed": 2,
  "dataset": "abilene",
  "loss": "mse",
  "T_eff": 9606,
  "num_links": 54,
  "models": {
    "LSTM": {
      "forecast": {
        "rmse_mean": 177.1692657470703,
        "mae_mean": 102.07035064697266,
        "mape_mean": 51.20697787955955,
        "smape_mean": 37.77392578125
      },
      "operational": {
        "overload_rate": 0.07253761152366191,
        "sla_violation_rate": 0.07253761152366191,
        "over_provisioning_cost": 297883200.0,
        "asymmetric_op_cost": 307197760.0,
        "u_max_mean": 2.6012957096099854,
        "u_max_max": 8.836956024169922
      }
    }
  }
}