{
  "seed": 123,
  "dataset": "abilene",
  "loss": "asym",
  "T_eff": 9606,
  "num_links": 54,
  "models": {
    "LSTM": {
      "forecast": {
        "rmse_mean": 275.887939453125,
        "mae_mean": 246.11697387695312,
        "mape_mean": 133.47438674502902,
        "smape_mean": 63.26693344116211
      },
      "operational": {
        "overload_rate": 0.027313176178468703,
        "sla_violation_rate": 0.027313176178468703,
        "over_provisioning_cost": 854900096.0,
        "asymmetric_op_cost": 1011570816.0,
        "u_max_mean": 1.5496433973312378,
        "u_max_max": 6.788812160491943
      }
    }
  }
}