{
  "seed": 42,
  "dataset": "abilene",
  "loss": "asym",
  "T_eff": 9606,
  "num_links": 54,
  "models": {
    "LSTM": {
      "forecast": {
        "rmse_mean": 168.55882263183594,
        "mae_mean": 106.52420043945312,
        "mape_mean": 55.123260745295774,
        "smape_mean": 38.84762954711914
      },
      "operational": {
        "overload_rate": 0.05428705824291916,
        "sla_violation_rate": 0.05428705824291916,
        "over_provisioning_cost": 476168192.0,
        "asymmetric_op_cost": 507604768.0,
        "u_max_mean": 2.1260461807250977,
        "u_max_max": 7.5528693199157715
      }
    }
  }
}