{
  "seed": 456,
  "dataset": "abilene",
  "loss": "asym_l1",
  "T_eff": 9606,
  "num_links": 54,
  "models": {
    "LSTM": {
      "forecast": {
        "rmse_mean": 190.62059020996094,
        "mae_mean": 98.05122375488281,
        "mape_mean": 47.09691330238625,
        "smape_mean": 36.53349304199219
      },
      "operational": {
        "overload_rate": 0.07601923180728094,
        "sla_violation_rate": 0.07601923180728094,
        "over_provisioning_cost": 249191840.0,
        "asymmetric_op_cost": 272098144.0,
        "u_max_mean": 2.855497360229492,
        "u_max_max": 8.294926643371582
      }
    }
  }
}