{
  "seed": 42,
  "dataset": "cesnet",
  "loss": "asym_l1",
  "T_eff": 7624,
  "num_links": 20,
  "models": {
    "DLinear": {
      "forecast": {
        "rmse_mean": 24.0799617767334,
        "mae_mean": 13.281033515930176,
        "mape_mean": 42.75717735290527,
        "smape_mean": 35.98106384277344
      },
      "operational": {
        "overload_rate": 0.003239769150052466,
        "sla_violation_rate": 0.003239769150052466,
        "over_provisioning_cost": 32149144.0,
        "asymmetric_op_cost": 32182312.0,
        "u_max_mean": 2.552161455154419,
        "u_max_max": 6.678038120269775
      }
    },
    "iTransformer": {
      "forecast": {
        "rmse_mean": 24.05856704711914,
        "mae_mean": 12.587778091430664,
        "mape_mean": 34.204771995544434,
        "smape_mean": 34.36384201049805
      },
      "operational": {
        "overload_rate": 0.006394281217208814,
        "sla_violation_rate": 0.006394281217208814,
        "over_provisioning_cost": 31736536.0,
        "asymmetric_op_cost": 31778038.0,
        "u_max_mean": 3.2286880016326904,
        "u_max_max": 7.95366096496582
      }
    }
  }
}