{
  "seed": 2048,
  "dataset": "abilene",
  "loss": "asym",
  "T_eff": 9606,
  "num_links": 54,
  "models": {
    "LSTM": {
      "forecast": {
        "rmse_mean": 170.90380859375,
        "mae_mean": 118.24669647216797,
        "mape_mean": 61.792303756431295,
        "smape_mean": 41.92518615722656
      },
      "operational": {
        "overload_rate": 0.0512237721794249,
        "sla_violation_rate": 0.0512237721794249,
        "over_provisioning_cost": 436350208.0,
        "asymmetric_op_cost": 470330336.0,
        "u_max_mean": 2.086974620819092,
        "u_max_max": 6.467092990875244
      }
    },
    "LSTM_CQR": {
      "forecast": {
        "rmse_mean": null,
        "mae_mean": null,
        "mape_mean": null,
        "smape_mean": null
      },
      "operational": {
        "overload_rate": 0.044312582413769175,
        "sla_violation_rate": 0.044312582413769175,
        "over_provisioning_cost": 604055781.0709211,
        "asymmetric_op_cost": 631984466.0911294,
        "u_max_mean": 1.8527840735581704,
        "u_max_max": 6.619994039177785
      },
      "calibration": {
        "method": "cqr",
        "target_alpha": 0.2,
        "qhat_mean": 35.585901882913376,
        "qhat_per_link": [
          0.2214677333831787,
          -0.26514482498168945,
          35.64717102050781,
          8.167734146118164,
          62.718284606933594,
          57.25262451171875,
          69.11953735351562,
          72.29550170898438,
          14.666915893554688,
          15.324310302734375,
          40.410308837890625,
          4.350010871887207,
          24.3013916015625,
          9.824424743652344,
          135.06698608398438,
          18.22283935546875,
          23.158843994140625,
          -11.488887786865234,
          87.32406616210938,
          29.92357635498047,
          53.74971008300781,
          105.03158569335938,
          45.558746337890625,
          57.38853454589844,
          -10.966033935546875,
          4.503482818603516,
          17.432540893554688,
          10.38389778137207,
          56.52293395996094,
          56.92401123046875,
          0.2919187545776367,
          -0.2640380859375,
          19.97618865966797,
          35.92335510253906,
          12.28570556640625,
          121.17971801757812,
          6.7424468994140625,
          19.753524780273438,
          12.706802368164062,
          -26.187408447265625,
          51.08204650878906,
          43.94459533691406,
          8.540023803710938,
          10.196922302246094,
          85.61781311035156,
          28.620208740234375,
          118.92002868652344,
          82.70939636230469,
          3.7985305786132812,
          0.39641761779785156,
          20.246963500976562,
          8.762069702148438,
          92.7158203125,
          70.90827941894531
        ],
        "coverage_overall": 0.7490148903848675,
        "mean_width": 222.04425048828125
      }
    },
    "LSTM_ACI": {
      "forecast": {
        "rmse_mean": null,
        "mae_mean": null,
        "mape_mean": null,
        "smape_mean": null
      },
      "operational": {
        "overload_rate": 0.0015094732458879867,
        "sla_violation_rate": 0.0015094732458879867,
        "over_provisioning_cost": 843481386.4732,
        "asymmetric_op_cost": 844000520.3550931,
        "u_max_mean": 1.2056593707862346,
        "u_max_max": 3.6512204909295187
      },
      "calibration": {
        "method": "aci",
        "target_alpha": 0.2,
        "gamma": 0.005,
        "window": 500,
        "qhat_mean": 82.32648412386577,
        "alpha_final_mean": 0.18437062962962966,
        "coverage_overall": 0.7892250985109616,
        "mean_width": 270.7520446777344
      }
    }
  },
  "calibration": "both",
  "target_alpha": 0.2
}