{
  "seed": 271828,
  "dataset": "abilene",
  "loss": "asym_l1",
  "T_eff": 9606,
  "num_links": 54,
  "models": {
    "LSTM": {
      "forecast": {
        "rmse_mean": 249.12721252441406,
        "mae_mean": 199.01414489746094,
        "mape_mean": 106.9853783360234,
        "smape_mean": 57.8466796875
      },
      "operational": {
        "overload_rate": 0.026412890091840748,
        "sla_violation_rate": 0.026412890091840748,
        "over_provisioning_cost": 551806400.0,
        "asymmetric_op_cost": 683079232.0,
        "u_max_mean": 1.7445175647735596,
        "u_max_max": 5.9933552742004395
      }
    }
  }
}