{
  "seed": 256,
  "dataset": "abilene",
  "loss": "asym",
  "T_eff": 9606,
  "num_links": 54,
  "models": {
    "DLinear": {
      "forecast": {
        "rmse_mean": 291.28564453125,
        "mae_mean": 189.92567443847656,
        "mape_mean": 75.23994442268655,
        "smape_mean": 44.46613311767578
      },
      "operational": {
        "overload_rate": 0.0,
        "sla_violation_rate": 0.0,
        "over_provisioning_cost": 1954674432.0,
        "asymmetric_op_cost": 1954674432.0,
        "u_max_mean": 0.7344632148742676,
        "u_max_max": 0.9485141634941101
      }
    },
    "iTransformer": {
      "forecast": {
        "rmse_mean": 166.9076385498047,
        "mae_mean": 75.66690826416016,
        "mape_mean": 38.60727852362174,
        "smape_mean": 26.38137435913086
      },
      "operational": {
        "overload_rate": 0.0,
        "sla_violation_rate": 0.0,
        "over_provisioning_cost": 2339073536.0,
        "asymmetric_op_cost": 2339073536.0,
        "u_max_mean": 0.47433698177337646,
        "u_max_max": 0.8371661901473999
      }
    }
  }
}