{
  "seed": 17,
  "dataset": "geant",
  "loss": "asym",
  "T_eff": 2083,
  "num_links": 58,
  "models": {
    "LSTM": {
      "forecast": {
        "rmse_mean": 2588.12646484375,
        "mae_mean": 2420.775634765625,
        "mape_mean": 1044.3396012207556,
        "smape_mean": 146.2254638671875
      },
      "operational": {
        "overload_rate": 0.23965765556971874,
        "sla_violation_rate": 0.23965765556971874,
        "over_provisioning_cost": 356840064.0,
        "asymmetric_op_cost": 542232192.0,
        "u_max_mean": 174172852453376.0,
        "u_max_max": 2318928273473536.0
      }
    },
    "LSTM_CQR": {
      "forecast": {
        "rmse_mean": null,
        "mae_mean": null,
        "mape_mean": null,
        "smape_mean": null
      },
      "operational": {
        "overload_rate": 0.00521462744383929,
        "sla_violation_rate": 0.00521462744383929,
        "over_provisioning_cost": 327780632.3166679,
        "asymmetric_op_cost": 327978956.9074892,
        "u_max_mean": 0.6936430337804483,
        "u_max_max": 2.1633144741607597
      },
      "calibration": {
        "method": "cqr",
        "target_alpha": 0.05,
        "qhat_mean": 1078.085699826479,
        "qhat_per_link": [
          790.7987670898438,
          545.3133544921875,
          2547.0595703125,
          568.9691772460938,
          -681.7537841796875,
          -496.5047912597656,
          1893.9046630859375,
          2624.247802734375,
          5634.5869140625,
          3020.679443359375,
          1034.5626220703125,
          1474.373291015625,
          7883.46435546875,
          -606.675048828125,
          205.39822387695312,
          1601.7730712890625,
          -66.96218872070312,
          13.74298095703125,
          1151.908935546875,
          3120.768310546875,
          431.86981201171875,
          1021.6378173828125,
          389.922119140625,
          3091.44287109375,
          180.57516479492188,
          38.929046630859375,
          920.4400634765625,
          46.01434326171875,
          8972.7822265625,
          -59.56773376464844,
          20.479507446289062,
          1503.917236328125,
          197.27145385742188,
          -3.374249219894409,
          1536.460693359375,
          2957.322998046875,
          2108.7353515625,
          37.764923095703125,
          6.278656005859375,
          772.1643676757812,
          115.0401611328125,
          0.8383509516716003,
          101.34735107421875,
          1023.4593505859375,
          345.2154541015625,
          192.96165466308594,
          7.655291557312012,
          893.1077880859375,
          -19.231395721435547,
          1.9375818967819214,
          102.0001449584961,
          1098.1419677734375,
          25.83197021484375,
          87.42607116699219,
          -2.451259136199951,
          15.383325576782227,
          253.95065307617188,
          1855.6337890625
        ],
        "coverage_overall": 0.966568444054497,
        "mean_width": 3970.1083984375
      }
    },
    "LSTM_ACI": {
      "forecast": {
        "rmse_mean": null,
        "mae_mean": null,
        "mape_mean": null,
        "smape_mean": null
      },
      "operational": {
        "overload_rate": 0.0006787292863409869,
        "sla_violation_rate": 0.0006787292863409869,
        "over_provisioning_cost": 293957477.83724964,
        "asymmetric_op_cost": 293964743.1177777,
        "u_max_mean": 0.6689354429522263,
        "u_max_max": 2.0169510100143793
      },
      "calibration": {
        "method": "aci",
        "target_alpha": 0.05,
        "gamma": 0.005,
        "window": 500,
        "qhat_mean": 697.0382062381711,
        "alpha_final_mean": 0.06509548275862083,
        "coverage_overall": 0.9382190805701326,
        "mean_width": 3239.240234375
      }
    }
  },
  "calibration": "both",
  "target_alpha": 0.05
}