{
  "per_link": {
    "rmse": [
      21.777578353881836,
      11.974994659423828,
      23.12670135498047,
      10.329008102416992,
      22.51946258544922,
      21.345109939575195,
      14.886689186096191,
      14.420044898986816,
      20.201642990112305,
      20.231550216674805,
      19.527690887451172,
      11.855384826660156,
      14.824132919311523,
      18.02750015258789,
      16.284488677978516,
      18.061744689941406,
      21.39236068725586,
      10.514586448669434,
      13.926335334777832,
      4.8719482421875,
      17.648944854736328,
      12.897526741027832,
      15.565641403198242,
      11.661767959594727,
      16.54201889038086,
      19.063739776611328,
      18.92950439453125,
      17.117935180664062,
      16.602088928222656,
      19.422954559326172,
      6.682049751281738,
      9.587435722351074,
      13.315251350402832,
      25.456106185913086,
      17.38723373413086,
      10.266016006469727,
      24.44618797302246,
      11.989829063415527,
      22.902494430541992,
      14.572842597961426,
      13.968382835388184,
      19.80694007873535,
      15.240949630737305,
      14.48034381866455,
      15.129064559936523,
      16.161148071289062,
      11.580184936523438,
      20.386734008789062
    ],
    "mae": [
      15.722749710083008,
      8.456415176391602,
      17.587188720703125,
      7.827929496765137,
      17.048913955688477,
      16.002525329589844,
      11.233959197998047,
      10.35721492767334,
      15.412813186645508,
      14.490376472473145,
      14.159469604492188,
      8.515030860900879,
      10.977499961853027,
      13.518953323364258,
      12.112428665161133,
      13.740278244018555,
      16.934633255004883,
      7.072839736938477,
      10.31529426574707,
      3.255722761154175,
      12.221489906311035,
      9.620849609375,
      11.817856788635254,
      8.17365837097168,
      12.36205005645752,
      14.15125846862793,
      13.915313720703125,
      13.3340482711792,
      12.294476509094238,
      14.297720909118652,
      4.389360427856445,
      6.783252239227295,
      9.873085975646973,
      18.49578857421875,
      13.550362586975098,
      7.475671768188477,
      18.048864364624023,
      9.337337493896484,
      17.248291015625,
      11.18733024597168,
      10.399730682373047,
      14.940101623535156,
      11.713282585144043,
      10.450234413146973,
      10.785713195800781,
      12.394451141357422,
      8.733715057373047,
      15.48823356628418
    ],
    "mape": [
      21.308752059936523,
      45.68425369262695,
      18.723220825195312,
      26.695308685302734,
      18.97291374206543,
      15.8247709274292,
      24.111804962158203,
      24.299427032470703,
      20.123464584350586,
      29.05939292907715,
      17.136131286621094,
      44.64094543457031,
      21.571044921875,
      17.013259887695312,
      15.670308113098145,
      18.407743453979492,
      17.470691680908203,
      43.59495162963867,
      26.989307403564453,
      41.67588806152344,
      19.13680076599121,
      25.48191261291504,
      21.840023040771484,
      39.26751708984375,
      22.696029663085938,
      19.811548233032227,
      24.313947677612305,
      17.796585083007812,
      21.805980682373047,
      20.67864418029785,
      48.366676330566406,
      50.817657470703125,
      21.018718719482422,
      16.67816925048828,
      16.80805015563965,
      30.052125930786133,
      16.81262969970703,
      31.62900733947754,
      17.77271270751953,
      18.445161819458008,
      22.893840789794922,
      19.465055465698242,
      25.81683921813965,
      35.37068176269531,
      44.81733322143555,
      21.544252395629883,
      24.71384048461914,
      18.14855194091797
    ]
  },
  "aggregated": {
    "rmse_mean": 16.227296829223633,
    "rmse_median": 16.22281837463379,
    "rmse_p90": 22.00014305114746,
    "mae_mean": 12.046370506286621,
    "mae_median": 12.166959762573242,
    "mae_p90": 16.968917846679688,
    "mape_mean": 25.478622396787006,
    "mape_median": 21.688512802124023,
    "mape_p90": 43.90874977111817,
    "smape_mean": 22.996109008789062,
    "smape_median": 19.561656951904297,
    "smape_p90": 32.5413818359375,
    "mape_pct_excluded_mean": 0.7964852607709751,
    "mape_pct_excluded_median": 0.0,
    "mape_pct_excluded_p90": 0.8435374149659903,
    "mape_threshold": 1.0
  }
}