{
  "per_link": {
    "rmse": [
      38.52793974740168,
      20.937887673837615,
      29.588146429514456,
      12.729503154165501,
      23.21456434775175,
      37.210426773085565,
      19.993316679234525,
      25.73739819805429,
      77.8557596068208,
      22.184518984441343,
      37.88122621235367,
      14.6405305959166,
      23.300708944410605,
      41.095322502370884,
      19.08000120584108,
      20.488445428111916,
      41.46966762285271,
      16.219651947480234,
      22.888566980130935,
      6.367747470095533,
      23.134643546271462,
      13.853710253818816,
      18.718096996546493,
      22.68932427215946,
      20.851799542879945,
      32.33389033836929,
      21.62641974729725,
      21.799805602307973,
      27.13209459392107,
      23.510227765877335,
      9.992384982826566,
      17.680062988079126,
      13.839841279088295,
      38.06533564121213,
      24.665374269992714,
      18.670399531991006,
      28.000210760860092,
      15.33354234745892,
      31.490437843111287,
      18.23962078743178,
      35.13493580621802,
      21.663891253957324,
      24.582051842967818,
      27.122904094067945,
      29.873769489851814,
      31.3786603088425,
      15.052593206246096,
      24.59913969151843
    ],
    "mae": [
      32.22111050477611,
      17.35887475055617,
      24.24769099852406,
      9.836028384526713,
      17.742324731107864,
      29.50509809302523,
      16.004658202999178,
      21.61027928837346,
      64.43101373395582,
      16.893303859001637,
      31.994933234710363,
      11.34583450790125,
      19.174482005882385,
      33.757159182512375,
      15.245045770937557,
      15.745382711584067,
      35.473195471428724,
      12.909799716877638,
      17.917856160901543,
      4.719999629327491,
      17.344523583131643,
      10.411643348024082,
      13.982704587504209,
      17.75810758646236,
      15.441067062779771,
      25.650555614821325,
      15.561401183841712,
      16.96025494227539,
      21.883823085327634,
      18.260654686817425,
      7.624675835410946,
      14.545902775022522,
      10.204287323767732,
      30.525777270330792,
      19.385241650478573,
      14.784014550754998,
      20.200296474807054,
      11.951382296308285,
      24.778247530908974,
      14.785106750491895,
      30.157620727073557,
      16.63817507513183,
      20.273519280301983,
      21.429294751876743,
      25.24083614961141,
      25.40357524860352,
      12.387656733400014,
      20.009453459320817
    ],
    "mape": [
      52.280687498780544,
      128.65566415101486,
      28.299660752509837,
      29.869670018297747,
      20.03513049922652,
      26.320170527988594,
      37.6384538783294,
      61.60732097840255,
      60.37398571108133,
      36.99984852537514,
      44.70243777070423,
      69.24549579756048,
      43.71958593727043,
      35.50473626415319,
      21.252257278559096,
      20.30337503913032,
      41.55920354273233,
      101.28226214992566,
      42.806708774565536,
      55.727505588238365,
      24.929398979696217,
      27.22119584214316,
      22.515855247660202,
      58.32049072786896,
      23.92639308920807,
      30.328939204782618,
      24.294548133745,
      20.39458102313609,
      46.115300204320924,
      25.655306381190123,
      102.41188152055078,
      156.8541939783085,
      21.247205223401338,
      26.255902056156177,
      21.063721271162883,
      47.387156303475834,
      17.216915012172038,
      33.48416349516314,
      24.343569342909536,
      26.974956324276878,
      51.83149319307564,
      21.987791904230647,
      51.4824699217313,
      57.668727260925266,
      122.65041978574381,
      37.034382159075335,
      39.10415292224019,
      25.59495049476066
    ]
  },
  "aggregated": {
    "rmse_mean": 25.050968735188388,
    "rmse_median": 23.011605263201197,
    "rmse_p90": 37.936459041011204,
    "mae_mean": 20.035705635489517,
    "mae_median": 17.75021615878511,
    "mae_p90": 30.96652405964467,
    "mape_mean": 44.71833795181161,
    "mape_median": 36.25229239476417,
    "mape_p90": 78.85652570327017,
    "smape_mean": 36.65310743432957,
    "smape_median": 30.404083363558637,
    "smape_p90": 65.46209229991891,
    "mape_pct_excluded_mean": 0.7615654688145396,
    "mape_pct_excluded_median": 0.0,
    "mape_pct_excluded_p90": 0.7682775712515509,
    "mape_threshold": 1.0
  }
}