{
  "seed": 271828,
  "dataset": "cesnet",
  "loss": "asym",
  "T_eff": 7624,
  "num_links": 20,
  "models": {
    "DLinear": {
      "forecast": {
        "rmse_mean": 24.054967880249023,
        "mae_mean": 14.086718559265137,
        "mape_mean": 53.954921054840085,
        "smape_mean": 39.24056625366211
      },
      "operational": {
        "overload_rate": 0.0029839979013641135,
        "sla_violation_rate": 0.0029839979013641135,
        "over_provisioning_cost": 32879192.0,
        "asymmetric_op_cost": 32909016.0,
        "u_max_mean": 2.5107998847961426,
        "u_max_max": 5.289780139923096
      }
    },
    "iTransformer": {
      "forecast": {
        "rmse_mean": 23.70639419555664,
        "mae_mean": 13.040791511535645,
        "mape_mean": 40.119426536560056,
        "smape_mean": 35.39765548706055
      },
      "operational": {
        "overload_rate": 0.0038103357817418676,
        "sla_violation_rate": 0.0038103357817418676,
        "over_provisioning_cost": 37502024.0,
        "asymmetric_op_cost": 37528968.0,
        "u_max_mean": 2.6669816970825195,
        "u_max_max": 5.3168044090271
      }
    }
  }
}