{
  "seed": 65521,
  "dataset": "cesnet",
  "loss": "asym_l1",
  "T_eff": 7624,
  "num_links": 20,
  "models": {
    "DLinear": {
      "forecast": {
        "rmse_mean": 37.930824279785156,
        "mae_mean": 30.235631942749023,
        "mape_mean": 125.9518648147583,
        "smape_mean": 64.40811157226562
      },
      "operational": {
        "overload_rate": 0.0005246589716684155,
        "sla_violation_rate": 0.0005246589716684155,
        "over_provisioning_cost": 56994724.0,
        "asymmetric_op_cost": 57046168.0,
        "u_max_mean": 1.4825680255889893,
        "u_max_max": 2.688443899154663
      }
    },
    "iTransformer": {
      "forecast": {
        "rmse_mean": 36.94798278808594,
        "mae_mean": 27.055932998657227,
        "mape_mean": 104.47064590454102,
        "smape_mean": 57.511863708496094
      },
      "operational": {
        "overload_rate": 0.0006361490031479538,
        "sla_violation_rate": 0.0006361490031479538,
        "over_provisioning_cost": 55668512.0,
        "asymmetric_op_cost": 55731960.0,
        "u_max_mean": 1.6183745861053467,
        "u_max_max": 2.570432662963867
      }
    }
  }
}