{
  "seed": 123,
  "dataset": "abilene",
  "loss": "asym_l1",
  "T_eff": 9606,
  "num_links": 54,
  "models": {
    "DLinear": {
      "forecast": {
        "rmse_mean": 81.03724670410156,
        "mae_mean": 43.870174407958984,
        "mape_mean": 22.515018268867774,
        "smape_mean": 18.96996307373047
      },
      "operational": {
        "overload_rate": 3.855614932025509e-06,
        "sla_violation_rate": 3.855614932025509e-06,
        "over_provisioning_cost": 1334875392.0,
        "asymmetric_op_cost": 1334875648.0,
        "u_max_mean": 0.8324776291847229,
        "u_max_max": 1.0242676734924316
      }
    },
    "iTransformer": {
      "forecast": {
        "rmse_mean": 100.86302185058594,
        "mae_mean": 44.95579147338867,
        "mape_mean": 23.75918217058535,
        "smape_mean": 18.415245056152344
      },
      "operational": {
        "overload_rate": 0.0,
        "sla_violation_rate": 0.0,
        "over_provisioning_cost": 1798594048.0,
        "asymmetric_op_cost": 1798594048.0,
        "u_max_mean": 0.609734058380127,
        "u_max_max": 0.8456336259841919
      }
    }
  }
}