{
  "seed": 123,
  "dataset": "abilene",
  "loss": "asym_l1",
  "T_eff": 9606,
  "num_links": 54,
  "models": {
    "LSTM": {
      "forecast": {
        "rmse_mean": 194.37559509277344,
        "mae_mean": 159.60118103027344,
        "mape_mean": 84.3080828278153,
        "smape_mean": 51.602603912353516
      },
      "operational": {
        "overload_rate": 0.037769603874121885,
        "sla_violation_rate": 0.037769603874121885,
        "over_provisioning_cost": 665115712.0,
        "asymmetric_op_cost": 760621440.0,
        "u_max_mean": 1.7301851511001587,
        "u_max_max": 7.041284561157227
      }
    }
  }
}