{
  "seed": 17,
  "dataset": "geant",
  "loss": "asym_l1",
  "T_eff": 2083,
  "num_links": 58,
  "models": {
    "DLinear": {
      "forecast": {
        "rmse_mean": 131.17274475097656,
        "mae_mean": 106.34526062011719,
        "mape_mean": 39.72172042008104,
        "smape_mean": 29.694744110107422
      },
      "operational": {
        "overload_rate": 0.008186137368185806,
        "sla_violation_rate": 0.008186137368185806,
        "over_provisioning_cost": 64388136.0,
        "asymmetric_op_cost": 64605232.0,
        "u_max_mean": 1.1444017887115479,
        "u_max_max": 4.027561187744141
      }
    },
    "iTransformer": {
      "forecast": {
        "rmse_mean": 70.30335998535156,
        "mae_mean": 49.144256591796875,
        "mape_mean": 18.980940596810704,
        "smape_mean": 17.087495803833008
      },
      "operational": {
        "overload_rate": 0.0004221365073584187,
        "sla_violation_rate": 0.0004221365073584187,
        "over_provisioning_cost": 77799200.0,
        "asymmetric_op_cost": 77800072.0,
        "u_max_mean": 1.0044959783554077,
        "u_max_max": 1.8751167058944702
      }
    }
  }
}