{
  "seed": 512,
  "dataset": "abilene",
  "loss": "mse",
  "T_eff": 9606,
  "num_links": 54,
  "models": {
    "DLinear": {
      "forecast": {
        "rmse_mean": 46.062808990478516,
        "mae_mean": 19.404600143432617,
        "mape_mean": 9.37771867381202,
        "smape_mean": 9.020306587219238
      },
      "operational": {
        "overload_rate": 0.000109885025562727,
        "sla_violation_rate": 0.000109885025562727,
        "over_provisioning_cost": 997585024.0,
        "asymmetric_op_cost": 997587200.0,
        "u_max_mean": 0.9892996549606323,
        "u_max_max": 1.1309765577316284
      }
    },
    "iTransformer": {
      "forecast": {
        "rmse_mean": 47.988216400146484,
        "mae_mean": 18.187490463256836,
        "mape_mean": 8.998875154389275,
        "smape_mean": 8.799543380737305
      },
      "operational": {
        "overload_rate": 1.9278074660127545e-05,
        "sla_violation_rate": 1.9278074660127545e-05,
        "over_provisioning_cost": 1067540800.0,
        "asymmetric_op_cost": 1067540992.0,
        "u_max_mean": 0.9409452080726624,
        "u_max_max": 1.0896347761154175
      }
    }
  }
}