{
  "seed": 100003,
  "dataset": "geant",
  "loss": "asym",
  "T_eff": 2083,
  "num_links": 58,
  "models": {
    "LSTM": {
      "forecast": {
        "rmse_mean": 2932.664306640625,
        "mae_mean": 2882.05908203125,
        "mape_mean": 1245.1863647000544,
        "smape_mean": 133.48399353027344
      },
      "operational": {
        "overload_rate": 0.16599897362888408,
        "sla_violation_rate": 0.16599897362888408,
        "over_provisioning_cost": 454508032.0,
        "asymmetric_op_cost": 545308160.0,
        "u_max_mean": 117229781778432.0,
        "u_max_max": 2641998397833216.0
      }
    },
    "LSTM_CQR": {
      "forecast": {
        "rmse_mean": null,
        "mae_mean": null,
        "mape_mean": null,
        "smape_mean": null
      },
      "operational": {
        "overload_rate": 0.01305312298243581,
        "sla_violation_rate": 0.01305312298243581,
        "over_provisioning_cost": 452918316.78948295,
        "asymmetric_op_cost": 453540223.4514941,
        "u_max_mean": 0.6940146801934048,
        "u_max_max": 2.34545467114108
      },
      "calibration": {
        "method": "cqr",
        "target_alpha": 0.1,
        "qhat_mean": 890.0568690269158,
        "qhat_per_link": [
          -1412.831787109375,
          118.3343505859375,
          3090.91943359375,
          83.35725402832031,
          -450.3851318359375,
          -1627.6702880859375,
          -3270.873046875,
          2738.6259765625,
          2960.33056640625,
          -1828.914306640625,
          -24.4129638671875,
          91.20111083984375,
          6222.083984375,
          -580.2236328125,
          1279.7679443359375,
          -279.035400390625,
          371.0091247558594,
          20.39569091796875,
          -497.81500244140625,
          4967.892578125,
          4956.7939453125,
          1913.7926025390625,
          358.99139404296875,
          1693.4019775390625,
          774.4833374023438,
          -31.27447509765625,
          1195.166748046875,
          4129.2705078125,
          15867.4716796875,
          -180.72409057617188,
          46.59638977050781,
          919.479736328125,
          -127.73269653320312,
          2.261733055114746,
          1201.02099609375,
          7559.88525390625,
          -2742.818115234375,
          -68.86886596679688,
          3.5700902938842773,
          40.7646484375,
          25.42474365234375,
          0.9548884034156799,
          23.980518341064453,
          4647.55078125,
          -66.92160034179688,
          -123.86273193359375,
          4.697823524475098,
          928.4777221679688,
          141.53787231445312,
          0.48259854316711426,
          -70.09419250488281,
          -5547.87939453125,
          271.80792236328125,
          -16.19186782836914,
          -2.7611069679260254,
          7.609039306640625,
          240.08151245117188,
          1675.1146240234375
        ],
        "coverage_overall": 0.8859155395897826,
        "mean_width": 4116.052734375
      }
    },
    "LSTM_ACI": {
      "forecast": {
        "rmse_mean": null,
        "mae_mean": null,
        "mape_mean": null,
        "smape_mean": null
      },
      "operational": {
        "overload_rate": 0.0009932623702551028,
        "sla_violation_rate": 0.0009932623702551028,
        "over_provisioning_cost": 454180348.7453679,
        "asymmetric_op_cost": 454189250.0862149,
        "u_max_mean": 0.673559132873682,
        "u_max_max": 2.4645134986948842
      },
      "calibration": {
        "method": "aci",
        "target_alpha": 0.1,
        "gamma": 0.005,
        "window": 500,
        "qhat_mean": 714.401685578042,
        "alpha_final_mean": 0.12168143103448281,
        "coverage_overall": 0.8775638584932209,
        "mean_width": 3783.26953125
      }
    }
  },
  "calibration": "both",
  "target_alpha": 0.1
}