{
  "seed": 256,
  "dataset": "cesnet",
  "loss": "asym",
  "T_eff": 7624,
  "num_links": 20,
  "models": {
    "DLinear": {
      "forecast": {
        "rmse_mean": 77.36441802978516,
        "mae_mean": 69.91340637207031,
        "mape_mean": 339.329976272583,
        "smape_mean": 103.79289245605469
      },
      "operational": {
        "overload_rate": 0.00015739769150052466,
        "sla_violation_rate": 0.00015739769150052466,
        "over_provisioning_cost": 77583104.0,
        "asymmetric_op_cost": 77722152.0,
        "u_max_mean": 1.1190418004989624,
        "u_max_max": 1.6162275075912476
      }
    },
    "iTransformer": {
      "forecast": {
        "rmse_mean": 68.31775665283203,
        "mae_mean": 54.29736328125,
        "mape_mean": 246.05728988647462,
        "smape_mean": 89.90608215332031
      },
      "operational": {
        "overload_rate": 0.00013772298006295907,
        "sla_violation_rate": 0.00013772298006295907,
        "over_provisioning_cost": 75940048.0,
        "asymmetric_op_cost": 76078200.0,
        "u_max_mean": 1.1278724670410156,
        "u_max_max": 1.487248420715332
      }
    }
  }
}