{
  "seed": 7,
  "dataset": "abilene",
  "loss": "asym_l1",
  "T_eff": 9606,
  "num_links": 54,
  "models": {
    "DLinear": {
      "forecast": {
        "rmse_mean": 81.7210464477539,
        "mae_mean": 43.92441177368164,
        "mape_mean": 21.90930567847358,
        "smape_mean": 18.56155776977539
      },
      "operational": {
        "overload_rate": 0.0,
        "sla_violation_rate": 0.0,
        "over_provisioning_cost": 1349543552.0,
        "asymmetric_op_cost": 1349543552.0,
        "u_max_mean": 0.8240942358970642,
        "u_max_max": 0.9939594268798828
      }
    },
    "iTransformer": {
      "forecast": {
        "rmse_mean": 91.44247436523438,
        "mae_mean": 42.260921478271484,
        "mape_mean": 22.52930215553001,
        "smape_mean": 17.83547592163086
      },
      "operational": {
        "overload_rate": 0.0,
        "sla_violation_rate": 0.0,
        "over_provisioning_cost": 1513860352.0,
        "asymmetric_op_cost": 1513860352.0,
        "u_max_mean": 0.7035455107688904,
        "u_max_max": 0.8785382509231567
      }
    }
  }
}