{
  "per_link": {
    "rmse": [
      1.9791178703308105,
      2.651014566421509,
      13.775492668151855,
      6.081911087036133,
      15.641544342041016,
      125.52226257324219,
      18.08449363708496,
      158.04823303222656,
      115.60569763183594,
      9.294439315795898,
      16.820640563964844,
      4.621896266937256,
      15.287050247192383,
      29.825098037719727,
      155.0304718017578,
      118.83087921142578,
      119.28833770751953,
      5.744119644165039,
      156.8168487548828,
      17.7014102935791,
      159.22999572753906,
      22.269697189331055,
      19.740482330322266,
      159.53057861328125,
      116.02115631103516,
      5.956211090087891,
      19.159683227539062,
      29.948022842407227,
      24.897279739379883,
      27.84346580505371,
      1.9791178703308105,
      2.651014566421509,
      13.28339958190918,
      39.01294708251953,
      125.06688690185547,
      155.71640014648438,
      19.280601501464844,
      11.959268569946289,
      13.390728950500488,
      13.88353157043457,
      18.075332641601562,
      22.10347557067871,
      6.4034857749938965,
      9.935161590576172,
      158.89781188964844,
      122.13116455078125,
      19.440950393676758,
      21.248703002929688,
      6.340417385101318,
      7.56746244430542,
      35.73505783081055,
      11.804322242736816,
      37.5049934387207,
      24.505571365356445
    ],
    "mae": [
      0.909620463848114,
      1.9673899412155151,
      10.07962703704834,
      4.161329746246338,
      9.923572540283203,
      38.75518035888672,
      13.428757667541504,
      39.14889144897461,
      23.84593963623047,
      6.606398582458496,
      11.06594181060791,
      2.750558376312256,
      10.142887115478516,
      12.717802047729492,
      38.85170364379883,
      28.828834533691406,
      27.056461334228516,
      3.999690532684326,
      38.522891998291016,
      11.20086669921875,
      31.954296112060547,
      16.286054611206055,
      14.247791290283203,
      30.973392486572266,
      28.902774810791016,
      4.021972179412842,
      10.056319236755371,
      9.481493949890137,
      18.828205108642578,
      20.861679077148438,
      0.909620463848114,
      1.9673899412155151,
      9.58302116394043,
      25.924530029296875,
      36.230560302734375,
      38.09806823730469,
      14.637682914733887,
      9.047356605529785,
      7.890033721923828,
      9.369237899780273,
      12.880643844604492,
      15.205690383911133,
      4.663978099822998,
      7.420517444610596,
      37.50082015991211,
      34.06768035888672,
      13.547877311706543,
      15.963274955749512,
      4.267426490783691,
      5.344106197357178,
      17.158123016357422,
      8.284392356872559,
      28.066791534423828,
      17.763395309448242
    ],
    "mape": [
      18.649816513061523,
      24.64276885986328,
      6.744554042816162,
      7.222787857055664,
      7.249364852905273,
      6.0139288902282715,
      5.637670040130615,
      5.917859077453613,
      8.780073165893555,
      4.965261936187744,
      9.92236614227295,
      10.054123878479004,
      8.383471488952637,
      12.186117172241211,
      5.772559642791748,
      5.042974472045898,
      5.175099849700928,
      9.052319526672363,
      5.569696426391602,
      10.023472785949707,
      8.124334335327148,
      3.6967945098876953,
      5.657891750335693,
      9.935836791992188,
      8.906952857971191,
      5.143191814422607,
      6.422939300537109,
      14.666275978088379,
      7.562581539154053,
      4.854961395263672,
      18.649816513061523,
      24.64276885986328,
      7.1154890060424805,
      11.054997444152832,
      11.0518798828125,
      6.454639911651611,
      6.770583152770996,
      5.774319171905518,
      11.781291007995605,
      8.465292930603027,
      7.50299596786499,
      6.371584415435791,
      5.128756046295166,
      7.303462982177734,
      7.866295337677002,
      8.057310104370117,
      4.533506393432617,
      5.866151332855225,
      7.002904415130615,
      9.175734519958496,
      8.059282302856445,
      3.87188982963562,
      4.45697021484375,
      5.297551155090332
    ]
  },
  "aggregated": {
    "rmse_mean": 47.947505950927734,
    "rmse_median": 19.360774993896484,
    "rmse_p90": 155.5106201171875,
    "mae_mean": 16.580936431884766,
    "mae_median": 13.154701232910156,
    "mae_p90": 37.1197395324707,
    "mape_mean": 8.41173184801031,
    "mape_median": 7.236076354980469,
    "mape_p90": 12.06466932296753,
    "smape_mean": 8.28781509399414,
    "smape_median": 7.232501983642578,
    "smape_p90": 12.48705768585205,
    "mape_pct_excluded_mean": 0.2008775379585289,
    "mape_pct_excluded_median": 0.0,
    "mape_pct_excluded_p90": 0.0,
    "mape_threshold": 1.0
  },
  "model_name": "amazon/chronos-bolt-tiny",
  "context_length": 72
}