{
  "forecasting": {
    "SARIMA": {
      "rmse_mean": 25.008079383246308,
      "rmse_median": 22.789480030874806,
      "rmse_p90": 37.967644137920324,
      "mae_mean": 19.99357045255706,
      "mae_median": 17.750208925140647,
      "mae_p90": 31.011018070729857,
      "mape_mean": 44.60611840088554,
      "mape_median": 36.241419945725696,
      "mape_p90": 78.85660173725621
    },
    "LSTM": {
      "rmse_mean": 16.310686111450195,
      "rmse_median": 16.381187438964844,
      "rmse_p90": 22.255348205566406,
      "mae_mean": 12.07559585571289,
      "mae_median": 12.199644088745117,
      "mae_p90": 17.03577995300293,
      "mape_mean": 25.401857376098633,
      "mape_median": 21.747015953063965,
      "mape_p90": 43.11639251708984
    }
  },
  "capacity_planning": {
    "SARIMA": {
      "u_max_per_link": [
        1.7692025926578019,
        2.5193444098943756,
        1.5551349927605762,
        2.4270685745530325,
        1.8631271431316818,
        2.209886760396569,
        2.028995971025854,
        2.045893561253633,
        2.429451771245203,
        2.4063674418403966,
        1.7511459192278325,
        3.1513917762412493,
        2.073446919084584,
        2.894623359627118,
        1.6586546679690652,
        2.1870724195727145,
        1.7568694242574079,
        2.853783251074053,
        3.6466296646077256,
        6.956954560774596,
        3.4365546439878805,
        2.584494908974103,
        2.386886238130936,
        7.709154709905272,
        2.853650144442158,
        2.682503853184436,
        2.615688135378599,
        2.0533976717275735,
        2.6298450903478097,
        2.2475586299141312,
        4.809625363666579,
        3.0380449993993386,
        2.393099099958588,
        2.2711637666654676,
        2.103260359456538,
        4.1095296642370425,
        2.0112960405811267,
        2.9876274685486037,
        2.0720712085597106,
        1.478863191888393,
        3.894446721960984,
        1.6708398318358462,
        1.8146788445368824,
        4.582218256933155,
        2.3738674788407708,
        2.7813783131137533,
        1.7574384801749938,
        1.8772099039860255
      ],
      "f_over_per_link": [
        0.09195402298850575,
        0.10472541507024266,
        0.09323116219667944,
        0.5440613026819924,
        0.2388250319284802,
        0.6500638569604087,
        0.1979565772669221,
        0.10344827586206896,
        0.5070242656449553,
        0.1724137931034483,
        0.04980842911877394,
        0.2822477650063857,
        0.280970625798212,
        0.7867177522349936,
        0.12005108556832694,
        0.4240102171136654,
        0.3116219667943806,
        0.10344827586206896,
        0.632183908045977,
        0.5810983397190294,
        0.5427841634738186,
        0.3065134099616858,
        0.5159642401021711,
        0.7650063856960408,
        0.5887611749680716,
        0.6896551724137931,
        0.4240102171136654,
        0.5338441890166028,
        0.21966794380587484,
        0.4342273307790549,
        0.34738186462324394,
        0.09067688378033206,
        0.351213282247765,
        0.5363984674329502,
        0.5925925925925926,
        0.7037037037037037,
        0.4674329501915709,
        0.6245210727969349,
        0.5210727969348659,
        0.13537675606641125,
        0.89272030651341,
        0.20178799489144317,
        0.16091954022988506,
        0.6385696040868455,
        0.07535121328224777,
        0.6232439335887612,
        0.09961685823754789,
        0.16347381864623245
      ],
      "u_max_mean": 2.696071629198587,
      "u_max_max": 7.709154709905272,
      "u_max_median": 2.389992669044762,
      "f_over_mean": 0.38588229033631327,
      "f_over_max": 0.89272030651341,
      "links_over_110": 48,
      "links_over_100": 48
    },
    "LSTM": {
      "u_max_per_link": [
        1.6601494550704956,
        2.280109405517578,
        1.6391143798828125,
        1.7414805889129639,
        1.7704386711120605,
        1.3721487522125244,
        1.7751437425613403,
        1.847497582435608,
        1.3915811777114868,
        2.3702025413513184,
        1.7645213603973389,
        2.6096279621124268,
        1.6434288024902344,
        1.4524654150009155,
        1.679726004600525,
        1.7742136716842651,
        1.348080039024353,
        2.700596570968628,
        1.9664798974990845,
        3.3283421993255615,
        2.402902841567993,
        2.2405519485473633,
        1.800825834274292,
        2.5576887130737305,
        2.0185818672180176,
        1.5372434854507446,
        2.111851692199707,
        1.5216329097747803,
        2.2706613540649414,
        1.6814790964126587,
        3.352328062057495,
        3.0066263675689697,
        2.144120693206787,
        1.586208462715149,
        1.4789706468582153,
        1.8410905599594116,
        1.6385314464569092,
        1.9562572240829468,
        1.4254199266433716,
        1.4778295755386353,
        1.4473925828933716,
        1.5404680967330933,
        1.6344472169876099,
        1.9965895414352417,
        2.333040475845337,
        1.4653749465942383,
        1.8254505395889282,
        1.824252963066101
      ],
      "f_over_per_link": [
        0.05874840357598978,
        0.06385696040868455,
        0.1277139208173691,
        0.1558109833971903,
        0.17496807151979565,
        0.070242656449553,
        0.0842911877394636,
        0.05108556832694764,
        0.05236270753512133,
        0.16475095785440613,
        0.05363984674329502,
        0.140485312899106,
        0.05874840357598978,
        0.06896551724137931,
        0.1417624521072797,
        0.12260536398467432,
        0.05108556832694764,
        0.07535121328224777,
        0.07790549169859515,
        0.10600255427841634,
        0.07662835249042145,
        0.1532567049808429,
        0.12260536398467432,
        0.08173690932311622,
        0.1136653895274585,
        0.07790549169859515,
        0.1724137931034483,
        0.09450830140485313,
        0.09961685823754789,
        0.09323116219667944,
        0.12643678160919541,
        0.0842911877394636,
        0.19029374201787994,
        0.0842911877394636,
        0.09323116219667944,
        0.09323116219667944,
        0.13409961685823754,
        0.17369093231162197,
        0.06641123882503193,
        0.13537675606641125,
        0.07407407407407407,
        0.10472541507024266,
        0.08812260536398467,
        0.09323116219667944,
        0.06896551724137931,
        0.035759897828863345,
        0.12005108556832694,
        0.13154533844189017
      ],
      "u_max_mean": 1.9215244054794312,
      "u_max_max": 3.352328062057495,
      "u_max_median": 1.7746787071228027,
      "f_over_mean": 0.10174542358450404,
      "f_over_max": 0.19029374201787994,
      "links_over_110": 48,
      "links_over_100": 48
    },