{
  "per_link": {
    "rmse": [
      2.4949028491973877,
      2.656517744064331,
      14.43299388885498,
      5.950479030609131,
      16.32569694519043,
      103.04488372802734,
      19.383440017700195,
      233.6614990234375,
      97.45133972167969,
      9.861593246459961,
      18.08934211730957,
      4.49998664855957,
      18.167221069335938,
      33.62241744995117,
      213.8407745361328,
      96.99261474609375,
      97.07622528076172,
      15.252718925476074,
      228.9440460205078,
      19.303529739379883,
      236.92977905273438,
      21.757381439208984,
      19.495466232299805,
      232.91209411621094,
      101.38091278076172,
      5.816570281982422,
      75.77753448486328,
      29.04508399963379,
      26.27332878112793,
      27.403139114379883,
      2.494903087615967,
      2.656517744064331,
      12.999667167663574,
      41.789180755615234,
      102.8256607055664,
      211.63221740722656,
      18.57636070251465,
      11.561367988586426,
      15.314496994018555,
      18.770919799804688,
      17.641061782836914,
      22.564477920532227,
      6.218033790588379,
      9.879422187805176,
      217.05511474609375,
      102.86724090576172,
      19.373790740966797,
      21.643985748291016,
      6.579122543334961,
      7.670509338378906,
      51.86090850830078,
      12.28652572631836,
      37.1119384765625,
      24.828718185424805
    ],
    "mae": [
      0.9376309514045715,
      2.003037214279175,
      10.2960786819458,
      4.042261123657227,
      10.463581085205078,
      40.385807037353516,
      14.31041145324707,
      63.90219497680664,
      30.696334838867188,
      7.18295431137085,
      12.109830856323242,
      2.7234132289886475,
      11.980427742004395,
      14.687714576721191,
      59.600399017333984,
      31.173295974731445,
      30.85109519958496,
      12.51699447631836,
      62.467044830322266,
      12.79324722290039,
      58.62099838256836,
      15.97887897491455,
      14.326435089111328,
      57.37400436401367,
      34.78156280517578,
      3.9861598014831543,
      26.209440231323242,
      9.603591918945312,
      19.886497497558594,
      20.405380249023438,
      0.9376309514045715,
      2.003037214279175,
      9.3672513961792,
      27.414642333984375,
      40.01847839355469,
      59.15641403198242,
      14.161547660827637,
      8.748786926269531,
      8.905550003051758,
      13.777619361877441,
      12.855507850646973,
      15.255881309509277,
      4.49854850769043,
      7.31061315536499,
      59.54691696166992,
      38.89888000488281,
      13.722159385681152,
      16.17585563659668,
      4.467702388763428,
      5.420372486114502,
      23.328582763671875,
      8.824304580688477,
      27.830392837524414,
      18.179241180419922
    ],
    "mape": [
      18.260725021362305,
      25.086349487304688,
      6.92448616027832,
      7.027321815490723,
      7.850900173187256,
      6.536684989929199,
      6.142010688781738,
      6.441119194030762,
      13.716131210327148,
      5.276707649230957,
      11.274188041687012,
      9.919706344604492,
      10.029698371887207,
      14.648999214172363,
      6.161258220672607,
      5.8414435386657715,
      6.5193705558776855,
      30.727191925048828,
      6.099585056304932,
      11.9885892868042,
      9.547515869140625,
      3.632904529571533,
      5.763648986816406,
      12.023832321166992,
      12.456316947937012,
      5.086734294891357,
      8.859606742858887,
      15.412618637084961,
      8.08228874206543,
      4.726006507873535,
      18.260725021362305,
      25.086349487304688,
      6.965813159942627,
      11.809992790222168,
      13.395467758178711,
      7.003432273864746,
      6.6050028800964355,
      5.606181621551514,
      13.821072578430176,
      13.078861236572266,
      7.736711025238037,
      6.386528015136719,
      4.9609785079956055,
      7.131486892700195,
      8.58100700378418,
      9.975044250488281,
      4.705818176269531,
      6.002766132354736,
      7.700057506561279,
      9.2348051071167,
      9.168643951416016,
      4.037312984466553,
      4.423580169677734,
      5.496126651763916
    ]
  },
  "aggregated": {
    "rmse_mean": 56.00083923339844,
    "rmse_median": 19.439453125,
    "rmse_p90": 213.17820739746094,
    "mae_mean": 21.057456970214844,
    "mae_median": 14.235979080200195,
    "mae_p90": 58.24689483642578,
    "mape_mean": 9.615513068658334,
    "mape_median": 7.718384265899658,
    "mape_p90": 15.183532810211183,
    "smape_mean": 9.572025299072266,
    "smape_median": 7.466081619262695,
    "smape_p90": 14.17961311340332,
    "mape_pct_excluded_mean": 0.2008775379585289,
    "mape_pct_excluded_median": 0.0,
    "mape_pct_excluded_p90": 0.0,
    "mape_threshold": 1.0
  }
}