{
  "per_link": {
    "rmse": [
      4.0750508308410645,
      4.47862434387207,
      31.305238723754883,
      9.596323013305664,
      39.022377014160156,
      150.4973907470703,
      60.53717041015625,
      339.60894775390625,
      144.94436645507812,
      43.355224609375,
      33.88045883178711,
      8.115044593811035,
      28.490697860717773,
      33.51681900024414,
      311.4828796386719,
      147.27890014648438,
      144.578125,
      53.52412796020508,
      329.7434387207031,
      38.35420227050781,
      315.4978942871094,
      51.94195556640625,
      64.76803588867188,
      309.962890625,
      149.61593627929688,
      11.718952178955078,
      149.26718139648438,
      31.290990829467773,
      55.18716812133789,
      46.71974182128906,
      4.071077346801758,
      4.497493743896484,
      26.4654541015625,
      52.84938430786133,
      164.66555786132812,
      299.78570556640625,
      29.692895889282227,
      28.187219619750977,
      19.777856826782227,
      59.23329544067383,
      45.997337341308594,
      45.81174087524414,
      13.051555633544922,
      32.155242919921875,
      316.0545654296875,
      153.975341796875,
      55.37961959838867,
      46.55242919921875,
      22.557615280151367,
      13.454330444335938,
      156.34312438964844,
      52.314666748046875,
      63.025917053222656,
      61.98339080810547
    ],
    "mae": [
      1.7307698726654053,
      2.9675796031951904,
      21.743099212646484,
      6.380953788757324,
      29.410449981689453,
      65.46157836914062,
      36.12322998046875,
      131.49740600585938,
      61.65673065185547,
      25.349647521972656,
      25.28152847290039,
      4.384642124176025,
      20.756591796875,
      16.131879806518555,
      112.83352661132812,
      63.76945495605469,
      59.23878860473633,
      35.824127197265625,
      125.98797607421875,
      25.11652946472168,
      96.8153076171875,
      38.992000579833984,
      34.98394012451172,
      98.73043823242188,
      63.11856460571289,
      8.084260940551758,
      64.89421844482422,
      14.283039093017578,
      43.56106948852539,
      32.40186309814453,
      1.7282791137695312,
      2.9821205139160156,
      17.996660232543945,
      38.63241195678711,
      78.91309356689453,
      100.32464599609375,
      22.421405792236328,
      17.857709884643555,
      13.615654945373535,
      40.3951416015625,
      33.349815368652344,
      29.295875549316406,
      8.177063941955566,
      18.91680908203125,
      104.52804565429688,
      70.42337799072266,
      36.23861312866211,
      33.122806549072266,
      15.246187210083008,
      9.79425048828125,
      71.22529602050781,
      31.129789352416992,
      46.75666427612305,
      37.155818939208984
    ],
    "mape": [
      26.91834831237793,
      29.479366302490234,
      14.976802825927734,
      10.461577415466309,
      22.922340393066406,
      10.88572883605957,
      13.690690994262695,
      15.093609809875488,
      29.860830307006836,
      13.643677711486816,
      25.224777221679688,
      15.334278106689453,
      18.165571212768555,
      15.798738479614258,
      13.340848922729492,
      12.274027824401855,
      12.909948348999023,
      85.3282241821289,
      14.212657928466797,
      22.143836975097656,
      20.315635681152344,
      9.005558967590332,
      11.546998023986816,
      29.906463623046875,
      24.23811912536621,
      9.14364242553711,
      18.03213119506836,
      26.28696632385254,
      18.31184196472168,
      7.156100749969482,
      26.862293243408203,
      29.46767807006836,
      12.955572128295898,
      16.686580657958984,
      26.67482566833496,
      13.131872177124023,
      11.37026596069336,
      10.856982231140137,
      21.886886596679688,
      35.23989486694336,
      19.661970138549805,
      11.614198684692383,
      7.951790809631348,
      14.199105262756348,
      17.472148895263672,
      19.801301956176758,
      12.316471099853516,
      12.240251541137695,
      32.72456359863281,
      16.435094833374023,
      17.446537017822266,
      11.001930236816406,
      7.505871295928955,
      9.973063468933105
    ]
  },
  "aggregated": {
    "rmse_mean": 90.93033599853516,
    "rmse_median": 49.330848693847656,
    "rmse_p90": 306.9096984863281,
    "mae_mean": 41.62479019165039,
    "mae_median": 33.23631286621094,
    "mae_p90": 98.15589141845703,
    "mape_mean": 18.74234241909451,
    "mape_median": 15.566508293151855,
    "mape_p90": 29.47585983276367,
    "smape_mean": 18.17220115661621,
    "smape_median": 15.479290008544922,
    "smape_p90": 30.141294479370117,
    "mape_pct_excluded_mean": 0.2008775379585289,
    "mape_pct_excluded_median": 0.0,
    "mape_pct_excluded_p90": 0.0,
    "mape_threshold": 1.0
  }
}