{
  "mean": [
    4.716983318328857,
    6.5611348152160645,
    233.65077209472656,
    53.96802520751953,
    192.41506958007812,
    699.6550903320312,
    317.4790954589844,
    524.000732421875,
    316.9007568359375,
    88.30240631103516,
    172.4105987548828,
    23.61934471130371,
    120.28729248046875,
    67.13030242919922,
    622.8562622070312,
    639.0731201171875,
    502.1080017089844,
    126.36121368408203,
    552.3255004882812,
    189.69921875,
    307.7691955566406,
    477.9644470214844,
    321.0052795410156,
    274.1827392578125,
    373.2060241699219,
    74.73709106445312,
    79.2710952758789,
    54.47061538696289,
    338.0784912109375,
    409.8716735839844,
    4.716983318328857,
    6.5611348152160645,
    156.51121520996094,
    252.25357055664062,
    430.9881896972656,
    514.6726684570312,
    241.85003662109375,
    168.20822143554688,
    91.7504653930664,
    325.1441955566406,
    269.63543701171875,
    246.5297393798828,
    92.62715911865234,
    98.52342987060547,
    480.1997375488281,
    476.224609375,
    420.9635009765625,
    349.3445129394531,
    96.50508880615234,
    53.52079772949219,
    133.74139404296875,
    163.03883361816406,
    654.86376953125,
    420.3359069824219
  ],
  "std": [
    3.48195481300354,
    6.386332988739014,
    151.73623657226562,
    24.13196563720703,
    107.26998901367188,
    872.6480712890625,
    125.24674987792969,
    424.0550231933594,
    745.3850708007812,
    45.63800811767578,
    110.56362915039062,
    18.440814971923828,
    109.97406768798828,
    28.978904724121094,
    437.281005859375,
    866.0628051757812,
    753.3187866210938,
    464.5760803222656,
    430.1457824707031,
    156.1717987060547,
    415.218994140625,
    153.85379028320312,
    161.270751953125,
    414.9001159667969,
    746.85693359375,
    16.77669906616211,
    36.75654220581055,
    50.38370895385742,
    141.5498046875,
    113.71236419677734,
    3.48195481300354,
    6.386332988739014,
    98.49635314941406,
    84.47248840332031,
    871.29443359375,
    438.5699157714844,
    49.71293258666992,
    54.82121276855469,
    55.119205474853516,
    620.2700805664062,
    108.2970962524414,
    82.1711654663086,
    26.57971954345703,
    38.94395065307617,
    429.4115295410156,
    760.0696411132812,
    160.24929809570312,
    134.66160583496094,
    30.276256561279297,
    57.434574127197266,
    61.190311431884766,
    51.914005279541016,
    156.50917053222656,
    198.61788940429688
  ],
  "train_end": 29030
}