{
  "seed": 13,
  "dataset": "cesnet",
  "loss": "asym",
  "T_eff": 7624,
  "num_links": 20,
  "models": {
    "DLinear": {
      "forecast": {
        "rmse_mean": 44.38885498046875,
        "mae_mean": 37.320491790771484,
        "mape_mean": 176.71178531646729,
        "smape_mean": 75.98059844970703
      },
      "operational": {
        "overload_rate": 0.0004590766002098636,
        "sla_violation_rate": 0.0004590766002098636,
        "over_provisioning_cost": 57194320.0,
        "asymmetric_op_cost": 57283468.0,
        "u_max_mean": 1.4664788246154785,
        "u_max_max": 2.186882257461548
      }
    },
    "iTransformer": {
      "forecast": {
        "rmse_mean": 42.38898468017578,
        "mae_mean": 31.836536407470703,
        "mape_mean": 136.1302261352539,
        "smape_mean": 65.8172607421875
      },
      "operational": {
        "overload_rate": 0.000439401888772298,
        "sla_violation_rate": 0.000439401888772298,
        "over_provisioning_cost": 61037940.0,
        "asymmetric_op_cost": 61121400.0,
        "u_max_mean": 1.4097011089324951,
        "u_max_max": 1.9440585374832153
      }
    }
  }
}