{
  "seed": 256,
  "dataset": "geant",
  "loss": "asym",
  "T_eff": 2083,
  "num_links": 58,
  "models": {
    "DLinear": {
      "forecast": {
        "rmse_mean": 14893.0537109375,
        "mae_mean": 14883.431640625,
        "mape_mean": 5268.406827301815,
        "smape_mean": 156.70701599121094
      },
      "operational": {
        "overload_rate": 0.0,
        "sla_violation_rate": 0.0,
        "over_provisioning_cost": 2102027392.0,
        "asymmetric_op_cost": 2102027392.0,
        "u_max_mean": 0.2401377558708191,
        "u_max_max": 0.8320754766464233
      }
    },
    "iTransformer": {
      "forecast": {
        "rmse_mean": 205.9946746826172,
        "mae_mean": 159.37066650390625,
        "mape_mean": 53.56154359620193,
        "smape_mean": 38.03911590576172
      },
      "operational": {
        "overload_rate": 8.277186418792524e-06,
        "sla_violation_rate": 8.277186418792524e-06,
        "over_provisioning_cost": 154215376.0,
        "asymmetric_op_cost": 154215456.0,
        "u_max_mean": 0.6358088254928589,
        "u_max_max": 1.1226955652236938
      }
    }
  }
}