{
  "seed": 7,
  "dataset": "geant",
  "loss": "asym",
  "T_eff": 2083,
  "num_links": 58,
  "models": {
    "LSTM": {
      "forecast": {
        "rmse_mean": 2084.40966796875,
        "mae_mean": 2022.6351318359375,
        "mape_mean": 726.5432162449277,
        "smape_mean": 127.68895721435547
      },
      "operational": {
        "overload_rate": 0.18882745377191384,
        "sla_violation_rate": 0.18882745377191384,
        "over_provisioning_cost": 315246912.0,
        "asymmetric_op_cost": 478105568.0,
        "u_max_mean": 97444763271168.0,
        "u_max_max": 1690948622876672.0
      }
    },
    "LSTM_CQR": {
      "forecast": {
        "rmse_mean": null,
        "mae_mean": null,
        "mape_mean": null,
        "smape_mean": null
      },
      "operational": {
        "overload_rate": 0.004958034664856722,
        "sla_violation_rate": 0.004958034664856722,
        "over_provisioning_cost": 390081255.2085103,
        "asymmetric_op_cost": 390235964.4533433,
        "u_max_mean": 0.572740220357408,
        "u_max_max": 2.006039426754053
      },
      "calibration": {
        "method": "cqr",
        "target_alpha": 0.1,
        "qhat_mean": 43.29761476763363,
        "qhat_per_link": [
          1479.288330078125,
          321.2646484375,
          6664.7099609375,
          697.4035034179688,
          -1316.888671875,
          405.0152587890625,
          1755.977783203125,
          1220.4359130859375,
          -1513.209228515625,
          -752.0585327148438,
          1031.6068115234375,
          -100.36456298828125,
          -3156.289306640625,
          0.136566162109375,
          -1485.993896484375,
          -2633.861572265625,
          171.16534423828125,
          73.67720031738281,
          -303.093505859375,
          -2370.0625,
          -6709.6328125,
          5560.82958984375,
          337.64459228515625,
          -269.6864013671875,
          434.544189453125,
          37.21717834472656,
          602.5477294921875,
          -306.2755126953125,
          -2624.60888671875,
          171.6542510986328,
          -1.1036262512207031,
          1433.88427734375,
          292.47503662109375,
          -6.439865589141846,
          1256.4844970703125,
          -3050.184814453125,
          -112.5986328125,
          133.8067169189453,
          0.3640174865722656,
          -77.6923828125,
          -24.877777099609375,
          0.5829935669898987,
          -242.95016479492188,
          -1664.3275146484375,
          -313.03363037109375,
          36.68995666503906,
          5.469355583190918,
          -171.38250732421875,
          51.6290168762207,
          0.5023409724235535,
          39.29437255859375,
          10588.322265625,
          -497.2689208984375,
          44.6307373046875,
          2.4011902809143066,
          8.01933479309082,
          584.775634765625,
          -3229.3037109375
        ],
        "coverage_overall": 0.9113265018954757,
        "mean_width": 3799.65283203125
      }
    },
    "LSTM_ACI": {
      "forecast": {
        "rmse_mean": null,
        "mae_mean": null,
        "mape_mean": null,
        "smape_mean": null
      },
      "operational": {
        "overload_rate": 0.0003973049481020412,
        "sla_violation_rate": 0.0003973049481020412,
        "over_provisioning_cost": 360360825.0093945,
        "asymmetric_op_cost": 360362356.91745365,
        "u_max_mean": 0.5717073557192662,
        "u_max_max": 1.6668212593512168
      },
      "calibration": {
        "method": "aci",
        "target_alpha": 0.1,
        "gamma": 0.005,
        "window": 500,
        "qhat_mean": -291.83304239347063,
        "alpha_final_mean": 0.1285950862068966,
        "coverage_overall": 0.8783832999486815,
        "mean_width": 3142.106689453125
      }
    }
  },
  "calibration": "both",
  "target_alpha": 0.1
}