{
  "seed": 512,
  "dataset": "geant",
  "loss": "asym_l1",
  "T_eff": 2083,
  "num_links": 58,
  "models": {
    "DLinear": {
      "forecast": {
        "rmse_mean": 179.51316833496094,
        "mae_mean": 153.3813934326172,
        "mape_mean": 57.318165059747365,
        "smape_mean": 37.176822662353516
      },
      "operational": {
        "overload_rate": 0.06339497078153195,
        "sla_violation_rate": 0.06339497078153195,
        "over_provisioning_cost": 43098380.0,
        "asymmetric_op_cost": 44669132.0,
        "u_max_mean": 1.4095851182937622,
        "u_max_max": 3.793071746826172
      }
    },
    "iTransformer": {
      "forecast": {
        "rmse_mean": 48.8487434387207,
        "mae_mean": 32.42961502075195,
        "mape_mean": 12.745284610781177,
        "smape_mean": 13.021392822265625
      },
      "operational": {
        "overload_rate": 0.0018375353849719403,
        "sla_violation_rate": 0.0018375353849719403,
        "over_provisioning_cost": 71750096.0,
        "asymmetric_op_cost": 71753072.0,
        "u_max_mean": 1.1079084873199463,
        "u_max_max": 2.630258798599243
      }
    }
  }
}