{
  "seed": 7,
  "dataset": "cesnet",
  "loss": "asym",
  "T_eff": 7624,
  "num_links": 20,
  "models": {
    "DLinear": {
      "forecast": {
        "rmse_mean": 29.996383666992188,
        "mae_mean": 21.850051879882812,
        "mape_mean": 100.227099609375,
        "smape_mean": 55.04835891723633
      },
      "operational": {
        "overload_rate": 0.0009509443861490032,
        "sla_violation_rate": 0.0009509443861490032,
        "over_provisioning_cost": 46212672.0,
        "asymmetric_op_cost": 46261408.0,
        "u_max_mean": 1.8761093616485596,
        "u_max_max": 3.891073226928711
      }
    },
    "iTransformer": {
      "forecast": {
        "rmse_mean": 27.796527862548828,
        "mae_mean": 18.492176055908203,
        "mape_mean": 72.52358455657959,
        "smape_mean": 45.85762405395508
      },
      "operational": {
        "overload_rate": 0.0007804302203567681,
        "sla_violation_rate": 0.0007804302203567681,
        "over_provisioning_cost": 48933912.0,
        "asymmetric_op_cost": 48979340.0,
        "u_max_mean": 1.771484613418579,
        "u_max_max": 2.9606950283050537
      }
    }
  }
}