{
  "seed": 512,
  "dataset": "cesnet",
  "loss": "asym_l1",
  "T_eff": 7624,
  "num_links": 20,
  "models": {
    "LSTM": {
      "forecast": {
        "rmse_mean": 108.03321838378906,
        "mae_mean": 105.11982727050781,
        "mape_mean": 552.3217132568359,
        "smape_mean": 118.7828369140625
      },
      "operational": {
        "overload_rate": 0.00287906610703043,
        "sla_violation_rate": 0.00287906610703043,
        "over_provisioning_cost": 34289852.0,
        "asymmetric_op_cost": 37890872.0,
        "u_max_mean": 2.587574005126953,
        "u_max_max": 4.44380521774292
      }
    }
  }
}