{
  "seed": 100003,
  "dataset": "abilene",
  "loss": "asym",
  "T_eff": 9606,
  "num_links": 54,
  "models": {
    "LSTM": {
      "forecast": {
        "rmse_mean": 164.44105529785156,
        "mae_mean": 105.25865173339844,
        "mape_mean": 55.63400365688182,
        "smape_mean": 39.714847564697266
      },
      "operational": {
        "overload_rate": 0.06161465442123364,
        "sla_violation_rate": 0.06161465442123364,
        "over_provisioning_cost": 514385888.0,
        "asymmetric_op_cost": 548044864.0,
        "u_max_mean": 2.0804505348205566,
        "u_max_max": 7.419312000274658
      }
    },
    "LSTM_CQR": {
      "forecast": {
        "rmse_mean": null,
        "mae_mean": null,
        "mape_mean": null,
        "smape_mean": null
      },
      "operational": {
        "overload_rate": 0.03763272954403498,
        "sla_violation_rate": 0.03763272954403498,
        "over_provisioning_cost": 547439026.5902425,
        "asymmetric_op_cost": 574037610.8532048,
        "u_max_mean": 1.8430444125308458,
        "u_max_max": 6.927224166234197
      },
      "calibration": {
        "method": "cqr",
        "target_alpha": 0.2,
        "qhat_mean": 27.338243793558192,
        "qhat_per_link": [
          0.9687979221343994,
          0.038893699645996094,
          38.18092346191406,
          8.127735137939453,
          45.136070251464844,
          59.34539794921875,
          43.883270263671875,
          49.356903076171875,
          18.584686279296875,
          5.87994384765625,
          38.55989074707031,
          0.893681526184082,
          30.308792114257812,
          10.395341873168945,
          80.42361450195312,
          24.451202392578125,
          19.64190673828125,
          -14.293960571289062,
          63.638763427734375,
          49.91871643066406,
          28.450531005859375,
          60.334197998046875,
          48.87330627441406,
          21.812301635742188,
          4.36065673828125,
          6.888420104980469,
          9.569957733154297,
          9.170366287231445,
          56.624114990234375,
          35.67718505859375,
          0.8693554401397705,
          0.2255687713623047,
          14.705657958984375,
          37.12841796875,
          24.38568878173828,
          66.59268188476562,
          11.289138793945312,
          17.466033935546875,
          5.166698455810547,
          5.5620574951171875,
          35.47270965576172,
          45.1044921875,
          8.971168518066406,
          9.387371063232422,
          71.99540710449219,
          25.343124389648438,
          68.33403015136719,
          33.09889221191406,
          3.056934356689453,
          -2.3832244873046875,
          6.240264892578125,
          4.7181549072265625,
          59.3719482421875,
          68.96098327636719
        ],
        "coverage_overall": 0.752118660405148,
        "mean_width": 229.71571350097656
      }
    },
    "LSTM_ACI": {
      "forecast": {
        "rmse_mean": null,
        "mae_mean": null,
        "mape_mean": null,
        "smape_mean": null
      },
      "operational": {
        "overload_rate": 0.0017562326015376191,
        "sla_violation_rate": 0.0017562326015376191,
        "over_provisioning_cost": 746803424.1360189,
        "asymmetric_op_cost": 748023175.0885297,
        "u_max_mean": 1.2686845176048658,
        "u_max_max": 3.51708909279295
      },
      "calibration": {
        "method": "aci",
        "target_alpha": 0.2,
        "gamma": 0.005,
        "window": 500,
        "qhat_mean": 62.367950404131854,
        "alpha_final_mean": 0.1918706296296296,
        "coverage_overall": 0.7893754674933106,
        "mean_width": 268.47369384765625
      }
    }
  },
  "calibration": "both",
  "target_alpha": 0.2
}