{
  "seed": 512,
  "dataset": "geant",
  "loss": "asym_l1",
  "T_eff": 2083,
  "num_links": 58,
  "models": {
    "LSTM": {
      "forecast": {
        "rmse_mean": 1591.1982421875,
        "mae_mean": 1561.589111328125,
        "mape_mean": 675.8133746837748,
        "smape_mean": 121.4904556274414
      },
      "operational": {
        "overload_rate": 0.34734385087820946,
        "sla_violation_rate": 0.34734385087820946,
        "over_provisioning_cost": 181920032.0,
        "asymmetric_op_cost": 266039200.0,
        "u_max_mean": 178477936410624.0,
        "u_max_max": 2641998397833216.0
      }
    }
  }
}