{
  "seed": 1024,
  "dataset": "abilene",
  "loss": "asym",
  "T_eff": 9606,
  "num_links": 54,
  "models": {
    "LSTM": {
      "forecast": {
        "rmse_mean": 165.09158325195312,
        "mae_mean": 112.85697174072266,
        "mape_mean": 58.60410322966399,
        "smape_mean": 40.70307922363281
      },
      "operational": {
        "overload_rate": 0.05647511971684364,
        "sla_violation_rate": 0.05647511971684364,
        "over_provisioning_cost": 491937152.0,
        "asymmetric_op_cost": 520081664.0,
        "u_max_mean": 2.090841054916382,
        "u_max_max": 7.066014289855957
      }
    },
    "LSTM_CQR": {
      "forecast": {
        "rmse_mean": null,
        "mae_mean": null,
        "mape_mean": null,
        "smape_mean": null
      },
      "operational": {
        "overload_rate": 0.03776574825918986,
        "sla_violation_rate": 0.03776574825918986,
        "over_provisioning_cost": 562611809.8683053,
        "asymmetric_op_cost": 593050423.5930425,
        "u_max_mean": 1.8147899331723425,
        "u_max_max": 6.511574514263218
      },
      "calibration": {
        "method": "cqr",
        "target_alpha": 0.05,
        "qhat_mean": 50.784972299028325,
        "qhat_per_link": [
          1.176424503326416,
          1.8500386476516724,
          50.89435577392578,
          11.232921600341797,
          73.13594055175781,
          78.6795654296875,
          85.63743591308594,
          86.72335815429688,
          34.92207336425781,
          20.568557739257812,
          67.17132568359375,
          5.791064262390137,
          54.78362274169922,
          18.907760620117188,
          157.35696411132812,
          57.612945556640625,
          48.453094482421875,
          -7.025592803955078,
          102.385009765625,
          56.575714111328125,
          69.98588562011719,
          83.84014892578125,
          74.572021484375,
          74.1766586303711,
          33.78425598144531,
          8.373382568359375,
          31.760528564453125,
          8.617565155029297,
          78.71961975097656,
          67.13739013671875,
          1.1913275718688965,
          1.9237775802612305,
          27.66480255126953,
          63.25199890136719,
          53.08429718017578,
          122.6722412109375,
          32.98272705078125,
          23.451187133789062,
          17.330345153808594,
          -9.592887878417969,
          71.66576385498047,
          49.629425048828125,
          11.726455688476562,
          19.848285675048828,
          138.76699829101562,
          98.33685302734375,
          101.690185546875,
          87.71029663085938,
          13.354766845703125,
          5.698028564453125,
          14.444877624511719,
          20.394973754882812,
          117.84210205078125,
          119.51963806152344
        ],
        "coverage_overall": 0.8781760628002561,
        "mean_width": 257.9815673828125
      }
    },
    "LSTM_ACI": {
      "forecast": {
        "rmse_mean": null,
        "mae_mean": null,
        "mape_mean": null,
        "smape_mean": null
      },
      "operational": {
        "overload_rate": 0.00018699732420323717,
        "sla_violation_rate": 0.00018699732420323717,
        "over_provisioning_cost": 918132796.4274923,
        "asymmetric_op_cost": 918451237.2433225,
        "u_max_mean": 1.0268810918719018,
        "u_max_max": 1.7805191354541225
      },
      "calibration": {
        "method": "aci",
        "target_alpha": 0.05,
        "gamma": 0.005,
        "window": 500,
        "qhat_mean": 120.02162663141887,
        "alpha_final_mean": 0.04651022222222257,
        "coverage_overall": 0.9467597412111257,
        "mean_width": 358.2079772949219
      }
    }
  },
  "calibration": "both",
  "target_alpha": 0.05
}