{
  "seed": 8191,
  "dataset": "cesnet",
  "loss": "asym",
  "T_eff": 7624,
  "num_links": 20,
  "models": {
    "DLinear": {
      "forecast": {
        "rmse_mean": 30.046100616455078,
        "mae_mean": 22.164466857910156,
        "mape_mean": 100.69615745544434,
        "smape_mean": 55.01068878173828
      },
      "operational": {
        "overload_rate": 0.0009640608604407136,
        "sla_violation_rate": 0.0009640608604407136,
        "over_provisioning_cost": 45600060.0,
        "asymmetric_op_cost": 45652236.0,
        "u_max_mean": 1.8859443664550781,
        "u_max_max": 3.4389588832855225
      }
    },
    "iTransformer": {
      "forecast": {
        "rmse_mean": 28.03875160217285,
        "mae_mean": 18.702238082885742,
        "mape_mean": 70.09870262145996,
        "smape_mean": 45.43097686767578
      },
      "operational": {
        "overload_rate": 0.0011739244491080797,
        "sla_violation_rate": 0.0011739244491080797,
        "over_provisioning_cost": 45345240.0,
        "asymmetric_op_cost": 45408912.0,
        "u_max_mean": 2.021016836166382,
        "u_max_max": 3.086139440536499
      }
    }
  }
}