{
  "seed": 42,
  "dataset": "abilene",
  "loss": "asym",
  "T_eff": 9606,
  "num_links": 54,
  "models": {
    "LSTM": {
      "forecast": {
        "rmse_mean": 309.3162536621094,
        "mae_mean": 276.87091064453125,
        "mape_mean": 148.20971312346282,
        "smape_mean": 65.95672607421875
      },
      "operational": {
        "overload_rate": 0.030657922132000835,
        "sla_violation_rate": 0.030657922132000835,
        "over_provisioning_cost": 824753920.0,
        "asymmetric_op_cost": 1066140544.0,
        "u_max_mean": 1.5663422346115112,
        "u_max_max": 6.121078014373779
      }
    }
  }
}