{
  "seed": 271828,
  "dataset": "abilene",
  "loss": "asym_l1",
  "T_eff": 9606,
  "num_links": 54,
  "models": {
    "DLinear": {
      "forecast": {
        "rmse_mean": 48.09806442260742,
        "mae_mean": 22.055076599121094,
        "mape_mean": 12.173365063137478,
        "smape_mean": 10.958253860473633
      },
      "operational": {
        "overload_rate": 7.711229864051018e-06,
        "sla_violation_rate": 7.711229864051018e-06,
        "over_provisioning_cost": 1117121280.0,
        "asymmetric_op_cost": 1117121408.0,
        "u_max_mean": 0.90469890832901,
        "u_max_max": 1.0290013551712036
      }
    },
    "iTransformer": {
      "forecast": {
        "rmse_mean": 57.721797943115234,
        "mae_mean": 23.730052947998047,
        "mape_mean": 12.852945495534826,
        "smape_mean": 11.139341354370117
      },
      "operational": {
        "overload_rate": 0.0,
        "sla_violation_rate": 0.0,
        "over_provisioning_cost": 1329409280.0,
        "asymmetric_op_cost": 1329409280.0,
        "u_max_mean": 0.8252400755882263,
        "u_max_max": 0.9957545399665833
      }
    }
  }
}