{
  "seed": 2,
  "dataset": "cesnet",
  "loss": "asym",
  "T_eff": 7624,
  "num_links": 20,
  "models": {
    "LSTM": {
      "forecast": {
        "rmse_mean": 39.48571014404297,
        "mae_mean": 32.58461380004883,
        "mape_mean": 186.1546558380127,
        "smape_mean": 71.5408935546875
      },
      "operational": {
        "overload_rate": 0.048465372507869885,
        "sla_violation_rate": 0.048465372507869885,
        "over_provisioning_cost": 12666051.0,
        "asymmetric_op_cost": 13757329.0,
        "u_max_mean": 5.940424919128418,
        "u_max_max": 11.138108253479004
      }
    }
  }
}