{
  "seed": 256,
  "dataset": "geant",
  "loss": "asym_l1",
  "T_eff": 2083,
  "num_links": 58,
  "models": {
    "DLinear": {
      "forecast": {
        "rmse_mean": 181.62210083007812,
        "mae_mean": 155.45645141601562,
        "mape_mean": 62.826303950671495,
        "smape_mean": 37.7891731262207
      },
      "operational": {
        "overload_rate": 0.05270912311487079,
        "sla_violation_rate": 0.05270912311487079,
        "over_provisioning_cost": 45851032.0,
        "asymmetric_op_cost": 47031400.0,
        "u_max_mean": 1.3739190101623535,
        "u_max_max": 4.180927276611328
      }
    },
    "iTransformer": {
      "forecast": {
        "rmse_mean": 88.98284149169922,
        "mae_mean": 64.06085968017578,
        "mape_mean": 20.28588574508141,
        "smape_mean": 19.954242706298828
      },
      "operational": {
        "overload_rate": 0.01761385269919049,
        "sla_violation_rate": 0.01761385269919049,
        "over_provisioning_cost": 53403168.0,
        "asymmetric_op_cost": 53508204.0,
        "u_max_mean": 1.370154619216919,
        "u_max_max": 3.8780457973480225
      }
    }
  }
}