{
  "seed": 3,
  "dataset": "abilene",
  "loss": "asym_l1",
  "T_eff": 9606,
  "num_links": 54,
  "models": {
    "LSTM": {
      "forecast": {
        "rmse_mean": 197.04986572265625,
        "mae_mean": 157.4259490966797,
        "mape_mean": 91.17956585354275,
        "smape_mean": 52.868770599365234
      },
      "operational": {
        "overload_rate": 0.03468125631356945,
        "sla_violation_rate": 0.03468125631356945,
        "over_provisioning_cost": 623640704.0,
        "asymmetric_op_cost": 726492800.0,
        "u_max_mean": 1.7168911695480347,
        "u_max_max": 6.581391334533691
      }
    }
  }
}