{
  "seed": 99,
  "dataset": "cesnet",
  "loss": "asym",
  "T_eff": 7624,
  "num_links": 20,
  "models": {
    "DLinear": {
      "forecast": {
        "rmse_mean": 45.281333923339844,
        "mae_mean": 38.6235237121582,
        "mape_mean": 186.03857326507568,
        "smape_mean": 78.32951354980469
      },
      "operational": {
        "overload_rate": 0.00042628541448058764,
        "sla_violation_rate": 0.00042628541448058764,
        "over_provisioning_cost": 59057600.0,
        "asymmetric_op_cost": 59138888.0,
        "u_max_mean": 1.4478206634521484,
        "u_max_max": 2.2746546268463135
      }
    },
    "iTransformer": {
      "forecast": {
        "rmse_mean": 40.634117126464844,
        "mae_mean": 30.364355087280273,
        "mape_mean": 134.7099765777588,
        "smape_mean": 64.80921936035156
      },
      "operational": {
        "overload_rate": 0.0004525183630640084,
        "sla_violation_rate": 0.0004525183630640084,
        "over_provisioning_cost": 59481940.0,
        "asymmetric_op_cost": 59576104.0,
        "u_max_mean": 1.4446651935577393,
        "u_max_max": 1.9154942035675049
      }
    }
  }
}