{
  "seed": 256,
  "dataset": "abilene",
  "loss": "asym",
  "T_eff": 9606,
  "num_links": 54,
  "models": {
    "LSTM": {
      "forecast": {
        "rmse_mean": 162.82870483398438,
        "mae_mean": 99.08480834960938,
        "mape_mean": 56.70578991925275,
        "smape_mean": 38.63874053955078
      },
      "operational": {
        "overload_rate": 0.06486493780893114,
        "sla_violation_rate": 0.06486493780893114,
        "over_provisioning_cost": 436900864.0,
        "asymmetric_op_cost": 473682304.0,
        "u_max_mean": 2.1990249156951904,
        "u_max_max": 7.57412052154541
      }
    },
    "LSTM_CQR": {
      "forecast": {
        "rmse_mean": null,
        "mae_mean": null,
        "mape_mean": null,
        "smape_mean": null
      },
      "operational": {
        "overload_rate": 0.03158519752315297,
        "sla_violation_rate": 0.03158519752315297,
        "over_provisioning_cost": 584316246.6146642,
        "asymmetric_op_cost": 608905034.8334676,
        "u_max_mean": 1.7064332092296266,
        "u_max_max": 6.076483495714727
      },
      "calibration": {
        "method": "cqr",
        "target_alpha": 0.05,
        "qhat_mean": 59.58634534588567,
        "qhat_per_link": [
          0.9095975160598755,
          3.3073534965515137,
          60.68614196777344,
          13.531110763549805,
          89.34424591064453,
          79.24948120117188,
          71.30348205566406,
          130.69189453125,
          -4.063926696777344,
          34.08599090576172,
          65.38800048828125,
          8.35631275177002,
          45.17955780029297,
          19.599559783935547,
          223.95196533203125,
          19.8282470703125,
          -9.01251220703125,
          -4.851341247558594,
          160.63827514648438,
          83.76310729980469,
          93.99659729003906,
          71.6875,
          108.61564636230469,
          117.79578399658203,
          3.44854736328125,
          12.535709381103516,
          37.72938537597656,
          5.577950477600098,
          105.69952392578125,
          78.7244873046875,
          0.9228333234786987,
          3.454403877258301,
          42.93737030029297,
          53.789268493652344,
          46.88233184814453,
          174.95184326171875,
          34.19163513183594,
          37.62059020996094,
          13.413236618041992,
          32.2900390625,
          96.34956359863281,
          59.702903747558594,
          18.760650634765625,
          23.89623260498047,
          186.9480438232422,
          63.043212890625,
          131.0671844482422,
          74.18099975585938,
          18.368881225585938,
          13.353813171386719,
          23.783950805664062,
          26.051071166992188,
          144.75433349609375,
          169.25057983398438
        ],
        "coverage_overall": 0.8901573862015253,
        "mean_width": 269.49334716796875
      }
    },
    "LSTM_ACI": {
      "forecast": {
        "rmse_mean": null,
        "mae_mean": null,
        "mape_mean": null,
        "smape_mean": null
      },
      "operational": {
        "overload_rate": 0.00021398662872741575,
        "sla_violation_rate": 0.00021398662872741575,
        "over_provisioning_cost": 936180537.2927457,
        "asymmetric_op_cost": 936603767.347334,
        "u_max_mean": 1.01677180321503,
        "u_max_max": 1.771354374782292
      },
      "calibration": {
        "method": "aci",
        "target_alpha": 0.05,
        "gamma": 0.005,
        "window": 500,
        "qhat_mean": 105.10498961695919,
        "alpha_final_mean": 0.05331114814814853,
        "coverage_overall": 0.9468542037769604,
        "mean_width": 349.2482604980469
      }
    }
  },
  "calibration": "both",
  "target_alpha": 0.05
}