{
  "seed": 17,
  "dataset": "geant",
  "loss": "asym",
  "T_eff": 2083,
  "num_links": 58,
  "models": {
    "LSTM": {
      "forecast": {
        "rmse_mean": 2588.12646484375,
        "mae_mean": 2420.775634765625,
        "mape_mean": 1044.3396012207556,
        "smape_mean": 146.2254638671875
      },
      "operational": {
        "overload_rate": 0.23965765556971874,
        "sla_violation_rate": 0.23965765556971874,
        "over_provisioning_cost": 356840064.0,
        "asymmetric_op_cost": 542232192.0,
        "u_max_mean": 174172852453376.0,
        "u_max_max": 2318928273473536.0
      }
    },
    "LSTM_CQR": {
      "forecast": {
        "rmse_mean": null,
        "mae_mean": null,
        "mape_mean": null,
        "smape_mean": null
      },
      "operational": {
        "overload_rate": 0.008252354859536147,
        "sla_violation_rate": 0.008252354859536147,
        "over_provisioning_cost": 312843434.622774,
        "asymmetric_op_cost": 313184268.42538345,
        "u_max_mean": 0.7388179541526714,
        "u_max_max": 2.2624961154527856
      },
      "calibration": {
        "method": "cqr",
        "target_alpha": 0.1,
        "qhat_mean": 954.2118291341026,
        "qhat_per_link": [
          665.5397338867188,
          261.8087158203125,
          1979.05419921875,
          519.3016357421875,
          -882.614501953125,
          -535.1511840820312,
          1709.609375,
          2411.37841796875,
          5523.38818359375,
          2448.41845703125,
          896.408203125,
          1415.93115234375,
          7433.17431640625,
          -699.8236083984375,
          -29.331069946289062,
          1496.4443359375,
          -88.73629760742188,
          -3.7808151245117188,
          1060.589111328125,
          3023.234375,
          168.85479736328125,
          330.95196533203125,
          368.6717834472656,
          2753.492431640625,
          153.76156616210938,
          23.84300994873047,
          828.6669921875,
          -148.92103576660156,
          8850.685546875,
          -90.39738464355469,
          15.648876190185547,
          1369.292724609375,
          151.86898803710938,
          -4.113714218139648,
          1432.8343505859375,
          2663.25830078125,
          1877.393798828125,
          0.16094970703125,
          2.001039981842041,
          632.9876098632812,
          56.366455078125,
          0.6458292007446289,
          65.73973083496094,
          903.333984375,
          311.4469299316406,
          184.32566833496094,
          5.523053169250488,
          853.6923217773438,
          -27.728595733642578,
          1.8116668462753296,
          92.2508544921875,
          892.7647094726562,
          -65.20101928710938,
          35.9299201965332,
          -2.7425365447998047,
          11.313434600830078,
          235.76821899414062,
          1803.2601318359375
        ],
        "coverage_overall": 0.9287913652391279,
        "mean_width": 3722.360595703125
      }
    },
    "LSTM_ACI": {
      "forecast": {
        "rmse_mean": null,
        "mae_mean": null,
        "mape_mean": null,
        "smape_mean": null
      },
      "operational": {
        "overload_rate": 0.0016471600973397122,
        "sla_violation_rate": 0.0016471600973397122,
        "over_provisioning_cost": 286808873.1012,
        "asymmetric_op_cost": 286836898.8295163,
        "u_max_mean": 0.7066124974265586,
        "u_max_max": 2.4096206132171862
      },
      "calibration": {
        "method": "aci",
        "target_alpha": 0.1,
        "gamma": 0.005,
        "window": 500,
        "qhat_mean": 632.930477564191,
        "alpha_final_mean": 0.12360379310344834,
        "coverage_overall": 0.8778370056450412,
        "mean_width": 3115.726806640625
      }
    }
  },
  "calibration": "both",
  "target_alpha": 0.1
}