{
  "seed": 271828,
  "dataset": "cesnet",
  "loss": "asym_l1",
  "T_eff": 7624,
  "num_links": 20,
  "models": {
    "DLinear": {
      "forecast": {
        "rmse_mean": 29.970571517944336,
        "mae_mean": 21.73175048828125,
        "mape_mean": 88.31886882781983,
        "smape_mean": 51.8092155456543
      },
      "operational": {
        "overload_rate": 0.0007148478488982162,
        "sla_violation_rate": 0.0007148478488982162,
        "over_provisioning_cost": 49777396.0,
        "asymmetric_op_cost": 49819072.0,
        "u_max_mean": 1.6540517807006836,
        "u_max_max": 2.8118274211883545
      }
    },
    "iTransformer": {
      "forecast": {
        "rmse_mean": 28.8875675201416,
        "mae_mean": 19.65503692626953,
        "mape_mean": 73.18916292190552,
        "smape_mean": 46.468406677246094
      },
      "operational": {
        "overload_rate": 0.0013050891920251837,
        "sla_violation_rate": 0.0013050891920251837,
        "over_provisioning_cost": 45132264.0,
        "asymmetric_op_cost": 45197544.0,
        "u_max_mean": 2.103715419769287,
        "u_max_max": 3.368152618408203
      }
    }
  }
}