{
  "seed": 13,
  "dataset": "geant",
  "loss": "asym_l1",
  "T_eff": 2083,
  "num_links": 58,
  "models": {
    "DLinear": {
      "forecast": {
        "rmse_mean": 134.69247436523438,
        "mae_mean": 110.83094024658203,
        "mape_mean": 39.33030603671896,
        "smape_mean": 30.258338928222656
      },
      "operational": {
        "overload_rate": 0.012515105865214296,
        "sla_violation_rate": 0.012515105865214296,
        "over_provisioning_cost": 61658304.0,
        "asymmetric_op_cost": 61913964.0,
        "u_max_mean": 1.173305630683899,
        "u_max_max": 4.3559136390686035
      }
    },
    "iTransformer": {
      "forecast": {
        "rmse_mean": 53.98043441772461,
        "mae_mean": 37.172794342041016,
        "mape_mean": 14.655334476766916,
        "smape_mean": 14.293179512023926
      },
      "operational": {
        "overload_rate": 0.0003890277616832486,
        "sla_violation_rate": 0.0003890277616832486,
        "over_provisioning_cost": 79190840.0,
        "asymmetric_op_cost": 79191392.0,
        "u_max_mean": 1.0081074237823486,
        "u_max_max": 2.016651153564453
      }
    }
  }
}