{
  "seed": 99,
  "dataset": "abilene",
  "loss": "asym_l1",
  "T_eff": 9606,
  "num_links": 54,
  "models": {
    "DLinear": {
      "forecast": {
        "rmse_mean": 42.45082473754883,
        "mae_mean": 16.332712173461914,
        "mape_mean": 8.329232454299927,
        "smape_mean": 8.099710464477539
      },
      "operational": {
        "overload_rate": 2.5061497058165806e-05,
        "sla_violation_rate": 2.5061497058165806e-05,
        "over_provisioning_cost": 1069320000.0,
        "asymmetric_op_cost": 1069320320.0,
        "u_max_mean": 0.9582901000976562,
        "u_max_max": 1.1300700902938843
      }
    },
    "iTransformer": {
      "forecast": {
        "rmse_mean": 45.802974700927734,
        "mae_mean": 16.81349754333496,
        "mape_mean": 8.289542229087264,
        "smape_mean": 8.172615051269531
      },
      "operational": {
        "overload_rate": 6.361764637842089e-05,
        "sla_violation_rate": 6.361764637842089e-05,
        "over_provisioning_cost": 1060721536.0,
        "asymmetric_op_cost": 1060722432.0,
        "u_max_mean": 0.9799813628196716,
        "u_max_max": 1.3299552202224731
      }
    }
  }
}