{
  "seed": 2,
  "dataset": "abilene",
  "loss": "asym_l1",
  "T_eff": 9606,
  "num_links": 54,
  "models": {
    "LSTM": {
      "forecast": {
        "rmse_mean": 335.9702453613281,
        "mae_mean": 289.6663818359375,
        "mape_mean": 154.63410705990262,
        "smape_mean": 71.69338989257812
      },
      "operational": {
        "overload_rate": 0.022071467678380023,
        "sla_violation_rate": 0.022071467678380023,
        "over_provisioning_cost": 903641344.0,
        "asymmetric_op_cost": 1060227072.0,
        "u_max_mean": 1.4186493158340454,
        "u_max_max": 5.4636688232421875
      }
    }
  }
}