{
  "num_seeds": 5,
  "seeds": [
    42,
    123,
    456,
    789,
    1024
  ],
  "dataset": "abilene",
  "loss": "asym_l1",
  "per_seed": [
    {
      "seed": 42,
      "dataset": "abilene",
      "loss": "asym_l1",
      "T_eff": 9606,
      "num_links": 54,
      "models": {
        "LSTM": {
          "forecast": {
            "rmse_mean": 120.29270935058594,
            "mae_mean": 65.94490051269531,
            "mape_mean": 36.727374465377245,
            "smape_mean": 27.381481170654297
          },
          "operational": {
            "overload_rate": 0.006126572126988534,
            "sla_violation_rate": 0.006126572126988534,
            "over_provisioning_cost": 1028325504.0,
            "asymmetric_op_cost": 1037212096.0,
            "u_max_mean": 1.1094273328781128,
            "u_max_max": 3.5283098220825195
          }
        }
      }
    },
    {
      "seed": 123,
      "dataset": "abilene",
      "loss": "asym_l1",
      "T_eff": 9606,
      "num_links": 54,
      "models": {
        "LSTM": {
          "forecast": {
            "rmse_mean": 134.37481689453125,
            "mae_mean": 74.59522247314453,
            "mape_mean": 39.74375715962163,
            "smape_mean": 28.8807373046875
          },
          "operational": {
            "overload_rate": 0.004732767329061312,
            "sla_violation_rate": 0.004732767329061312,
            "over_provisioning_cost": 1085853184.0,
            "asymmetric_op_cost": 1092479744.0,
            "u_max_mean": 1.066078782081604,
            "u_max_max": 2.9826271533966064
          }
        }
      }
    },
    {
      "seed": 456,
      "dataset": "abilene",
      "loss": "asym_l1",
      "T_eff": 9606,
      "num_links": 54,
      "models": {
        "LSTM": {
          "forecast": {
            "rmse_mean": 107.02295684814453,
            "mae_mean": 64.43461608886719,
            "mape_mean": 37.31175544526842,
            "smape_mean": 28.67459487915039
          },
          "operational": {
            "overload_rate": 0.006086088170202265,
            "sla_violation_rate": 0.006086088170202265,
            "over_provisioning_cost": 1032533120.0,
            "asymmetric_op_cost": 1039993152.0,
            "u_max_mean": 1.1168988943099976,
            "u_max_max": 2.9986584186553955
          }
        }
      }
    },
    {
      "seed": 789,
      "dataset": "abilene",
      "loss": "asym_l1",
      "T_eff": 9606,
      "num_links": 54,
      "models": {
        "LSTM": {
          "forecast": {
            "rmse_mean": 117.95712280273438,
            "mae_mean": 70.54419708251953,
            "mape_mean": 39.744999708952726,
            "smape_mean": 29.20439910888672
          },
          "operational": {
            "overload_rate": 0.006469721855938804,
            "sla_violation_rate": 0.006469721855938804,
            "over_provisioning_cost": 1075989248.0,
            "asymmetric_op_cost": 1084842112.0,
            "u_max_mean": 1.1536340713500977,
            "u_max_max": 3.4970858097076416
          }
        }
      }
    },
    {
      "seed": 1024,
      "dataset": "abilene",
      "loss": "asym_l1",
      "T_eff": 9606,
      "num_links": 54,
      "models": {
        "LSTM": {
          "forecast": {
            "rmse_mean": 115.93031311035156,
            "mae_mean": 68.31473541259766,
            "mape_mean": 38.046478041896115,
            "smape_mean": 28.78696632385254
          },
          "operational": {
            "overload_rate": 0.006084160362736252,
            "sla_violation_rate": 0.006084160362736252,
            "over_provisioning_cost": 1080171904.0,
            "asymmetric_op_cost": 1087301760.0,
            "u_max_mean": 1.1049776077270508,
            "u_max_max": 3.0413918495178223
          }
        }
      }
    }
  ],
  "models": {
    "LSTM": {
      "forecast": {
        "rmse_mean": {
          "mean": 119.11558380126954,
          "std": 8.853806266689377,
          "min": 107.02295684814453,
          "max": 134.37481689453125,
          "values": [
            120.29270935058594,
            134.37481689453125,
            107.02295684814453,
            117.95712280273438,
            115.93031311035156
          ]
        },
        "mae_mean": {
          "mean": 68.76673431396485,
          "std": 3.5795235839520205,
          "min": 64.43461608886719,
          "max": 74.59522247314453,
          "values": [
            65.94490051269531,
            74.59522247314453,
            64.43461608886719,
            70.54419708251953,
            68.31473541259766
          ]
        },
        "mape_mean": {
          "mean": 38.31487296422323,
          "std": 1.2397906778850378,
          "min": 36.727374465377245,
          "max": 39.744999708952726,
          "values": [
            36.727374465377245,
            39.74375715962163,
            37.31175544526842,
            39.744999708952726,
            38.046478041896115
          ]
        },
        "smape_mean": {
          "mean": 28.58563575744629,
          "std": 0.6274374868408755,
          "min": 27.381481170654297,
          "max": 29.20439910888672,
          "values": [
            27.381481170654297,
            28.8807373046875,
            28.67459487915039,
            29.20439910888672,
            28.78696632385254
          ]
        }
      },
      "operational": {
        "overload_rate": {
          "mean": 0.005899861968985434,
          "std": 0.0006011478655037707,
          "min": 0.004732767329061312,
          "max": 0.006469721855938804,
          "values": [
            0.006126572126988534,
            0.004732767329061312,
            0.006086088170202265,
            0.006469721855938804,
            0.006084160362736252
          ]
        },
        "sla_violation_rate": {
          "mean": 0.005899861968985434,
          "std": 0.0006011478655037707,
          "min": 0.004732767329061312,
          "max": 0.006469721855938804,
          "values": [
            0.006126572126988534,
            0.004732767329061312,
            0.006086088170202265,
            0.006469721855938804,
            0.006084160362736252
          ]
        },
        "over_provisioning_cost": {
          "mean": 1060574592.0,
          "std": 24847540.31885117,
          "min": 1028325504.0,
          "max": 1085853184.0,
          "values": [
            1028325504.0,
            1085853184.0,
            1032533120.0,
            1075989248.0,
            1080171904.0
          ]
        },
        "asymmetric_op_cost": {
          "mean": 1068365772.8,
          "std": 24442103.67757203,
          "min": 1037212096.0,
          "max": 1092479744.0,
          "values": [
            1037212096.0,
            1092479744.0,
            1039993152.0,
            1084842112.0,
            1087301760.0
          ]
        },
        "u_max_mean": {
          "mean": 1.1102033376693725,
          "std": 0.027949761893290254,
          "min": 1.066078782081604,
          "max": 1.1536340713500977,
          "values": [
            1.1094273328781128,
            1.066078782081604,
            1.1168988943099976,
            1.1536340713500977,
            1.1049776077270508
          ]
        },
        "u_max_max": {
          "mean": 3.209614610671997,
          "std": 0.24840734535509046,
          "min": 2.9826271533966064,
          "max": 3.5283098220825195,
          "values": [
            3.5283098220825195,
            2.9826271533966064,
            2.9986584186553955,
            3.4970858097076416,
            3.0413918495178223
          ]
        }
      }
    }
  }
}