{
  "seed": 512,
  "dataset": "abilene",
  "loss": "asym",
  "T_eff": 9606,
  "num_links": 54,
  "models": {
    "DLinear": {
      "forecast": {
        "rmse_mean": 46.536354064941406,
        "mae_mean": 20.617822647094727,
        "mape_mean": 10.488663443812618,
        "smape_mean": 9.706384658813477
      },
      "operational": {
        "overload_rate": 3.470053438822958e-05,
        "sla_violation_rate": 3.470053438822958e-05,
        "over_provisioning_cost": 1081197952.0,
        "asymmetric_op_cost": 1081198336.0,
        "u_max_mean": 0.9469462633132935,
        "u_max_max": 1.1059638261795044
      }
    },
    "iTransformer": {
      "forecast": {
        "rmse_mean": 50.72319793701172,
        "mae_mean": 19.931434631347656,
        "mape_mean": 9.976954301198324,
        "smape_mean": 9.211356163024902
      },
      "operational": {
        "overload_rate": 7.711229864051018e-06,
        "sla_violation_rate": 7.711229864051018e-06,
        "over_provisioning_cost": 1256990976.0,
        "asymmetric_op_cost": 1256991104.0,
        "u_max_mean": 0.872317373752594,
        "u_max_max": 1.102553129196167
      }
    }
  }
}