{
  "num_seeds": 20,
  "seeds": [
    1,
    100003,
    1024,
    123,
    13,
    17,
    2,
    2048,
    256,
    271828,
    3,
    31337,
    42,
    456,
    512,
    65521,
    7,
    789,
    8191,
    99
  ],
  "dataset": "abilene",
  "loss": "asym",
  "per_seed": {},
  "models": {
    "LSTM": {
      "forecast": {
        "rmse_mean": {
          "mean": 181.25318069458007,
          "std": 8.06742451373029,
          "min": 165.81285095214844,
          "max": 198.83087158203125,
          "values": [
            189.56805419921875,
            166.99757385253906,
            189.9027557373047,
            165.81285095214844,
            185.93142700195312,
            188.87112426757812,
            186.4417724609375,
            184.19894409179688,
            182.99215698242188,
            175.82557678222656,
            175.08815002441406,
            179.3863983154297,
            174.7233428955078,
            182.26129150390625,
            180.12213134765625,
            198.83087158203125,
            188.23533630371094,
            178.34686279296875,
            181.0177764892578,
            170.50921630859375
          ]
        },
        "mae_mean": {
          "mean": 109.86447067260742,
          "std": 5.67028862372784,
          "min": 100.08988189697266,
          "max": 120.67063903808594,
          "values": [
            115.74531555175781,
            102.875,
            113.54386138916016,
            102.47394561767578,
            117.21095275878906,
            105.78812408447266,
            115.14346313476562,
            114.51397705078125,
            111.43415069580078,
            114.71857452392578,
            101.55543518066406,
            106.45265197753906,
            103.7320785522461,
            112.11894989013672,
            100.08988189697266,
            120.67063903808594,
            110.71685028076172,
            107.15650177001953,
            110.29244995117188,
            111.05661010742188
          ]
        },
        "mape_mean": {
          "mean": 59.49991961143636,
          "std": 4.052239622235026,
          "min": 51.872267369870784,
          "max": 67.6396535590843,
          "values": [
            62.081592118298566,
            55.357063717312286,
            56.96597459581163,
            55.8444434095312,
            66.4360031021966,
            55.50055320174606,
            62.333604212160466,
            60.27115843031142,
            64.20469654930963,
            59.16654484360306,
            53.673095703125,
            55.252689626481796,
            59.64079694394712,
            62.106810569763184,
            51.872267369870784,
            67.6396535590843,
            61.854488902621796,
            59.84637452937938,
            60.458779370343244,
            59.49180147382948
          ]
        },
        "smape_mean": {
          "mean": 41.08771896362305,
          "std": 1.4718083233639216,
          "min": 38.220706939697266,
          "max": 44.60087203979492,
          "values": [
            42.31348419189453,
            40.224090576171875,
            40.670555114746094,
            39.50775909423828,
            42.50503158569336,
            39.89431381225586,
            42.400604248046875,
            41.722076416015625,
            41.92514419555664,
            41.51348114013672,
            38.220706939697266,
            39.79673385620117,
            40.85627746582031,
            42.420467376708984,
            38.41106033325195,
            44.60087203979492,
            41.88915252685547,
            40.777591705322266,
            41.041717529296875,
            41.06325912475586
          ]
        }
      },
      "operational": {
        "overload_rate": {
          "mean": 0.058864155119099947,
          "std": 0.005396558337301155,
          "min": 0.04595892998974407,
          "max": 0.06661731479553674,
          "values": [
            0.06475698059083443,
            0.0646451677578057,
            0.06333233087345101,
            0.04595892998974407,
            0.06661731479553674,
            0.055493865716643144,
            0.06510591374218275,
            0.06034230149366523,
            0.06339402071236341,
            0.05278336841942922,
            0.05255588713843971,
            0.062285531419406084,
            0.05394005289903687,
            0.06000107957218097,
            0.06439069717229201,
            0.05917790578419352,
            0.05721732559125855,
            0.05511794326077066,
            0.05355449140583431,
            0.05661199404693054
          ]
        },
        "sla_violation_rate": {
          "mean": 0.058864155119099947,
          "std": 0.005396558337301155,
          "min": 0.04595892998974407,
          "max": 0.06661731479553674,
          "values": [
            0.06475698059083443,
            0.0646451677578057,
            0.06333233087345101,
            0.04595892998974407,
            0.06661731479553674,
            0.055493865716643144,
            0.06510591374218275,
            0.06034230149366523,
            0.06339402071236341,
            0.05278336841942922,
            0.05255588713843971,
            0.062285531419406084,
            0.05394005289903687,
            0.06000107957218097,
            0.06439069717229201,
            0.05917790578419352,
            0.05721732559125855,
            0.05511794326077066,
            0.05355449140583431,
            0.05661199404693054
          ]
        },
        "over_provisioning_cost": {
          "mean": 386307466.4,
          "std": 67521034.50434646,
          "min": 245758800.0,
          "max": 531834304.0,
          "values": [
            361907040.0,
            467170432.0,
            403107264.0,
            444221504.0,
            353125376.0,
            245758800.0,
            360865280.0,
            443290304.0,
            426608640.0,
            531834304.0,
            400005792.0,
            357282880.0,
            382105344.0,
            369648576.0,
            292817792.0,
            283602368.0,
            363386080.0,
            339553056.0,
            423105472.0,
            476753024.0
          ]
        },
        "asymmetric_op_cost": {
          "mean": 428588699.2,
          "std": 63646387.291478775,
          "min": 293265184.0,
          "max": 563057728.0,
          "values": [
            406853056.0,
            508152256.0,
            445037792.0,
            480679680.0,
            397593248.0,
            293265184.0,
            407800960.0,
            481728608.0,
            469253376.0,
            563057728.0,
            440621664.0,
            402820032.0,
            422251520.0,
            413728384.0,
            343101984.0,
            331579584.0,
            409682496.0,
            379341312.0,
            460903104.0,
            514322016.0
          ]
        },
        "u_max_mean": {
          "mean": 2.2908763527870177,
          "std": 0.14478352140664205,
          "min": 2.057526111602783,
          "max": 2.6168880462646484,
          "values": [
            2.324125289916992,
            2.249206066131592,
            2.2970705032348633,
            2.076004981994629,
            2.3808376789093018,
            2.6168880462646484,
            2.387099027633667,
            2.203366756439209,
            2.2122795581817627,
            2.057526111602783,
            2.185697555541992,
            2.3506882190704346,
            2.207550048828125,
            2.301785469055176,
            2.5199854373931885,
            2.541210651397705,
            2.29052734375,
            2.3186819553375244,
            2.1415960788726807,
            2.155400276184082
          ]
        },
        "u_max_max": {
          "mean": 7.898723459243774,
          "std": 0.5814712895164179,
          "min": 6.8242950439453125,
          "max": 8.751538276672363,