{
  "seed": 8191,
  "dataset": "geant",
  "loss": "asym",
  "T_eff": 2083,
  "num_links": 58,
  "models": {
    "DLinear": {
      "forecast": {
        "rmse_mean": 3430.991943359375,
        "mae_mean": 3424.66943359375,
        "mape_mean": 1286.0435871913514,
        "smape_mean": 122.42847442626953
      },
      "operational": {
        "overload_rate": 0.0007532239641101197,
        "sla_violation_rate": 0.0007532239641101197,
        "over_provisioning_cost": 499737376.0,
        "asymmetric_op_cost": 499758784.0,
        "u_max_mean": 0.5239481925964355,
        "u_max_max": 1.3140844106674194
      }
    },
    "iTransformer": {
      "forecast": {
        "rmse_mean": 106.74778747558594,
        "mae_mean": 78.52558135986328,
        "mape_mean": 27.191589536338018,
        "smape_mean": 23.924114227294922
      },
      "operational": {
        "overload_rate": 0.007565348386776367,
        "sla_violation_rate": 0.007565348386776367,
        "over_provisioning_cost": 60066992.0,
        "asymmetric_op_cost": 60258900.0,
        "u_max_mean": 1.2510428428649902,
        "u_max_max": 3.2808854579925537
      }
    }
  }
}