{
  "seed": 456,
  "dataset": "abilene",
  "loss": "asym",
  "T_eff": 9606,
  "num_links": 54,
  "models": {
    "LSTM": {
      "forecast": {
        "rmse_mean": 180.14219665527344,
        "mae_mean": 122.85610961914062,
        "mape_mean": 59.50428971537837,
        "smape_mean": 42.339359283447266
      },
      "operational": {
        "overload_rate": 0.05402680423500744,
        "sla_violation_rate": 0.05402680423500744,
        "over_provisioning_cost": 412959808.0,
        "asymmetric_op_cost": 449723232.0,
        "u_max_mean": 2.1866235733032227,
        "u_max_max": 7.455743789672852
      }
    },
    "LSTM_CQR": {
      "forecast": {
        "rmse_mean": null,
        "mae_mean": null,
        "mape_mean": null,
        "smape_mean": null
      },
      "operational": {
        "overload_rate": 0.035305865932557585,
        "sla_violation_rate": 0.035305865932557585,
        "over_provisioning_cost": 668612444.9614679,
        "asymmetric_op_cost": 689809622.2247564,
        "u_max_mean": 1.7131299944935545,
        "u_max_max": 6.809478664345855
      },
      "calibration": {
        "method": "cqr",
        "target_alpha": 0.2,
        "qhat_mean": 35.89692548690019,
        "qhat_per_link": [
          0.7642524242401123,
          0.5550117492675781,
          43.58515930175781,
          10.335405349731445,
          68.14448547363281,
          59.0843505859375,
          76.99078369140625,
          50.136138916015625,
          -0.8779144287109375,
          -4.438568115234375,
          53.928993225097656,
          3.750457763671875,
          11.472862243652344,
          17.769771575927734,
          126.93975830078125,
          57.206268310546875,
          12.25067138671875,
          3.5207901000976562,
          71.85446166992188,
          66.78068542480469,
          21.571502685546875,
          46.042755126953125,
          89.9083251953125,
          40.69903564453125,
          5.3205108642578125,
          5.978649139404297,
          11.461380004882812,
          13.108312606811523,
          53.853240966796875,
          22.331024169921875,
          0.823759913444519,
          0.31839513778686523,
          26.90515899658203,
          48.79927062988281,
          34.599273681640625,
          95.17385864257812,
          10.313644409179688,
          24.394271850585938,
          17.849769592285156,
          36.246673583984375,
          89.22427368164062,
          45.38688659667969,
          14.970146179199219,
          14.673851013183594,
          90.16204833984375,
          -1.5858306884765625,
          100.59965515136719,
          47.174713134765625,
          5.279823303222656,
          3.1062545776367188,
          14.085220336914062,
          -0.6275482177734375,
          52.766204833984375,
          127.76564025878906
        ],
        "coverage_overall": 0.7680982564909278,
        "mean_width": 263.99114990234375
      }
    },
    "LSTM_ACI": {
      "forecast": {
        "rmse_mean": null,
        "mae_mean": null,
        "mape_mean": null,
        "smape_mean": null
      },
      "operational": {
        "overload_rate": 0.00136488768593703,
        "sla_violation_rate": 0.00136488768593703,
        "over_provisioning_cost": 831590267.5817319,
        "asymmetric_op_cost": 832142073.2635709,
        "u_max_mean": 1.1874072567319471,
        "u_max_max": 3.6121771305234693
      },
      "calibration": {
        "method": "aci",
        "target_alpha": 0.2,
        "gamma": 0.005,
        "window": 500,
        "qhat_mean": 53.324052068922256,
        "alpha_final_mean": 0.19259285185185182,
        "coverage_overall": 0.7893870343381065,
        "mean_width": 285.3579406738281
      }
    }
  },
  "calibration": "both",
  "target_alpha": 0.2
}