{
  "seed": 456,
  "dataset": "abilene",
  "loss": "asym_l1",
  "T_eff": 9606,
  "num_links": 54,
  "models": {
    "LSTM": {
      "forecast": {
        "rmse_mean": 450.5598449707031,
        "mae_mean": 424.23773193359375,
        "mape_mean": 225.51563556106,
        "smape_mean": 82.2796401977539
      },
      "operational": {
        "overload_rate": 0.022364494413213965,
        "sla_violation_rate": 0.022364494413213965,
        "over_provisioning_cost": 904701632.0,
        "asymmetric_op_cost": 1127605632.0,
        "u_max_mean": 1.3917593955993652,
        "u_max_max": 5.514984130859375
      }
    }
  }
}