{
  "seed": 123,
  "dataset": "abilene",
  "loss": "mse",
  "T_eff": 9606,
  "num_links": 54,
  "models": {
    "DLinear": {
      "forecast": {
        "rmse_mean": 46.29206466674805,
        "mae_mean": 18.728548049926758,
        "mape_mean": 9.124508376474735,
        "smape_mean": 8.73524284362793
      },
      "operational": {
        "overload_rate": 0.00012723529275684178,
        "sla_violation_rate": 0.00012723529275684178,
        "over_provisioning_cost": 1001042048.0,
        "asymmetric_op_cost": 1001054848.0,
        "u_max_mean": 0.9897639155387878,
        "u_max_max": 1.1585537195205688
      }
    },
    "iTransformer": {
      "forecast": {
        "rmse_mean": 48.18208694458008,
        "mae_mean": 18.67568588256836,
        "mape_mean": 9.21670538407785,
        "smape_mean": 8.927252769470215
      },
      "operational": {
        "overload_rate": 9.446256583462497e-05,
        "sla_violation_rate": 9.446256583462497e-05,
        "over_provisioning_cost": 1027372288.0,
        "asymmetric_op_cost": 1027377216.0,
        "u_max_mean": 0.9667011499404907,
        "u_max_max": 1.2201666831970215
      }
    }
  }
}