{
  "seed": 256,
  "dataset": "geant",
  "loss": "asym",
  "T_eff": 2083,
  "num_links": 58,
  "models": {
    "DLinear": {
      "forecast": {
        "rmse_mean": 1239.1424560546875,
        "mae_mean": 1225.480224609375,
        "mape_mean": 492.95329754928065,
        "smape_mean": 98.39190673828125
      },
      "operational": {
        "overload_rate": 0.04655089641928915,
        "sla_violation_rate": 0.04655089641928915,
        "over_provisioning_cost": 179665744.0,
        "asymmetric_op_cost": 183628240.0,
        "u_max_mean": 0.8576677441596985,
        "u_max_max": 2.6341731548309326
      }
    },
    "iTransformer": {
      "forecast": {
        "rmse_mean": 96.33612823486328,
        "mae_mean": 72.00206756591797,
        "mape_mean": 24.596766060796277,
        "smape_mean": 22.297510147094727
      },
      "operational": {
        "overload_rate": 0.006240998559769563,
        "sla_violation_rate": 0.006240998559769563,
        "over_provisioning_cost": 62176372.0,
        "asymmetric_op_cost": 62222936.0,
        "u_max_mean": 1.237657904624939,
        "u_max_max": 3.0752713680267334
      }
    }
  }
}