{
  "seed": 42,
  "dataset": "abilene",
  "loss": "mse",
  "T_eff": 9606,
  "num_links": 54,
  "models": {
    "LSTM": {
      "forecast": {
        "rmse_mean": 100.04029083251953,
        "mae_mean": 45.73643493652344,
        "mape_mean": 20.96097034878201,
        "smape_mean": 18.89911460876465
      },
      "operational": {
        "overload_rate": 0.017787879488899684,
        "sla_violation_rate": 0.017787879488899684,
        "over_provisioning_cost": 736199680.0,
        "asymmetric_op_cost": 738589184.0,
        "u_max_mean": 1.4397714138031006,
        "u_max_max": 3.5561466217041016
      }
    }
  }
}