{
  "seed": 17,
  "dataset": "abilene",
  "loss": "asym_l1",
  "T_eff": 9606,
  "num_links": 54,
  "models": {
    "DLinear": {
      "forecast": {
        "rmse_mean": 80.89674377441406,
        "mae_mean": 44.62117004394531,
        "mape_mean": 22.601215344888193,
        "smape_mean": 19.067344665527344
      },
      "operational": {
        "overload_rate": 1.9278074660127544e-06,
        "sla_violation_rate": 1.9278074660127544e-06,
        "over_provisioning_cost": 1349680128.0,
        "asymmetric_op_cost": 1349680128.0,
        "u_max_mean": 0.8253146409988403,
        "u_max_max": 1.0010380744934082
      }
    },
    "iTransformer": {
      "forecast": {
        "rmse_mean": 88.37494659423828,
        "mae_mean": 41.333065032958984,
        "mape_mean": 22.39505675986961,
        "smape_mean": 17.626264572143555
      },
      "operational": {
        "overload_rate": 0.0,
        "sla_violation_rate": 0.0,
        "over_provisioning_cost": 1765337728.0,
        "asymmetric_op_cost": 1765337728.0,
        "u_max_mean": 0.6525796055793762,
        "u_max_max": 0.8702706694602966
      }
    }
  }
}