{
  "seed": 512,
  "dataset": "cesnet",
  "loss": "asym_l1",
  "T_eff": 7624,
  "num_links": 20,
  "models": {
    "DLinear": {
      "forecast": {
        "rmse_mean": 24.390880584716797,
        "mae_mean": 14.793127059936523,
        "mape_mean": 56.324410152435306,
        "smape_mean": 39.832218170166016
      },
      "operational": {
        "overload_rate": 0.0016330010493179434,
        "sla_violation_rate": 0.0016330010493179434,
        "over_provisioning_cost": 38761892.0,
        "asymmetric_op_cost": 38799952.0,
        "u_max_mean": 2.115088701248169,
        "u_max_max": 4.94015645980835
      }
    },
    "iTransformer": {
      "forecast": {
        "rmse_mean": 23.916988372802734,
        "mae_mean": 13.776812553405762,
        "mape_mean": 43.849242496490476,
        "smape_mean": 35.935970306396484
      },
      "operational": {
        "overload_rate": 0.004085781741867786,
        "sla_violation_rate": 0.004085781741867786,
        "over_provisioning_cost": 36103408.0,
        "asymmetric_op_cost": 36160616.0,
        "u_max_mean": 2.7920708656311035,
        "u_max_max": 6.205570220947266
      }
    }
  }
}