{
  "seed": 99,
  "dataset": "cesnet",
  "loss": "asym",
  "T_eff": 7624,
  "num_links": 20,
  "models": {
    "DLinear": {
      "forecast": {
        "rmse_mean": 37.227237701416016,
        "mae_mean": 30.143823623657227,
        "mape_mean": 145.37975540161133,
        "smape_mean": 67.70060729980469
      },
      "operational": {
        "overload_rate": 0.000675498426023085,
        "sla_violation_rate": 0.000675498426023085,
        "over_provisioning_cost": 51894828.0,
        "asymmetric_op_cost": 51964052.0,
        "u_max_mean": 1.670179009437561,
        "u_max_max": 3.1621649265289307
      }
    },
    "iTransformer": {
      "forecast": {
        "rmse_mean": 33.46843719482422,
        "mae_mean": 23.68499755859375,
        "mape_mean": 95.47438297271728,
        "smape_mean": 53.69591522216797
      },
      "operational": {
        "overload_rate": 0.0006951731374606506,
        "sla_violation_rate": 0.0006951731374606506,
        "over_provisioning_cost": 52315024.0,
        "asymmetric_op_cost": 52388372.0,
        "u_max_mean": 1.6536970138549805,
        "u_max_max": 2.3303327560424805
      }
    }
  }
}