{
  "seed": 31337,
  "dataset": "cesnet",
  "loss": "asym_l1",
  "T_eff": 7624,
  "num_links": 20,
  "models": {
    "DLinear": {
      "forecast": {
        "rmse_mean": 46.42008590698242,
        "mae_mean": 38.87116241455078,
        "mape_mean": 166.11921424865722,
        "smape_mean": 75.83100128173828
      },
      "operational": {
        "overload_rate": 0.00038037775445960123,
        "sla_violation_rate": 0.00038037775445960123,
        "over_provisioning_cost": 63197868.0,
        "asymmetric_op_cost": 63266244.0,
        "u_max_mean": 1.3478777408599854,
        "u_max_max": 2.516239643096924
      }
    },
    "iTransformer": {
      "forecast": {
        "rmse_mean": 51.099510192871094,
        "mae_mean": 39.40227127075195,
        "mape_mean": 162.05419101715088,
        "smape_mean": 73.31410217285156
      },
      "operational": {
        "overload_rate": 0.0002295383001049318,
        "sla_violation_rate": 0.0002295383001049318,
        "over_provisioning_cost": 69446592.0,
        "asymmetric_op_cost": 69486776.0,
        "u_max_mean": 1.238344430923462,
        "u_max_max": 1.5890110731124878
      }
    }
  }
}