{
  "seed": 42,
  "dataset": "abilene",
  "loss": "asym",
  "T_eff": 9606,
  "num_links": 54,
  "models": {
    "LSTM": {
      "forecast": {
        "rmse_mean": 162.9710693359375,
        "mae_mean": 124.55326080322266,
        "mape_mean": 68.1530212826199,
        "smape_mean": 43.575469970703125
      },
      "operational": {
        "overload_rate": 0.05547844325691505,
        "sla_violation_rate": 0.05547844325691505,
        "over_provisioning_cost": 559774528.0,
        "asymmetric_op_cost": 611402368.0,
        "u_max_mean": 2.0136537551879883,
        "u_max_max": 7.29963493347168
      }
    }
  }
}