{
  "seed": 42,
  "dataset": "geant",
  "loss": "asym_l1",
  "T_eff": 2083,
  "num_links": 58,
  "models": {
    "DLinear": {
      "forecast": {
        "rmse_mean": 160.13990783691406,
        "mae_mean": 139.8807373046875,
        "mape_mean": 60.91199630293353,
        "smape_mean": 37.07283020019531
      },
      "operational": {
        "overload_rate": 0.019095469068154354,
        "sla_violation_rate": 0.019095469068154354,
        "over_provisioning_cost": 54518936.0,
        "asymmetric_op_cost": 55195880.0,
        "u_max_mean": 1.1792465448379517,
        "u_max_max": 2.9140090942382812
      }
    },
    "iTransformer": {
      "forecast": {
        "rmse_mean": 38.166683197021484,
        "mae_mean": 24.329858779907227,
        "mape_mean": 10.643945669305735,
        "smape_mean": 10.489914894104004
      },
      "operational": {
        "overload_rate": 0.00015726654195705796,
        "sla_violation_rate": 0.00015726654195705796,
        "over_provisioning_cost": 78188728.0,
        "asymmetric_op_cost": 78188824.0,
        "u_max_mean": 0.9788615703582764,
        "u_max_max": 1.7619757652282715
      }
    }
  }
}