{
  "seed": 3,
  "dataset": "cesnet",
  "loss": "asym_l1",
  "T_eff": 7624,
  "num_links": 20,
  "models": {
    "LSTM": {
      "forecast": {
        "rmse_mean": 46.951683044433594,
        "mae_mean": 41.37102508544922,
        "mape_mean": 226.57807540893555,
        "smape_mean": 80.10289001464844
      },
      "operational": {
        "overload_rate": 0.0274593389296957,
        "sla_violation_rate": 0.0274593389296957,
        "over_provisioning_cost": 14923272.0,
        "asymmetric_op_cost": 16494456.0,
        "u_max_mean": 5.117243766784668,
        "u_max_max": 8.70911979675293
      }
    }
  }
}