{
  "seed": 3,
  "dataset": "cesnet",
  "loss": "asym_l1",
  "T_eff": 7624,
  "num_links": 20,
  "models": {
    "DLinear": {
      "forecast": {
        "rmse_mean": 37.404319763183594,
        "mae_mean": 29.984399795532227,
        "mape_mean": 123.16488761901856,
        "smape_mean": 63.692726135253906
      },
      "operational": {
        "overload_rate": 0.0005508919202518363,
        "sla_violation_rate": 0.0005508919202518363,
        "over_provisioning_cost": 55481472.0,
        "asymmetric_op_cost": 55536820.0,
        "u_max_mean": 1.49796724319458,
        "u_max_max": 2.6415326595306396
      }
    },
    "iTransformer": {
      "forecast": {
        "rmse_mean": 38.43219757080078,
        "mae_mean": 28.4046630859375,
        "mape_mean": 115.04081306457519,
        "smape_mean": 60.016937255859375
      },
      "operational": {
        "overload_rate": 0.0006099160545645331,
        "sla_violation_rate": 0.0006099160545645331,
        "over_provisioning_cost": 56382968.0,
        "asymmetric_op_cost": 56441752.0,
        "u_max_mean": 1.5616071224212646,
        "u_max_max": 2.1476633548736572
      }
    }
  }
}