{
  "num_seeds": 20,
  "seeds": [
    1,
    100003,
    1024,
    123,
    13,
    17,
    2,
    2048,
    256,
    271828,
    3,
    31337,
    42,
    456,
    512,
    65521,
    7,
    789,
    8191,
    99
  ],
  "dataset": "geant",
  "loss": "asym",
  "per_seed": {},
  "models": {
    "LSTM": {
      "forecast": {
        "rmse_mean": {
          "mean": 2916.1344665527345,
          "std": 526.2186165332574,
          "min": 1884.8692626953125,
          "max": 4040.332763671875,
          "values": [
            3251.55615234375,
            2932.664306640625,
            2624.497802734375,
            1884.8692626953125,
            2910.481689453125,
            2588.12646484375,
            3319.271240234375,
            3698.238037109375,
            4040.332763671875,
            2317.414794921875,
            3264.89794921875,
            2813.445068359375,
            3589.273193359375,
            2561.529296875,
            3251.466796875,
            2921.916748046875,
            2084.40966796875,
            3045.797119140625,
            2445.93798828125,
            2776.56298828125
          ]
        },
        "mae_mean": {
          "mean": 2851.0278564453124,
          "std": 535.6333326975139,
          "min": 1832.8302001953125,
          "max": 3978.787109375,
          "values": [
            3207.003173828125,
            2882.05908203125,
            2553.386474609375,
            1832.8302001953125,
            2846.464111328125,
            2420.775634765625,
            3276.9560546875,
            3651.338623046875,
            3978.787109375,
            2253.629150390625,
            3214.603271484375,
            2770.9287109375,
            3544.595458984375,
            2508.745361328125,
            3192.166259765625,
            2828.645263671875,
            2022.6351318359375,
            3007.984375,
            2344.8251953125,
            2682.198486328125
          ]
        },
        "mape_mean": {
          "mean": 1139.5486129678532,
          "std": 239.92173193816419,
          "min": 726.5432162449277,
          "max": 1648.31704501448,
          "values": [
            1126.217343100186,
            1245.1863647000544,
            993.8273374623266,
            794.8715372085571,
            1316.2878523201778,
            1044.3396012207556,
            1178.9862640643942,
            1499.3283713439416,
            1648.31704501448,
            940.3762445778682,
            1161.5127388526653,
            850.0193950389994,
            1427.6997861862183,
            955.3667196076492,
            1370.9392579506184,
            1132.1321148050242,
            726.5432162449277,
            1208.5847223544943,
            868.4716419022659,
            1301.9647054014536
          ]
        },
        "smape_mean": {
          "mean": 134.07621803283692,
          "std": 5.400915861863622,
          "min": 124.69575500488281,
          "max": 146.2254638671875,
          "values": [
            128.35353088378906,
            133.48399353027344,
            135.89840698242188,
            124.69575500488281,
            131.69873046875,
            146.2254638671875,
            133.40142822265625,
            129.32679748535156,
            139.2825164794922,
            135.4037322998047,
            139.8446807861328,
            131.8359832763672,
            136.87232971191406,
            127.86653137207031,
            138.4781951904297,
            138.6431884765625,
            127.68895721435547,
            130.9803466796875,
            129.73829650878906,
            141.8054962158203
          ]
        }
      },
      "operational": {
        "overload_rate": {
          "mean": 0.1796592282351383,
          "std": 0.08299615250341712,
          "min": 0.033977850249143314,
          "max": 0.36553710662671546,
          "values": [
            0.14435413114374163,
            0.16599897362888408,
            0.36553710662671546,
            0.2076994388067608,
            0.13594450974224842,
            0.23965765556971874,
            0.2858774645322562,
            0.21917161918320724,
            0.033977850249143314,
            0.3335954442365951,
            0.24027844455112818,
            0.15260648600327775,
            0.07038919330541163,
            0.199951992318771,
            0.1440644296190839,
            0.14081977254291722,
            0.18882745377191384,
            0.12582151075206516,
            0.0654394358269737,
            0.1331716522919529
          ]
        },
        "sla_violation_rate": {
          "mean": 0.1796592282351383,
          "std": 0.08299615250341712,
          "min": 0.033977850249143314,
          "max": 0.36553710662671546,
          "values": [
            0.14435413114374163,
            0.16599897362888408,
            0.36553710662671546,
            0.2076994388067608,
            0.13594450974224842,
            0.23965765556971874,
            0.2858774645322562,
            0.21917161918320724,
            0.033977850249143314,
            0.3335954442365951,
            0.24027844455112818,
            0.15260648600327775,
            0.07038919330541163,
            0.199951992318771,
            0.1440644296190839,
            0.14081977254291722,
            0.18882745377191384,
            0.12582151075206516,
            0.0654394358269737,
            0.1331716522919529
          ]
        },
        "over_provisioning_cost": {
          "mean": 411803544.8,
          "std": 121139815.84341542,
          "min": 217270864.0,
          "max": 750639232.0,
          "values": [
            474483200.0,
            454508032.0,
            217270864.0,
            274796352.0,
            420142592.0,
            356840064.0,
            305444928.0,
            364891072.0,
            750639232.0,
            220027904.0,
            430602176.0,
            414805216.0,
            554785536.0,
            313189824.0,
            440767232.0,
            442428896.0,
            315246912.0,
            481296000.0,
            491321728.0,
            512583136.0
          ]
        },
        "asymmetric_op_cost": {
          "mean": 670796785.6,
          "std": 185600063.3899667,
          "min": 383302048.0,
          "max": 1131304448.0,
          "values": [
            614476288.0,
            545308160.0,
            868151424.0,
            383302048.0,
            573059840.0,
            542232192.0,
            1018705088.0,
            1131304448.0,
            755996096.0,
            715407104.0,
            708246848.0,
            534167136.0,
            650998016.0,
            573924288.0,
            761451392.0,
            902393088.0,
            478105568.0,
            512965728.0,
            513426720.0,
            632314240.0
          ]
        },
        "u_max_mean": {
          "mean": 108410584118067.27,
          "std": 66215531032920.27,
          "min": 0.47548940777778625,
          "max": 225523766657024.0,
          "values": [
            96475610611712.0,
            117229781778432.0,
            225523766657024.0,
            108390302875648.0,
            102324810809344.0,
            174172852453376.0,
            210488797429760.0,
            160729739034624.0,
            0.47548940777778625,
            223656680620032.0,
            170888125218816.0,
            52113866489856.0,
            80502442688512.0,
            67667482378240.0,
            119288807555072.0,
            61422599929856.0,
            97444763271168.0,
            31869615734784.0,
            0.7955476641654968,
            68021636825088.0
          ]
        },
        "u_max_max": {
          "mean": 1883912282728039.2,
          "std": 786459974288867.5,
          "min": 3.5163002014160156,
          "max": 2885700479352832.0,