{
  "seed": 99,
  "dataset": "geant",
  "loss": "asym_l1",
  "T_eff": 2083,
  "num_links": 58,
  "models": {
    "DLinear": {
      "forecast": {
        "rmse_mean": 177.34115600585938,
        "mae_mean": 152.82943725585938,
        "mape_mean": 53.45634304243943,
        "smape_mean": 35.64443588256836
      },
      "operational": {
        "overload_rate": 0.04686542950320327,
        "sla_violation_rate": 0.04686542950320327,
        "over_provisioning_cost": 47971376.0,
        "asymmetric_op_cost": 49034952.0,
        "u_max_mean": 1.3405593633651733,
        "u_max_max": 3.8504891395568848
      }
    },
    "iTransformer": {
      "forecast": {
        "rmse_mean": 46.06473159790039,
        "mae_mean": 30.01932144165039,
        "mape_mean": 12.032277464866638,
        "smape_mean": 12.724225997924805
      },
      "operational": {
        "overload_rate": 0.001978247554091413,
        "sla_violation_rate": 0.001978247554091413,
        "over_provisioning_cost": 70017832.0,
        "asymmetric_op_cost": 70022104.0,
        "u_max_mean": 1.1069839000701904,
        "u_max_max": 2.6280155181884766
      }
    }
  }
}