{
  "seed": 7,
  "dataset": "cesnet",
  "loss": "asym_l1",
  "T_eff": 7624,
  "num_links": 20,
  "models": {
    "DLinear": {
      "forecast": {
        "rmse_mean": 93.38059997558594,
        "mae_mean": 84.85431671142578,
        "mape_mean": 372.8648052215576,
        "smape_mean": 110.23213195800781
      },
      "operational": {
        "overload_rate": 9.181532004197271e-05,
        "sla_violation_rate": 9.181532004197271e-05,
        "over_provisioning_cost": 90877904.0,
        "asymmetric_op_cost": 90943816.0,
        "u_max_mean": 0.9798054695129395,
        "u_max_max": 1.335879921913147
      }
    },
    "iTransformer": {
      "forecast": {
        "rmse_mean": 94.19827270507812,
        "mae_mean": 75.25172424316406,
        "mape_mean": 316.85851821899416,
        "smape_mean": 101.96846771240234
      },
      "operational": {
        "overload_rate": 3.279118572927597e-05,
        "sla_violation_rate": 3.279118572927597e-05,
        "over_provisioning_cost": 108014848.0,
        "asymmetric_op_cost": 108027000.0,
        "u_max_mean": 0.8307521939277649,
        "u_max_max": 1.145251750946045
      }
    }
  }
}