{
  "seed": 789,
  "dataset": "abilene",
  "loss": "asym_l1",
  "T_eff": 9606,
  "num_links": 54,
  "models": {
    "LSTM": {
      "forecast": {
        "rmse_mean": 180.19187927246094,
        "mae_mean": 88.32637786865234,
        "mape_mean": 45.144188280458806,
        "smape_mean": 34.94760513305664
      },
      "operational": {
        "overload_rate": 0.06739422120433988,
        "sla_violation_rate": 0.06739422120433988,
        "over_provisioning_cost": 256220160.0,
        "asymmetric_op_cost": 276818752.0,
        "u_max_mean": 2.645833730697632,
        "u_max_max": 7.715120315551758
      }
    }
  }
}