{
  "seed": 8191,
  "dataset": "cesnet",
  "loss": "asym_l1",
  "T_eff": 7624,
  "num_links": 20,
  "models": {
    "LSTM": {
      "forecast": {
        "rmse_mean": 106.73565673828125,
        "mae_mean": 103.6122055053711,
        "mape_mean": 558.0840942382813,
        "smape_mean": 120.09892272949219
      },
      "operational": {
        "overload_rate": 0.0035807974816369358,
        "sla_violation_rate": 0.0035807974816369358,
        "over_provisioning_cost": 30849408.0,
        "asymmetric_op_cost": 35654272.0,
        "u_max_mean": 2.718757152557373,
        "u_max_max": 4.89597749710083
      }
    }
  }
}