{
  "ratios": [
    "1:1",
    "2:1",
    "5:1",
    "10:1",
    "20:1",
    "100:1"
  ],
  "models": [
    "DLinear",
    "iTransformer"
  ],
  "per_model": {
    "DLinear": [
      {
        "ratio": "1:1",
        "alpha": 1.0,
        "beta": 1.0,
        "overload_rate": 0.08691459599053089,
        "over_provisioning_cost": 104289388.8,
        "asymmetric_op_cost": 111519927.2,
        "rmse_mean": 794.8462951660156,
        "overload_rate_values": [
          0.09238167762014336,
          0.08961709735626666,
          0.09361497839654345,
          0.08423692618405151,
          0.07837667819954641,
          0.0909000612511795,
          0.07514857549621733,
          0.09263827039912594,
          0.07634049034052345,
          0.09041170725247075,
          0.09114837684374327,
          0.08662075587266377,
          0.08681940834671478,
          0.08731603953184233,
          0.09325905938053537,
          0.08715877298988528,
          0.08428658930256427,
          0.07563692949492608,
          0.09570082937407916,
          0.08667869617759531
        ]
      },
      {
        "ratio": "2:1",
        "alpha": 2.0,
        "beta": 1.0,
        "overload_rate": 0.03294278808747331,
        "over_provisioning_cost": 209087756.8,
        "asymmetric_op_cost": 211976658.4,
        "rmse_mean": 1429.5360015869142,
        "overload_rate_values": [
          0.005189795884582913,
          0.010652738920985979,
          0.04437399639114672,
          0.020088731438409457,
          0.012680649593590146,
          0.053329912096280234,
          0.045706623404572315,
          0.038803449931299354,
          0.05935570380916119,
          0.0421805419901667,
          0.040351283791613554,
          0.04150181270382572,
          0.04655089641928915,
          0.04770970251792011,
          0.020974390385220257,
          0.03568295065141457,
          0.028250037247338884,
          0.023143013226943898,
          0.02305196417633718,
          0.01927756716936779
        ]
      },
      {
        "ratio": "5:1",
        "alpha": 5.0,
        "beta": 1.0,
        "overload_rate": 0.003933318986210207,
        "over_provisioning_cost": 491924574.4,
        "asymmetric_op_cost": 492514827.2,
        "rmse_mean": 3421.6554931640626,
        "overload_rate_values": [
          0.0029797871107653086,
          0.008798649163176454,
          0.001862366944228318,
          0.0005711258628966841,
          0.002954955551508931,
          0.0015395566738954094,
          0.0020941281639545086,
          0.0013905673183571441,
          0.009493932822355024,
          0.008740708858244906,
          0.004809045309318457,
          0.00046352243945238134,
          0.002541096230569305,
          0.0023921068750310396,
          0.00085255020113563,
          0.010760342344430282,
          0.0007532239641101197,
          0.00341020080454252,
          0.011993643120830367,
          0.0002648699654013608
        ]
      },
      {
        "ratio": "10:1",
        "alpha": 10.0,
        "beta": 1.0,
        "overload_rate": 0.0009878821990828876,
        "over_provisioning_cost": 901364086.4,
        "asymmetric_op_cost": 901622403.2,
        "rmse_mean": 6474.278491210937,
        "overload_rate_values": [
          3.31087456751701e-05,
          0.00033108745675170095,
          0.0005628486764778916,
          0.0016637144701772974,
          4.138593209396262e-05,
          0.0009187676924859702,
          0.001531279487476617,
          0.0009684308109987254,
          0.0009435992517423477,
          0.0011753604714685383,
          4.138593209396262e-05,
          0.00046352243945238134,
          0.0007697783369477047,
          3.31087456751701e-05,
          4.138593209396262e-05,
          0.005719535815385634,
          0.0019037528763222805,
          0.0014650619961262767,
          0.0010925886072806132,
          5.794030493154767e-05
        ]
      },
      {
        "ratio": "20:1",
        "alpha": 20.0,
        "beta": 1.0,
        "overload_rate": 2.648699654013608e-05,
        "over_provisioning_cost": 1372916262.4,
        "asymmetric_op_cost": 1372918368.0,
        "rmse_mean": 9807.774780273438,
        "overload_rate_values": [
          1.655437283758505e-05,
          0.0,
          0.0,
          1.655437283758505e-05,
          8.277186418792524e-06,
          8.277186418792524e-06,
          8.277186418792524e-05,
          0.0,
          0.0,
          0.0,
          0.0,
          2.4831559256377573e-05,
          0.0,
          8.277186418792524e-06,
          0.0,
          0.0002897015246577383,
          0.0,
          8.277186418792524e-06,
          0.0,
          6.62174913503402e-05
        ]
      },
      {
        "ratio": "100:1",
        "alpha": 100.0,
        "beta": 1.0,
        "overload_rate": 1.0760342344430282e-05,
        "over_provisioning_cost": 2036144211.2,
        "asymmetric_op_cost": 2036144608.0,
        "rmse_mean": 14376.2400390625,
        "overload_rate_values": [
          0.0,
          0.0,
          0.0,
          0.0,
          3.31087456751701e-05,
          0.0,
          0.0,
          0.0,
          0.0,
          0.0,
          0.0,
          0.0,
          0.0,
          0.0,
          0.0,
          0.0,
          0.0,
          0.0,
          0.0,
          0.00018209810121343553
        ]
      }
    ],
    "iTransformer": [
      {
        "ratio": "1:1",
        "alpha": 1.0,
        "beta": 1.0,
        "overload_rate": 0.017142880791961197,
        "over_provisioning_cost": 55307942.4,
        "asymmetric_op_cost": 55430748.6,
        "rmse_mean": 104.06193199157715,
        "overload_rate_values": [
          0.023209230718294237,
          0.02968199049778999,
          0.034350323637988976,
          0.003095667720628404,
          0.031759564288906916,
          0.013847732878639893,
          0.008599996689125432,
          0.03142847683215522,
          0.021802109027099507,
          0.013409041998443888,
          0.0013574585726819739,
          0.02301885543066201,
          0.013351101693512342,
          0.010553412683960468,
          0.007027331269554853,
          0.007441190590494479,
          0.03292664757395666,
          0.011066598241925605,
          0.021595179366629694,
          0.0033357061267733873
        ]
      },
      {
        "ratio": "2:1",
        "alpha": 2.0,
        "beta": 1.0,
        "overload_rate": 0.009925174234774117,
        "over_provisioning_cost": 61171160.0,
        "asymmetric_op_cost": 61286629.6,
        "rmse_mean": 102.29400634765625,
        "overload_rate_values": [
          0.003385369245286142,
          0.0014733391825450693,
          0.02357342692072111,
          0.0023589981293558695,
          0.0003973049481020412,
          0.00993262370255103,
          0.0220338702468257,
          0.014369195623023821,
          0.01121558759746387,
          0.0006456205406658169,
          0.02383829688612247,
          0.011910871256642442,
          0.006240998559769563,
          0.014998261790852053,
          0.010172662108696011,
          0.008219246113860976,
          0.011190756038207492,
          0.006174781068419223,
          0.012481997119539127,
          0.0038902776168324863
        ]
      },
      {
        "ratio": "5:1",
        "alpha": 5.0,
        "beta": 1.0,
        "overload_rate": 0.0057638187627261726,
        "over_provisioning_cost": 66820159.6,
        "asymmetric_op_cost": 66964180.2,
        "rmse_mean": 101.75227890014648,