{
  "seed": 789,
  "dataset": "abilene",
  "loss": "mse",
  "T_eff": 9606,
  "num_links": 54,
  "models": {
    "LSTM": {
      "forecast": {
        "rmse_mean": 115.39191436767578,
        "mae_mean": 48.780460357666016,
        "mape_mean": 20.308320239738183,
        "smape_mean": 20.43695831298828
      },
      "operational": {
        "overload_rate": 0.014520245834008067,
        "sla_violation_rate": 0.014520245834008067,
        "over_provisioning_cost": 648354688.0,
        "asymmetric_op_cost": 651227136.0,
        "u_max_mean": 1.434821605682373,
        "u_max_max": 3.1471757888793945
      }
    }
  }
}