{
  "seed": 1,
  "dataset": "cesnet",
  "loss": "asym_l1",
  "T_eff": 7624,
  "num_links": 20,
  "models": {
    "DLinear": {
      "forecast": {
        "rmse_mean": 29.332433700561523,
        "mae_mean": 20.925121307373047,
        "mape_mean": 86.51742744445801,
        "smape_mean": 51.074668884277344
      },
      "operational": {
        "overload_rate": 0.0006820566631689402,
        "sla_violation_rate": 0.0006820566631689402,
        "over_provisioning_cost": 49338508.0,
        "asymmetric_op_cost": 49379604.0,
        "u_max_mean": 1.6648963689804077,
        "u_max_max": 3.0156850814819336
      }
    },
    "iTransformer": {
      "forecast": {
        "rmse_mean": 28.48850440979004,
        "mae_mean": 19.233844757080078,
        "mape_mean": 71.18131484985352,
        "smape_mean": 45.77264404296875
      },
      "operational": {
        "overload_rate": 0.0014296956977964323,
        "sla_violation_rate": 0.0014296956977964323,
        "over_provisioning_cost": 44455308.0,
        "asymmetric_op_cost": 44524108.0,
        "u_max_mean": 2.106112480163574,
        "u_max_max": 3.469120502471924
      }
    }
  }
}