{
  "seed": 3,
  "dataset": "cesnet",
  "loss": "asym",
  "T_eff": 7624,
  "num_links": 20,
  "models": {
    "DLinear": {
      "forecast": {
        "rmse_mean": 76.73629760742188,
        "mae_mean": 69.17831420898438,
        "mape_mean": 344.47038955688475,
        "smape_mean": 103.8348388671875
      },
      "operational": {
        "overload_rate": 0.00015083945435466947,
        "sla_violation_rate": 0.00015083945435466947,
        "over_provisioning_cost": 79244464.0,
        "asymmetric_op_cost": 79378288.0,
        "u_max_mean": 1.1126551628112793,
        "u_max_max": 1.7149505615234375
      }
    },
    "iTransformer": {
      "forecast": {
        "rmse_mean": 72.88700866699219,
        "mae_mean": 57.40810012817383,
        "mape_mean": 262.7790637969971,
        "smape_mean": 91.48534393310547
      },
      "operational": {
        "overload_rate": 8.525708289611753e-05,
        "sla_violation_rate": 8.525708289611753e-05,
        "over_provisioning_cost": 90470832.0,
        "asymmetric_op_cost": 90550512.0,
        "u_max_mean": 0.9875895380973816,
        "u_max_max": 1.4202089309692383
      }
    }
  }
}