{
  "seed": 3,
  "dataset": "cesnet",
  "loss": "asym",
  "T_eff": 7624,
  "num_links": 20,
  "models": {
    "LSTM": {
      "forecast": {
        "rmse_mean": 91.01165008544922,
        "mae_mean": 87.31877136230469,
        "mape_mean": 480.58801460266113,
        "smape_mean": 113.16739654541016
      },
      "operational": {
        "overload_rate": 0.0037316369359916054,
        "sla_violation_rate": 0.0037316369359916054,
        "over_provisioning_cost": 32470000.0,
        "asymmetric_op_cost": 36156820.0,
        "u_max_mean": 2.622917652130127,
        "u_max_max": 4.432563781738281
      }
    }
  }
}