{
  "seed": 42,
  "dataset": "geant",
  "loss": "asym_l1",
  "T_eff": 2083,
  "num_links": 58,
  "models": {
    "DLinear": {
      "forecast": {
        "rmse_mean": 165.69032287597656,
        "mae_mean": 141.8245391845703,
        "mape_mean": 51.36988063516288,
        "smape_mean": 35.24215316772461
      },
      "operational": {
        "overload_rate": 0.052816726538315095,
        "sla_violation_rate": 0.052816726538315095,
        "over_provisioning_cost": 44932068.0,
        "asymmetric_op_cost": 45875868.0,
        "u_max_mean": 1.3788708448410034,
        "u_max_max": 4.537184715270996
      }
    },
    "iTransformer": {
      "forecast": {
        "rmse_mean": 47.92802047729492,
        "mae_mean": 31.536653518676758,
        "mape_mean": 12.596007030585717,
        "smape_mean": 13.258695602416992
      },
      "operational": {
        "overload_rate": 0.0014567848097074843,
        "sla_violation_rate": 0.0014567848097074843,
        "over_provisioning_cost": 71103024.0,
        "asymmetric_op_cost": 71105520.0,
        "u_max_mean": 1.1040537357330322,
        "u_max_max": 2.810342311859131
      }
    }
  }
}