{
  "seed": 1,
  "dataset": "geant",
  "loss": "asym_l1",
  "T_eff": 2083,
  "num_links": 58,
  "models": {
    "DLinear": {
      "forecast": {
        "rmse_mean": 176.84495544433594,
        "mae_mean": 159.33047485351562,
        "mape_mean": 60.66631895098193,
        "smape_mean": 40.6421012878418
      },
      "operational": {
        "overload_rate": 0.005107024020394988,
        "sla_violation_rate": 0.005107024020394988,
        "over_provisioning_cost": 69406632.0,
        "asymmetric_op_cost": 69716000.0,
        "u_max_mean": 1.0234029293060303,
        "u_max_max": 2.1564724445343018
      }
    },
    "iTransformer": {
      "forecast": {
        "rmse_mean": 84.09459686279297,
        "mae_mean": 61.344207763671875,
        "mape_mean": 23.737959154720965,
        "smape_mean": 20.018543243408203
      },
      "operational": {
        "overload_rate": 9.104905060671777e-05,
        "sla_violation_rate": 9.104905060671777e-05,
        "over_provisioning_cost": 84840768.0,
        "asymmetric_op_cost": 84841096.0,
        "u_max_mean": 0.927118182182312,
        "u_max_max": 1.5811198949813843
      }
    }
  }
}