{
  "seed": 1,
  "dataset": "abilene",
  "loss": "asym",
  "T_eff": 9606,
  "num_links": 54,
  "models": {
    "LSTM": {
      "forecast": {
        "rmse_mean": 176.16262817382812,
        "mae_mean": 113.92029571533203,
        "mape_mean": 57.729291915893555,
        "smape_mean": 40.25684356689453
      },
      "operational": {
        "overload_rate": 0.06796678002174567,
        "sla_violation_rate": 0.06796678002174567,
        "over_provisioning_cost": 419071776.0,
        "asymmetric_op_cost": 457824576.0,
        "u_max_mean": 2.2338569164276123,
        "u_max_max": 6.964114665985107
      }
    },
    "LSTM_CQR": {
      "forecast": {
        "rmse_mean": null,
        "mae_mean": null,
        "mape_mean": null,
        "smape_mean": null
      },
      "operational": {
        "overload_rate": 0.03541575095812031,
        "sla_violation_rate": 0.03541575095812031,
        "over_provisioning_cost": 553808033.3759471,
        "asymmetric_op_cost": 585507192.8302594,
        "u_max_mean": 1.8274147035270507,
        "u_max_max": 6.82083970586031
      },
      "calibration": {
        "method": "cqr",
        "target_alpha": 0.05,
        "qhat_mean": 51.933068416736745,
        "qhat_per_link": [
          1.4219895601272583,
          1.5219764709472656,
          77.66877746582031,
          13.561613082885742,
          68.37797546386719,
          74.076416015625,
          62.3631591796875,
          81.5247802734375,
          17.683815002441406,
          17.0911865234375,
          60.48915100097656,
          6.38023567199707,
          34.84182357788086,
          23.192562103271484,
          137.22833251953125,
          68.55755615234375,
          29.253646850585938,
          5.546968460083008,
          92.42965698242188,
          64.24172973632812,
          41.919342041015625,
          117.82815551757812,
          100.62036895751953,
          40.17555236816406,
          48.71234130859375,
          10.44448471069336,
          22.399932861328125,
          11.035239219665527,
          107.57368469238281,
          62.189727783203125,
          1.4246586561203003,
          1.6405487060546875,
          42.309234619140625,
          69.07717895507812,
          33.69097137451172,
          138.10406494140625,
          30.339263916015625,
          28.784881591796875,
          24.082326889038086,
          58.55164337158203,
          98.66871643066406,
          60.68724060058594,
          14.864021301269531,
          22.07767105102539,
          98.68243408203125,
          73.76179504394531,
          148.13455200195312,
          51.697052001953125,
          12.654590606689453,
          17.61029815673828,
          22.59197998046875,
          13.777496337890625,
          110.54302978515625,
          130.27786254882812
        ],
        "coverage_overall": 0.8790917713466121,
        "mean_width": 278.4831237792969
      }
    },
    "LSTM_ACI": {
      "forecast": {
        "rmse_mean": null,
        "mae_mean": null,
        "mape_mean": null,
        "smape_mean": null
      },
      "operational": {
        "overload_rate": 0.00021013101379539022,
        "sla_violation_rate": 0.00021013101379539022,
        "over_provisioning_cost": 901223944.3380414,
        "asymmetric_op_cost": 901544189.4616376,
        "u_max_mean": 1.0164076799199084,
        "u_max_max": 1.745947225432618
      },
      "calibration": {
        "method": "aci",
        "target_alpha": 0.05,
        "gamma": 0.005,
        "window": 500,
        "qhat_mean": 104.12602673636542,
        "alpha_final_mean": 0.05453337037037071,
        "coverage_overall": 0.9469062545785427,
        "mean_width": 368.5364074707031
      }
    }
  },
  "calibration": "both",
  "target_alpha": 0.05
}