{
  "num_seeds": 20,
  "seeds": [
    1,
    100003,
    1024,
    123,
    13,
    17,
    2,
    2048,
    256,
    271828,
    3,
    31337,
    42,
    456,
    512,
    65521,
    7,
    789,
    8191,
    99
  ],
  "dataset": "geant",
  "loss": "asym",
  "per_seed": {},
  "models": {
    "LSTM": {
      "forecast": {
        "rmse_mean": {
          "mean": 2300.0138305664063,
          "std": 487.78633446361397,
          "min": 1408.75634765625,
          "max": 3222.672119140625,
          "values": [
            2259.044677734375,
            2207.242919921875,
            2335.5625,
            1646.8331298828125,
            2762.952880859375,
            1818.3863525390625,
            2408.8212890625,
            3222.672119140625,
            2101.851318359375,
            3194.5234375,
            2495.988037109375,
            2110.49462890625,
            2495.267822265625,
            1806.1876220703125,
            3091.845703125,
            2553.6015625,
            1408.75634765625,
            2107.905029296875,
            1767.2777099609375,
            2205.0615234375
          ]
        },
        "mae_mean": {
          "mean": 2229.186700439453,
          "std": 491.8661702193572,
          "min": 1337.8309326171875,
          "max": 3141.046875,
          "values": [
            2218.07861328125,
            2149.5615234375,
            2265.964599609375,
            1564.771240234375,
            2723.5380859375,
            1733.4776611328125,
            2368.544921875,
            3129.260009765625,
            1920.4599609375,
            3141.046875,
            2448.8369140625,
            2058.79638671875,
            2441.877685546875,
            1731.2672119140625,
            2986.237548828125,
            2504.041748046875,
            1337.8309326171875,
            2041.0484619140625,
            1697.9388427734375,
            2121.15478515625
          ]
        },
        "mape_mean": {
          "mean": 856.3192559209363,
          "std": 222.73113911641977,
          "min": 484.1260173731837,
          "max": 1341.3660979106508,
          "values": [
            796.9995669989751,
            931.0715853921298,
            798.9566675383469,
            602.8541985215812,
            1048.1842471155628,
            705.297634453609,
            805.2140212881154,
            1218.8352718682124,
            597.9793870860133,
            1341.3660979106508,
            883.2008691656179,
            706.8254436295608,
            886.3220558166504,
            673.4655601896088,
            1109.1122378974126,
            989.0129480033086,
            484.1260173731837,
            788.4117435258011,
            618.0955449794901,
            1141.054019664896
          ]
        },
        "smape_mean": {
          "mean": 129.3501998901367,
          "std": 9.10275281552345,
          "min": 113.34564971923828,
          "max": 147.76036071777344,
          "values": [
            124.68413543701172,
            124.28475952148438,
            137.96481323242188,
            113.34564971923828,
            128.49473571777344,
            121.66624450683594,
            134.50462341308594,
            147.76036071777344,
            142.4213409423828,
            130.8956298828125,
            135.74407958984375,
            129.50413513183594,
            126.05756378173828,
            124.55673217773438,
            141.46298217773438,
            125.79660034179688,
            116.10942840576172,
            124.59624481201172,
            117.44799041748047,
            139.70594787597656
          ]
        }
      },
      "operational": {
        "overload_rate": {
          "mean": 0.1863881669342957,
          "std": 0.07016961888637807,
          "min": 0.06406542288145414,
          "max": 0.3725478835234327,
          "values": [
            0.1917575777641664,
            0.18498683927359413,
            0.20265035509129736,
            0.21452811760226465,
            0.1610078302183522,
            0.19061532603837303,
            0.32680815137318525,
            0.18343900541327993,
            0.17536874865495722,
            0.08877282434154982,
            0.13122651348353667,
            0.26121972619067324,
            0.17030311056665617,
            0.14668829771384112,
            0.3725478835234327,
            0.06406542288145414,
            0.19378548843677057,
            0.2097935669707153,
            0.12248580462529177,
            0.13571274852252221
          ]
        },
        "sla_violation_rate": {
          "mean": 0.1863881669342957,
          "std": 0.07016961888637807,
          "min": 0.06406542288145414,
          "max": 0.3725478835234327,
          "values": [
            0.1917575777641664,
            0.18498683927359413,
            0.20265035509129736,
            0.21452811760226465,
            0.1610078302183522,
            0.19061532603837303,
            0.32680815137318525,
            0.18343900541327993,
            0.17536874865495722,
            0.08877282434154982,
            0.13122651348353667,
            0.26121972619067324,
            0.17030311056665617,
            0.14668829771384112,
            0.3725478835234327,
            0.06406542288145414,
            0.19378548843677057,
            0.2097935669707153,
            0.12248580462529177,
            0.13571274852252221
          ]
        },
        "over_provisioning_cost": {
          "mean": 326443222.4,
          "std": 100785635.48901072,
          "min": 181422592.0,
          "max": 632038272.0,
          "values": [
            336979776.0,
            349415552.0,
            375640736.0,
            223985824.0,
            390087968.0,
            249736256.0,
            220585136.0,
            355504192.0,
            302428032.0,
            632038272.0,
            367999872.0,
            246828800.0,
            373495360.0,
            282844512.0,
            185340912.0,
            464047680.0,
            181422592.0,
            302865504.0,
            329093952.0,
            358523520.0
          ]
        },
        "asymmetric_op_cost": {
          "mean": 513822224.0,
          "std": 151613093.09677473,
          "min": 277548256.0,
          "max": 837506496.0,
          "values": [
            420207808.0,
            446414048.0,
            607865280.0,
            340489760.0,
            589950272.0,
            426128480.0,
            730361472.0,
            835307264.0,
            470391616.0,
            694148480.0,
            499458816.0,
            417927616.0,
            528711680.0,
            423658464.0,
            837506496.0,
            474815648.0,
            277548256.0,
            450692352.0,
            383323584.0,
            421537088.0
          ]
        },
        "u_max_mean": {
          "mean": 108382772002816.03,
          "std": 75535707792294.81,
          "min": 0.7601951360702515,
          "max": 306726263848960.0,
          "values": [
            74597617631232.0,
            120243699580928.0,
            73701697519616.0,
            82512906813440.0,
            120076011307008.0,
            60551514292224.0,
            300020343504896.0,
            160096986333184.0,
            107834289160192.0,
            20141706313728.0,
            67018355113984.0,
            139409965973504.0,
            140024196628480.0,
            93039938764800.0,
            306726263848960.0,
            0.7601951360702515,
            77885708697600.0,
            109851380285440.0,
            65031894990848.0,
            48890963296256.0
          ]
        },
        "u_max_max": {
          "mean": 1969412408082432.0,
          "std": 673977586459807.0,
          "min": 4.561789035797119,
          "max": 2885700479352832.0,