{
  "seed": 31337,
  "dataset": "geant",
  "loss": "asym_l1",
  "T_eff": 2083,
  "num_links": 58,
  "models": {
    "DLinear": {
      "forecast": {
        "rmse_mean": 116.92897033691406,
        "mae_mean": 93.63824462890625,
        "mape_mean": 31.366614058099945,
        "smape_mean": 27.308822631835938
      },
      "operational": {
        "overload_rate": 0.010851391395037,
        "sla_violation_rate": 0.010851391395037,
        "over_provisioning_cost": 58091048.0,
        "asymmetric_op_cost": 58370980.0,
        "u_max_mean": 1.1853973865509033,
        "u_max_max": 3.9297196865081787
      }
    },
    "iTransformer": {
      "forecast": {
        "rmse_mean": 88.08797454833984,
        "mae_mean": 64.1647720336914,
        "mape_mean": 22.81823835701778,
        "smape_mean": 20.643278121948242
      },
      "operational": {
        "overload_rate": 0.0019368616219974507,
        "sla_violation_rate": 0.0019368616219974507,
        "over_provisioning_cost": 72272768.0,
        "asymmetric_op_cost": 72280336.0,
        "u_max_mean": 1.1232258081436157,
        "u_max_max": 2.9594271183013916
      }
    }
  }
}