{
  "seed": 2,
  "dataset": "abilene",
  "loss": "asym",
  "T_eff": 9606,
  "num_links": 54,
  "models": {
    "LSTM": {
      "forecast": {
        "rmse_mean": 160.33212280273438,
        "mae_mean": 107.41259765625,
        "mape_mean": 53.02432053177445,
        "smape_mean": 39.09302520751953
      },
      "operational": {
        "overload_rate": 0.061215598275769,
        "sla_violation_rate": 0.061215598275769,
        "over_provisioning_cost": 501313568.0,
        "asymmetric_op_cost": 535133792.0,
        "u_max_mean": 2.0996527671813965,
        "u_max_max": 7.647500991821289
      }
    },
    "LSTM_CQR": {
      "forecast": {
        "rmse_mean": null,
        "mae_mean": null,
        "mape_mean": null,
        "smape_mean": null
      },
      "operational": {
        "overload_rate": 0.038745074451924336,
        "sla_violation_rate": 0.038745074451924336,
        "over_provisioning_cost": 625577400.4998599,
        "asymmetric_op_cost": 650887401.1259328,
        "u_max_mean": 1.801778538267813,
        "u_max_max": 6.633611754129453
      },
      "calibration": {
        "method": "cqr",
        "target_alpha": 0.2,
        "qhat_mean": 31.831375696040965,
        "qhat_per_link": [
          0.12249648571014404,
          -0.37011289596557617,
          41.217018127441406,
          7.064275741577148,
          48.676849365234375,
          36.633148193359375,
          53.40864562988281,
          84.56170654296875,
          31.281997680664062,
          5.4215240478515625,
          29.930755615234375,
          2.967367172241211,
          35.37688446044922,
          7.352054595947266,
          113.53598022460938,
          37.884674072265625,
          51.7889404296875,
          -15.504566192626953,
          94.37173461914062,
          22.608367919921875,
          55.97798156738281,
          89.52786254882812,
          41.85377502441406,
          54.191795349121094,
          16.3477783203125,
          9.025249481201172,
          10.705413818359375,
          6.755847930908203,
          50.964599609375,
          13.55535888671875,
          0.12432253360748291,
          -0.2947087287902832,
          18.495155334472656,
          16.585769653320312,
          30.382476806640625,
          136.3377685546875,
          10.425628662109375,
          10.803443908691406,
          -1.0370368957519531,
          -24.617706298828125,
          32.83238220214844,
          21.126327514648438,
          3.3035659790039062,
          10.266700744628906,
          75.64337158203125,
          64.74850463867188,
          98.728271484375,
          24.735260009765625,
          11.456768035888672,
          -3.6383590698242188,
          10.383834838867188,
          9.2291259765625,
          44.975341796875,
          80.66267395019531
        ],
        "coverage_overall": 0.7615205774168923,
        "mean_width": 252.60401916503906
      }
    },
    "LSTM_ACI": {
      "forecast": {
        "rmse_mean": null,
        "mae_mean": null,
        "mape_mean": null,
        "smape_mean": null
      },
      "operational": {
        "overload_rate": 0.0016116470415866626,
        "sla_violation_rate": 0.0016116470415866626,
        "over_provisioning_cost": 828445641.0917913,
        "asymmetric_op_cost": 829034697.748171,
        "u_max_mean": 1.3007751976978936,
        "u_max_max": 4.181243673609514
      },
      "calibration": {
        "method": "aci",
        "target_alpha": 0.2,
        "gamma": 0.005,
        "window": 500,
        "qhat_mean": 54.64214725847597,
        "alpha_final_mean": 0.1836113518518518,
        "coverage_overall": 0.7892038926288354,
        "mean_width": 283.8277282714844
      }
    }
  },
  "calibration": "both",
  "target_alpha": 0.2
}