{
  "seed": 512,
  "dataset": "cesnet",
  "loss": "asym",
  "T_eff": 7624,
  "num_links": 20,
  "models": {
    "DLinear": {
      "forecast": {
        "rmse_mean": 25.403072357177734,
        "mae_mean": 16.695581436157227,
        "mape_mean": 72.64781370162964,
        "smape_mean": 45.401268005371094
      },
      "operational": {
        "overload_rate": 0.001888772298006296,
        "sla_violation_rate": 0.001888772298006296,
        "over_provisioning_cost": 37218132.0,
        "asymmetric_op_cost": 37257812.0,
        "u_max_mean": 2.24284029006958,
        "u_max_max": 4.105179309844971
      }
    },
    "iTransformer": {
      "forecast": {
        "rmse_mean": 24.642778396606445,
        "mae_mean": 14.96617317199707,
        "mape_mean": 52.05034885406494,
        "smape_mean": 38.9478759765625
      },
      "operational": {
        "overload_rate": 0.002124868835257083,
        "sla_violation_rate": 0.002124868835257083,
        "over_provisioning_cost": 43973408.0,
        "asymmetric_op_cost": 44008920.0,
        "u_max_mean": 2.3612592220306396,
        "u_max_max": 4.886115550994873
      }
    }
  }
}