{
  "seed": 789,
  "dataset": "cesnet",
  "loss": "asym",
  "T_eff": 7624,
  "num_links": 20,
  "models": {
    "DLinear": {
      "forecast": {
        "rmse_mean": 36.79733657836914,
        "mae_mean": 29.99843406677246,
        "mape_mean": 142.81840496063234,
        "smape_mean": 67.29502868652344
      },
      "operational": {
        "overload_rate": 0.0006951731374606506,
        "sla_violation_rate": 0.0006951731374606506,
        "over_provisioning_cost": 50235800.0,
        "asymmetric_op_cost": 50308676.0,
        "u_max_mean": 1.671563744544983,
        "u_max_max": 2.76387619972229
      }
    },
    "iTransformer": {
      "forecast": {
        "rmse_mean": 32.84248733520508,
        "mae_mean": 23.328495025634766,
        "mape_mean": 94.89272594451904,
        "smape_mean": 53.74786376953125
      },
      "operational": {
        "overload_rate": 0.0008132214060860441,
        "sla_violation_rate": 0.0008132214060860441,
        "over_provisioning_cost": 49521112.0,
        "asymmetric_op_cost": 49614144.0,
        "u_max_mean": 1.7771518230438232,
        "u_max_max": 2.8274006843566895
      }
    }
  }
}