{
  "seed": 1024,
  "dataset": "geant",
  "loss": "asym",
  "T_eff": 2083,
  "num_links": 58,
  "models": {
    "LSTM": {
      "forecast": {
        "rmse_mean": 2624.497802734375,
        "mae_mean": 2553.386474609375,
        "mape_mean": 993.8273374623266,
        "smape_mean": 135.89840698242188
      },
      "operational": {
        "overload_rate": 0.36553710662671546,
        "sla_violation_rate": 0.36553710662671546,
        "over_provisioning_cost": 217270864.0,
        "asymmetric_op_cost": 868151424.0,
        "u_max_mean": 225523766657024.0,
        "u_max_max": 1838851995729920.0
      }
    },
    "LSTM_CQR": {
      "forecast": {
        "rmse_mean": null,
        "mae_mean": null,
        "mape_mean": null,
        "smape_mean": null
      },
      "operational": {
        "overload_rate": 0.009899514956875858,
        "sla_violation_rate": 0.009899514956875858,
        "over_provisioning_cost": 198225892.32950962,
        "asymmetric_op_cost": 198523501.06487548,
        "u_max_mean": 0.7706685102650241,
        "u_max_max": 3.007118967691433
      },
      "calibration": {
        "method": "cqr",
        "target_alpha": 0.2,
        "qhat_mean": 71.66770722126138,
        "qhat_per_link": [
          -855.1260375976562,
          -346.1105651855469,
          1168.982177734375,
          -472.6003112792969,
          -396.6015625,
          327.435302734375,
          -2172.29833984375,
          -229.769775390625,
          -3340.93115234375,
          -1591.4468994140625,
          -317.0394287109375,
          39.62249755859375,
          -244.82244873046875,
          -517.474853515625,
          1947.981201171875,
          650.7332763671875,
          400.67694091796875,
          134.669677734375,
          943.3651123046875,
          1619.32861328125,
          3165.966796875,
          1280.0413818359375,
          319.31085205078125,
          1366.4674072265625,
          335.74627685546875,
          59.07908630371094,
          771.832275390625,
          -1063.671142578125,
          -243.55999755859375,
          -252.05487060546875,
          15.166423797607422,
          -1298.2626953125,
          105.0347900390625,
          11.757959365844727,
          932.376953125,
          -3432.16455078125,
          918.9910888671875,
          147.33030700683594,
          1.086653709411621,
          1070.1513671875,
          -130.38497924804688,
          0.46523380279541016,
          -2.5146713256835938,
          2271.732666015625,
          1232.193115234375,
          87.82231140136719,
          2.596769332885742,
          -165.85281372070312,
          12.032615661621094,
          -1.1393091678619385,
          -71.00624084472656,
          -1059.02197265625,
          191.344482421875,
          21.66830062866211,
          0.9021060466766357,
          7.990276336669922,
          259.1326904296875,
          539.566650390625
        ],
        "coverage_overall": 0.8229675368748655,
        "mean_width": 2048.127685546875
      }
    },
    "LSTM_ACI": {
      "forecast": {
        "rmse_mean": null,
        "mae_mean": null,
        "mape_mean": null,
        "smape_mean": null
      },
      "operational": {
        "overload_rate": 0.0035095270415680304,
        "sla_violation_rate": 0.0035095270415680304,
        "over_provisioning_cost": 193141244.12399757,
        "asymmetric_op_cost": 193211651.96969497,
        "u_max_mean": 0.768053800376094,
        "u_max_max": 3.332620957259178
      },
      "calibration": {
        "method": "aci",
        "target_alpha": 0.2,
        "gamma": 0.005,
        "window": 500,
        "qhat_mean": -43.10822147747566,
        "alpha_final_mean": 0.25251732758620693,
        "coverage_overall": 0.7569818067442515,
        "mean_width": 1786.590087890625
      }
    }
  },
  "calibration": "both",
  "target_alpha": 0.2
}