{
  "seed": 17,
  "dataset": "abilene",
  "loss": "asym",
  "T_eff": 9606,
  "num_links": 54,
  "models": {
    "DLinear": {
      "forecast": {
        "rmse_mean": 100.27750396728516,
        "mae_mean": 50.88731002807617,
        "mape_mean": 21.195115248362224,
        "smape_mean": 17.632850646972656
      },
      "operational": {
        "overload_rate": 3.855614932025509e-06,
        "sla_violation_rate": 3.855614932025509e-06,
        "over_provisioning_cost": 1380906368.0,
        "asymmetric_op_cost": 1380906624.0,
        "u_max_mean": 0.8531405329704285,
        "u_max_max": 1.0342037677764893
      }
    },
    "iTransformer": {
      "forecast": {
        "rmse_mean": 71.79005432128906,
        "mae_mean": 29.02939796447754,
        "mape_mean": 15.265918890635172,
        "smape_mean": 12.662476539611816
      },
      "operational": {
        "overload_rate": 0.0,
        "sla_violation_rate": 0.0,
        "over_provisioning_cost": 1461001216.0,
        "asymmetric_op_cost": 1461001216.0,
        "u_max_mean": 0.7677121758460999,
        "u_max_max": 0.9258788824081421
      }
    }
  }
}