{
  "seed": 17,
  "dataset": "geant",
  "loss": "asym_l1",
  "T_eff": 2083,
  "num_links": 58,
  "models": {
    "DLinear": {
      "forecast": {
        "rmse_mean": 701.0247802734375,
        "mae_mean": 628.576171875,
        "mape_mean": 131.53029496094277,
        "smape_mean": 74.45157623291016
      },
      "operational": {
        "overload_rate": 0.00046352243945238134,
        "sla_violation_rate": 0.00046352243945238134,
        "over_provisioning_cost": 221703200.0,
        "asymmetric_op_cost": 221914720.0,
        "u_max_mean": 0.587598443031311,
        "u_max_max": 1.2843306064605713
      }
    },
    "iTransformer": {
      "forecast": {
        "rmse_mean": 178.0127410888672,
        "mae_mean": 147.68202209472656,
        "mape_mean": 58.30627715998683,
        "smape_mean": 39.49311828613281
      },
      "operational": {
        "overload_rate": 0.0,
        "sla_violation_rate": 0.0,
        "over_provisioning_cost": 148773792.0,
        "asymmetric_op_cost": 148773792.0,
        "u_max_mean": 0.613223671913147,
        "u_max_max": 0.8215051293373108
      }
    }
  }
}