{
  "seed": 789,
  "dataset": "abilene",
  "loss": "asym",
  "T_eff": 9606,
  "num_links": 54,
  "models": {
    "LSTM": {
      "forecast": {
        "rmse_mean": 162.9257049560547,
        "mae_mean": 110.9205093383789,
        "mape_mean": 56.406700487490056,
        "smape_mean": 39.745635986328125
      },
      "operational": {
        "overload_rate": 0.054555023480694936,
        "sla_violation_rate": 0.054555023480694936,
        "over_provisioning_cost": 526395584.0,
        "asymmetric_op_cost": 556359680.0,
        "u_max_mean": 2.0499768257141113,
        "u_max_max": 7.777365684509277
      }
    },
    "LSTM_CQR": {
      "forecast": {
        "rmse_mean": null,
        "mae_mean": null,
        "mape_mean": null,
        "smape_mean": null
      },
      "operational": {
        "overload_rate": 0.03480849160632629,
        "sla_violation_rate": 0.03480849160632629,
        "over_provisioning_cost": 699853487.7654382,
        "asymmetric_op_cost": 720498899.4127485,
        "u_max_mean": 1.6940924080756476,
        "u_max_max": 6.372032708021767
      },
      "calibration": {
        "method": "cqr",
        "target_alpha": 0.1,
        "qhat_mean": 46.484009223955645,
        "qhat_per_link": [
          1.4173288345336914,
          1.0875967741012573,
          54.486900329589844,
          8.474014282226562,
          63.06500244140625,
          100.65032958984375,
          64.05731201171875,
          87.35330200195312,
          13.154159545898438,
          9.511978149414062,
          57.24785614013672,
          6.907458305358887,
          34.54106903076172,
          22.42195701599121,
          127.0220947265625,
          44.549163818359375,
          35.46881103515625,
          -3.5839996337890625,
          101.09188842773438,
          55.051902770996094,
          63.11451721191406,
          80.96603393554688,
          110.80300903320312,
          66.50652313232422,
          39.85545349121094,
          11.274368286132812,
          17.87590789794922,
          12.316875457763672,
          87.68223571777344,
          32.090545654296875,
          1.447198510169983,
          1.0828410387039185,
          12.735939025878906,
          62.62220764160156,
          37.74126434326172,
          112.29388427734375,
          15.533966064453125,
          16.672874450683594,
          17.30268096923828,
          16.697097778320312,
          64.6513442993164,
          59.48957824707031,
          19.874359130859375,
          20.589420318603516,
          129.56436157226562,
          60.07084655761719,
          145.29806518554688,
          39.32647705078125,
          10.480476379394531,
          2.763153076171875,
          25.88213348388672,
          11.359512329101562,
          81.18536376953125,
          139.00985717773438
        ],
        "coverage_overall": 0.8502864721894495,
        "mean_width": 247.88604736328125
      }
    },
    "LSTM_ACI": {
      "forecast": {
        "rmse_mean": null,
        "mae_mean": null,
        "mape_mean": null,
        "smape_mean": null
      },
      "operational": {
        "overload_rate": 0.0005262914382214819,
        "sla_violation_rate": 0.0005262914382214819,
        "over_provisioning_cost": 910411472.3228513,
        "asymmetric_op_cost": 910676597.6848661,
        "u_max_mean": 1.0893713521116395,
        "u_max_max": 3.1647948908760566
      },
      "calibration": {
        "method": "aci",
        "target_alpha": 0.1,
        "gamma": 0.005,
        "window": 500,
        "qhat_mean": 87.81597296396892,
        "alpha_final_mean": 0.09830627777777788,
        "coverage_overall": 0.8945084476523161,
        "mean_width": 295.97637939453125
      }
    }
  },
  "calibration": "both",
  "target_alpha": 0.1
}