{
  "seed": 42,
  "dataset": "cesnet",
  "loss": "asym",
  "T_eff": 7624,
  "num_links": 20,
  "models": {
    "LSTM": {
      "forecast": {
        "rmse_mean": 40.010982513427734,
        "mae_mean": 33.58596420288086,
        "mape_mean": 188.7604290008545,
        "smape_mean": 72.80110931396484
      },
      "operational": {
        "overload_rate": 0.03151888772298006,
        "sla_violation_rate": 0.03151888772298006,
        "over_provisioning_cost": 14311558.0,
        "asymmetric_op_cost": 15185963.0,
        "u_max_mean": 5.17117166519165,
        "u_max_max": 8.896489143371582
      }
    },
    "LSTM_CQR": {
      "forecast": {
        "rmse_mean": null,
        "mae_mean": null,
        "mape_mean": null,
        "smape_mean": null
      },
      "operational": {
        "overload_rate": 0.017556400839454353,
        "sla_violation_rate": 0.017556400839454353,
        "over_provisioning_cost": 17370078.644386254,
        "asymmetric_op_cost": 17969919.1741428,
        "u_max_mean": 4.512699076112591,
        "u_max_max": 8.510632444577622
      },
      "calibration": {
        "method": "cqr",
        "target_alpha": 0.2,
        "qhat_mean": 10.701371240615845,
        "qhat_per_link": [
          44.81854248046875,
          23.7667236328125,
          21.061569213867188,
          12.297893524169922,
          2.888136386871338,
          5.126870632171631,
          23.382766723632812,
          18.374412536621094,
          11.277191162109375,
          3.0036773681640625,
          11.607662200927734,
          2.248002052307129,
          5.8711724281311035,
          6.871893882751465,
          5.274896144866943,
          5.256887435913086,
          4.180839538574219,
          3.4720945358276367,
          2.11616849899292,
          1.1300244331359863
        ],
        "coverage_overall": 0.7292300629590766,
        "mean_width": 80.4353256225586
      }
    },
    "LSTM_ACI": {
      "forecast": {
        "rmse_mean": null,
        "mae_mean": null,
        "mape_mean": null,
        "smape_mean": null
      },
      "operational": {
        "overload_rate": 0.014290398740818468,
        "sla_violation_rate": 0.014290398740818468,
        "over_provisioning_cost": 19753831.0657024,
        "asymmetric_op_cost": 20210889.088468514,
        "u_max_mean": 4.2336851033498375,
        "u_max_max": 8.680253924171527
      },
      "calibration": {
        "method": "aci",
        "target_alpha": 0.2,
        "gamma": 0.005,
        "window": 500,
        "qhat_mean": 12.05392121076584,
        "alpha_final_mean": 0.19549999999999995,
        "coverage_overall": 0.7867654774396642,
        "mean_width": 80.1151123046875
      }
    }
  },
  "calibration": "both",
  "target_alpha": 0.2
}