{
  "seed": 256,
  "dataset": "abilene",
  "loss": "asym",
  "T_eff": 9606,
  "num_links": 54,
  "models": {
    "LSTM": {
      "forecast": {
        "rmse_mean": 162.82870483398438,
        "mae_mean": 99.08480834960938,
        "mape_mean": 56.70578991925275,
        "smape_mean": 38.63874053955078
      },
      "operational": {
        "overload_rate": 0.06486493780893114,
        "sla_violation_rate": 0.06486493780893114,
        "over_provisioning_cost": 436900864.0,
        "asymmetric_op_cost": 473682304.0,
        "u_max_mean": 2.1990249156951904,
        "u_max_max": 7.57412052154541
      }
    },
    "LSTM_CQR": {
      "forecast": {
        "rmse_mean": null,
        "mae_mean": null,
        "mape_mean": null,
        "smape_mean": null
      },
      "operational": {
        "overload_rate": 0.03422629375159044,
        "sla_violation_rate": 0.03422629375159044,
        "over_provisioning_cost": 580130333.0489751,
        "asymmetric_op_cost": 605381177.1653386,
        "u_max_mean": 1.7347554939523189,
        "u_max_max": 6.15618793131497
      },
      "calibration": {
        "method": "cqr",
        "target_alpha": 0.1,
        "qhat_mean": 51.261463783405446,
        "qhat_per_link": [
          0.7034381628036499,
          2.5837442874908447,
          52.13642883300781,
          11.658466339111328,
          83.86871337890625,
          65.19671630859375,
          63.470672607421875,
          116.75787353515625,
          -11.513076782226562,
          25.6396484375,
          60.34400939941406,
          7.086676597595215,
          39.08343505859375,
          16.459095001220703,
          208.09075927734375,
          5.306182861328125,
          -21.700927734375,
          -8.230461120605469,
          146.20120239257812,
          78.79034423828125,
          85.52763366699219,
          58.66314697265625,
          100.39085388183594,
          110.724365234375,
          -8.084152221679688,
          10.303096771240234,
          27.822830200195312,
          3.9958810806274414,
          93.37319946289062,
          62.880584716796875,
          0.7116826772689819,
          2.7229719161987305,
          38.22119903564453,
          44.01251220703125,
          37.00196838378906,
          163.7288818359375,
          23.270355224609375,
          31.290420532226562,
          10.551355361938477,
          23.002960205078125,
          87.49528503417969,
          50.226104736328125,
          16.064552307128906,
          19.17707061767578,
          172.94775390625,
          42.51324462890625,
          119.70834350585938,
          62.95947265625,
          14.048828125,
          4.286994934082031,
          17.554527282714844,
          17.440902709960938,
          123.94769287109375,
          157.70358276367188
        ],
        "coverage_overall": 0.8494420925193359,
        "mean_width": 252.84361267089844
      }
    },
    "LSTM_ACI": {
      "forecast": {
        "rmse_mean": null,
        "mae_mean": null,
        "mape_mean": null,
        "smape_mean": null
      },
      "operational": {
        "overload_rate": 0.0006284652339201579,
        "sla_violation_rate": 0.0006284652339201579,
        "over_provisioning_cost": 872944768.7362005,
        "asymmetric_op_cost": 873687456.317587,
        "u_max_mean": 1.1028397596960064,
        "u_max_max": 2.0353964598571443
      },
      "calibration": {
        "method": "aci",
        "target_alpha": 0.1,
        "gamma": 0.005,
        "window": 500,
        "qhat_mean": 90.88204948990433,
        "alpha_final_mean": 0.09789888888888898,
        "coverage_overall": 0.89449688080752,
        "mean_width": 306.1676025390625
      }
    }
  },
  "calibration": "both",
  "target_alpha": 0.1
}