{
  "seed": 31337,
  "dataset": "geant",
  "loss": "asym_l1",
  "T_eff": 2083,
  "num_links": 58,
  "models": {
    "DLinear": {
      "forecast": {
        "rmse_mean": 202.02386474609375,
        "mae_mean": 181.38706970214844,
        "mape_mean": 64.06821856005439,
        "smape_mean": 43.99287033081055
      },
      "operational": {
        "overload_rate": 0.001895475689903488,
        "sla_violation_rate": 0.001895475689903488,
        "over_provisioning_cost": 84787088.0,
        "asymmetric_op_cost": 84906328.0,
        "u_max_mean": 0.9327423572540283,
        "u_max_max": 1.9282203912734985
      }
    },
    "iTransformer": {
      "forecast": {
        "rmse_mean": 100.25414276123047,
        "mae_mean": 79.12478637695312,
        "mape_mean": 29.353196440071894,
        "smape_mean": 24.006214141845703
      },
      "operational": {
        "overload_rate": 2.4831559256377573e-05,
        "sla_violation_rate": 2.4831559256377573e-05,
        "over_provisioning_cost": 103458672.0,
        "asymmetric_op_cost": 103458736.0,
        "u_max_mean": 0.8226509690284729,
        "u_max_max": 1.3983601331710815
      }
    }
  }
}