{
  "seed": 789,
  "dataset": "abilene",
  "loss": "asym",
  "T_eff": 9606,
  "num_links": 54,
  "models": {
    "DLinear": {
      "forecast": {
        "rmse_mean": 58.89285659790039,
        "mae_mean": 31.81167984008789,
        "mape_mean": 15.075286944707235,
        "smape_mean": 13.310276985168457
      },
      "operational": {
        "overload_rate": 7.711229864051018e-06,
        "sla_violation_rate": 7.711229864051018e-06,
        "over_provisioning_cost": 1176063744.0,
        "asymmetric_op_cost": 1176064000.0,
        "u_max_mean": 0.9010643362998962,
        "u_max_max": 1.0663155317306519
      }
    },
    "iTransformer": {
      "forecast": {
        "rmse_mean": 51.164947509765625,
        "mae_mean": 21.022497177124023,
        "mape_mean": 11.502953202636153,
        "smape_mean": 10.139922142028809
      },
      "operational": {
        "overload_rate": 3.855614932025509e-06,
        "sla_violation_rate": 3.855614932025509e-06,
        "over_provisioning_cost": 1198006912.0,
        "asymmetric_op_cost": 1198007040.0,
        "u_max_mean": 0.8612757921218872,
        "u_max_max": 1.0679928064346313
      }
    }
  }
}