{
  "seed": 789,
  "dataset": "abilene",
  "loss": "asym",
  "T_eff": 9606,
  "num_links": 54,
  "models": {
    "LSTM": {
      "forecast": {
        "rmse_mean": 162.9257049560547,
        "mae_mean": 110.9205093383789,
        "mape_mean": 56.406700487490056,
        "smape_mean": 39.745635986328125
      },
      "operational": {
        "overload_rate": 0.054555023480694936,
        "sla_violation_rate": 0.054555023480694936,
        "over_provisioning_cost": 526395584.0,
        "asymmetric_op_cost": 556359680.0,
        "u_max_mean": 2.0499768257141113,
        "u_max_max": 7.777365684509277
      }
    }
  }
}