{
  "seed": 17,
  "dataset": "geant",
  "loss": "asym_l1",
  "T_eff": 2083,
  "num_links": 58,
  "models": {
    "DLinear": {
      "forecast": {
        "rmse_mean": 164.80406188964844,
        "mae_mean": 145.09597778320312,
        "mape_mean": 60.37471953753767,
        "smape_mean": 39.51994323730469
      },
      "operational": {
        "overload_rate": 0.005272567748770838,
        "sla_violation_rate": 0.005272567748770838,
        "over_provisioning_cost": 67119872.0,
        "asymmetric_op_cost": 67513976.0,
        "u_max_mean": 1.0446195602416992,
        "u_max_max": 2.686645746231079
      }
    },
    "iTransformer": {
      "forecast": {
        "rmse_mean": 91.3671646118164,
        "mae_mean": 67.87262725830078,
        "mape_mean": 26.34943461418152,
        "smape_mean": 21.852519989013672
      },
      "operational": {
        "overload_rate": 4.966311851275515e-05,
        "sla_violation_rate": 4.966311851275515e-05,
        "over_provisioning_cost": 87304896.0,
        "asymmetric_op_cost": 87305128.0,
        "u_max_mean": 0.9099955558776855,
        "u_max_max": 1.5553587675094604
      }
    }
  }
}