{
  "seed": 31337,
  "dataset": "geant",
  "loss": "asym_l1",
  "T_eff": 2083,
  "num_links": 58,
  "models": {
    "LSTM": {
      "forecast": {
        "rmse_mean": 2584.7607421875,
        "mae_mean": 2553.416015625,
        "mape_mean": 886.7002125279657,
        "smape_mean": 127.15387725830078
      },
      "operational": {
        "overload_rate": 0.3430893770589501,
        "sla_violation_rate": 0.3430893770589501,
        "over_provisioning_cost": 286376960.0,
        "asymmetric_op_cost": 371110848.0,
        "u_max_mean": 214259644497920.0,
        "u_max_max": 2452580139532288.0
      }
    }
  }
}