{
  "seed": 789,
  "dataset": "abilene",
  "loss": "asym_l1",
  "T_eff": 9606,
  "num_links": 54,
  "models": {
    "DLinear": {
      "forecast": {
        "rmse_mean": 243.6212921142578,
        "mae_mean": 147.08299255371094,
        "mape_mean": 58.873824773011386,
        "smape_mean": 40.430660247802734
      },
      "operational": {
        "overload_rate": 0.0,
        "sla_violation_rate": 0.0,
        "over_provisioning_cost": 2026906496.0,
        "asymmetric_op_cost": 2026906496.0,
        "u_max_mean": 0.7090782523155212,
        "u_max_max": 0.9360041618347168
      }
    },
    "iTransformer": {
      "forecast": {
        "rmse_mean": 189.1746826171875,
        "mae_mean": 89.29688262939453,
        "mape_mean": 47.05111093874331,
        "smape_mean": 30.594125747680664
      },
      "operational": {
        "overload_rate": 0.0,
        "sla_violation_rate": 0.0,
        "over_provisioning_cost": 2213627648.0,
        "asymmetric_op_cost": 2213627648.0,
        "u_max_mean": 0.5352298617362976,
        "u_max_max": 0.7851599454879761
      }
    }
  }
}