{
  "seed": 789,
  "dataset": "abilene",
  "loss": "asym_l1",
  "T_eff": 9606,
  "num_links": 54,
  "models": {
    "LSTM": {
      "forecast": {
        "rmse_mean": 302.9731140136719,
        "mae_mean": 271.8778991699219,
        "mape_mean": 152.48360503161396,
        "smape_mean": 71.70975494384766
      },
      "operational": {
        "overload_rate": 0.023544312582413768,
        "sla_violation_rate": 0.023544312582413768,
        "over_provisioning_cost": 900070400.0,
        "asymmetric_op_cost": 1083827584.0,
        "u_max_mean": 1.371997594833374,
        "u_max_max": 5.441580772399902
      }
    }
  }
}