{
  "seed": 456,
  "dataset": "geant",
  "loss": "asym",
  "T_eff": 2083,
  "num_links": 58,
  "models": {
    "LSTM": {
      "forecast": {
        "rmse_mean": 2561.529296875,
        "mae_mean": 2508.745361328125,
        "mape_mean": 955.3667196076492,
        "smape_mean": 127.86653137207031
      },
      "operational": {
        "overload_rate": 0.199951992318771,
        "sla_violation_rate": 0.199951992318771,
        "over_provisioning_cost": 313189824.0,
        "asymmetric_op_cost": 573924288.0,
        "u_max_mean": 67667482378240.0,
        "u_max_max": 1689670735888384.0
      }
    },
    "LSTM_CQR": {
      "forecast": {
        "rmse_mean": null,
        "mae_mean": null,
        "mape_mean": null,
        "smape_mean": null
      },
      "operational": {
        "overload_rate": 0.0031204992798847817,
        "sla_violation_rate": 0.0031204992798847817,
        "over_provisioning_cost": 298107063.59944046,
        "asymmetric_op_cost": 298213119.37811077,
        "u_max_mean": 0.6129466842019785,
        "u_max_max": 1.7761400907807756
      },
      "calibration": {
        "method": "cqr",
        "target_alpha": 0.05,
        "qhat_mean": -97.10633786176813,
        "qhat_per_link": [
          398.9041748046875,
          507.37060546875,
          2042.3564453125,
          -465.2247314453125,
          -340.76348876953125,
          -157.921630859375,
          2812.09912109375,
          -1487.181396484375,
          -1692.8739013671875,
          -1177.620849609375,
          1199.56591796875,
          326.2935791015625,
          1842.110595703125,
          1639.531494140625,
          1665.381591796875,
          -721.4775390625,
          79.72003173828125,
          46.07057189941406,
          723.716796875,
          842.7810668945312,
          2826.06298828125,
          753.0938720703125,
          369.86627197265625,
          -2394.158447265625,
          4.52447509765625,
          22.344711303710938,
          696.4422607421875,
          -2541.496826171875,
          -1878.82958984375,
          -921.862060546875,
          3.5480690002441406,
          -456.83612060546875,
          85.97604370117188,
          0.7078284025192261,
          1248.2994384765625,
          -2770.049072265625,
          -2702.182373046875,
          78.31436157226562,
          11.117444038391113,
          -235.027099609375,
          -155.15191650390625,
          0.0736459493637085,
          3.978313446044922,
          -6545.3212890625,
          523.6201171875,
          -8.141616821289062,
          6.956279754638672,
          424.9294738769531,
          32.93994140625,
          -0.06343019008636475,
          -18.266132354736328,
          622.8643188476562,
          -200.72381591796875,
          99.50233459472656,
          4.727849960327148,
          25.458877563476562,
          -306.41448974609375,
          -425.8306884765625
        ],
        "coverage_overall": 0.966965749002599,
        "mean_width": 3127.070556640625
      }
    },
    "LSTM_ACI": {
      "forecast": {
        "rmse_mean": null,
        "mae_mean": null,
        "mape_mean": null,
        "smape_mean": null
      },
      "operational": {
        "overload_rate": 0.00034764182958928603,
        "sla_violation_rate": 0.00034764182958928603,
        "over_provisioning_cost": 265352452.35408676,
        "asymmetric_op_cost": 265354468.3579911,
        "u_max_mean": 0.6160805050850879,
        "u_max_max": 1.6340075401631444
      },
      "calibration": {
        "method": "aci",
        "target_alpha": 0.05,
        "gamma": 0.005,
        "window": 500,
        "qhat_mean": -429.7929067359916,
        "alpha_final_mean": 0.06837136206896556,
        "coverage_overall": 0.9385170592812091,
        "mean_width": 2386.845947265625
      }
    }
  },
  "calibration": "both",
  "target_alpha": 0.05
}