{
  "seed": 789,
  "dataset": "abilene",
  "loss": "mse",
  "T_eff": 9606,
  "num_links": 54,
  "models": {
    "LSTM": {
      "forecast": {
        "rmse_mean": 178.21572875976562,
        "mae_mean": 96.91585540771484,
        "mape_mean": 45.873075555872035,
        "smape_mean": 36.22444534301758
      },
      "operational": {
        "overload_rate": 0.07780245371334274,
        "sla_violation_rate": 0.07780245371334274,
        "over_provisioning_cost": 298095776.0,
        "asymmetric_op_cost": 307643744.0,
        "u_max_mean": 2.6075756549835205,
        "u_max_max": 8.368002891540527
      }
    }
  }
}