{
  "seed": 99,
  "dataset": "abilene",
  "loss": "asym",
  "T_eff": 9606,
  "num_links": 54,
  "models": {
    "LSTM": {
      "forecast": {
        "rmse_mean": 169.52813720703125,
        "mae_mean": 109.30300903320312,
        "mape_mean": 58.95828515511972,
        "smape_mean": 40.28662109375
      },
      "operational": {
        "overload_rate": 0.056920443241492584,
        "sla_violation_rate": 0.056920443241492584,
        "over_provisioning_cost": 506313280.0,
        "asymmetric_op_cost": 538318592.0,
        "u_max_mean": 2.0628063678741455,
        "u_max_max": 6.957607746124268
      }
    },
    "LSTM_CQR": {
      "forecast": {
        "rmse_mean": null,
        "mae_mean": null,
        "mape_mean": null,
        "smape_mean": null
      },
      "operational": {
        "overload_rate": 0.03676714399179525,
        "sla_violation_rate": 0.03676714399179525,
        "over_provisioning_cost": 636206598.068926,
        "asymmetric_op_cost": 660178019.6927282,
        "u_max_mean": 1.725567749011249,
        "u_max_max": 6.606656568227768
      },
      "calibration": {
        "method": "cqr",
        "target_alpha": 0.2,
        "qhat_mean": 19.763902134365505,
        "qhat_per_link": [
          0.33130812644958496,
          -0.06878280639648438,
          32.00035095214844,
          6.878551483154297,
          42.3468017578125,
          88.49929809570312,
          24.534652709960938,
          -5.7747802734375,
          5.4769439697265625,
          5.6102142333984375,
          39.33629608154297,
          1.2594823837280273,
          24.61579132080078,
          9.867637634277344,
          32.2120361328125,
          35.03814697265625,
          14.5150146484375,
          -20.30704116821289,
          7.404510498046875,
          41.74207305908203,
          25.386856079101562,
          56.703125,
          25.893173217773438,
          24.127975463867188,
          11.264617919921875,
          -0.8308486938476562,
          7.691619873046875,
          8.382892608642578,
          37.868804931640625,
          11.50738525390625,
          0.2661161422729492,
          -0.051465749740600586,
          11.058357238769531,
          30.372756958007812,
          38.214263916015625,
          25.687103271484375,
          -11.12310791015625,
          20.283721923828125,
          6.450347900390625,
          -9.057968139648438,
          31.426109313964844,
          40.12689208984375,
          4.753089904785156,
          7.88037109375,
          69.6593017578125,
          26.921340942382812,
          66.72006225585938,
          25.724319458007812,
          0.696563720703125,
          -1.2440261840820312,
          -1.1591339111328125,
          4.038421630859375,
          34.812744140625,
          51.280426025390625
        ],
        "coverage_overall": 0.7761449248540649,
        "mean_width": 239.5045928955078
      }
    },
    "LSTM_ACI": {
      "forecast": {
        "rmse_mean": null,
        "mae_mean": null,
        "mape_mean": null,
        "smape_mean": null
      },
      "operational": {
        "overload_rate": 0.0015827299295964714,
        "sla_violation_rate": 0.0015827299295964714,
        "over_provisioning_cost": 817612637.7831556,
        "asymmetric_op_cost": 818291893.7712384,
        "u_max_mean": 1.2028346299550412,
        "u_max_max": 3.1123195377124504
      },
      "calibration": {
        "method": "aci",
        "target_alpha": 0.2,
        "gamma": 0.005,
        "window": 500,
        "qhat_mean": 38.717945664017286,
        "alpha_final_mean": 0.19337062962962964,
        "coverage_overall": 0.7893947455679706,
        "mean_width": 269.37835693359375
      }
    }
  },
  "calibration": "both",
  "target_alpha": 0.2
}