{
  "seed": 100003,
  "dataset": "geant",
  "loss": "asym",
  "T_eff": 2083,
  "num_links": 58,
  "models": {
    "LSTM": {
      "forecast": {
        "rmse_mean": 2932.664306640625,
        "mae_mean": 2882.05908203125,
        "mape_mean": 1245.1863647000544,
        "smape_mean": 133.48399353027344
      },
      "operational": {
        "overload_rate": 0.16599897362888408,
        "sla_violation_rate": 0.16599897362888408,
        "over_provisioning_cost": 454508032.0,
        "asymmetric_op_cost": 545308160.0,
        "u_max_mean": 117229781778432.0,
        "u_max_max": 2641998397833216.0
      }
    },
    "LSTM_CQR": {
      "forecast": {
        "rmse_mean": null,
        "mae_mean": null,
        "mape_mean": null,
        "smape_mean": null
      },
      "operational": {
        "overload_rate": 0.00865793699405698,
        "sla_violation_rate": 0.00865793699405698,
        "over_provisioning_cost": 466436115.01375186,
        "asymmetric_op_cost": 466809260.24951446,
        "u_max_mean": 0.6454827994300516,
        "u_max_max": 1.7626030238627
      },
      "calibration": {
        "method": "cqr",
        "target_alpha": 0.05,
        "qhat_mean": 1002.3580389094764,
        "qhat_per_link": [
          -1166.582275390625,
          422.15966796875,
          3418.0703125,
          119.5543212890625,
          -246.13232421875,
          -1564.8525390625,
          -3179.640380859375,
          2934.11474609375,
          3165.747314453125,
          -1745.86279296875,
          83.5606689453125,
          137.79730224609375,
          6373.13720703125,
          -430.9070129394531,
          1328.7933349609375,
          172.49365234375,
          401.5423583984375,
          33.822784423828125,
          -380.4761962890625,
          5033.87939453125,
          5033.75,
          2029.3699951171875,
          380.054443359375,
          1870.8292236328125,
          806.40087890625,
          -23.71343994140625,
          1291.78564453125,
          4164.67041015625,
          16197.251953125,
          -133.21380615234375,
          49.41380310058594,
          1017.9895629882812,
          -100.20889282226562,
          3.3596243858337402,
          1284.935546875,
          7702.7158203125,
          -1773.6368408203125,
          -58.58586120605469,
          9.226930618286133,
          148.99880981445312,
          52.554931640625,
          1.4011577367782593,
          35.7755126953125,
          4938.4697265625,
          -39.45161437988281,
          -88.92332458496094,
          6.839995384216309,
          1018.857177734375,
          159.66835021972656,
          0.57671719789505,
          -48.358882904052734,
          -5175.30615234375,
          311.1166687011719,
          5.610771179199219,
          0.867145299911499,
          11.775314331054688,
          262.2702331542969,
          1871.4091796875
        ],
        "coverage_overall": 0.9335921333620276,
        "mean_width": 4340.6552734375
      }
    },
    "LSTM_ACI": {
      "forecast": {
        "rmse_mean": null,
        "mae_mean": null,
        "mape_mean": null,
        "smape_mean": null
      },
      "operational": {
        "overload_rate": 0.0005131855579651365,
        "sla_violation_rate": 0.0005131855579651365,
        "over_provisioning_cost": 462334035.8299607,
        "asymmetric_op_cost": 462337107.30050266,
        "u_max_mean": 0.6431765962540109,
        "u_max_max": 2.135028186143539
      },
      "calibration": {
        "method": "aci",
        "target_alpha": 0.05,
        "gamma": 0.005,
        "window": 500,
        "qhat_mean": 788.0160563721739,
        "alpha_final_mean": 0.06422481034482773,
        "coverage_overall": 0.9380783684010131,
        "mean_width": 3940.4716796875
      }
    }
  },
  "calibration": "both",
  "target_alpha": 0.05
}